Enterprise,OrgName,Project,Collection,InfraId,Repository,Type
Client X,Org A,Project 172,Collection 3436,52648,Repo 3827,Subversion
Client X,Org A,Project 172,Collection 3688,84366,Repo 3964,Subversion
Client X,Org A,Project 1,Collection 148,43299,Repo 5408,Subversion
Client X,Org A,Project 1,Collection 148,45713,Repo 5873,Jira
Client X,Org A,Project 1,Collection 2076,83725,Repo 2996,Subversion
Client X,Org A,Project 1,Collection 2316,83807,Repo 3149,Subversion
Client X,Org A,Project 1,Collection 294,83808,Repo 3150,Subversion
Client X,Org A,Project 1,Collection 2424,83861,Repo 3246,Subversion
Client X,Org A,Project 1,Collection 2586,52262,Repo 3342,Subversion
Client X,Org A,Project 1,Collection 779,42096,Repo 1282,Subversion
Client X,Org A,Project 1,Collection 779,44510,Repo 6715,Jira
Client X,Org A,Project 1,Collection 3450,42097,Repo 1283,Subversion
Client X,Org A,Project 1,Collection 3450,44511,Repo 6716,Jira
Client X,Org A,Project 1,Collection 3478,42109,Repo 1300,Subversion
Client X,Org A,Project 1,Collection 3478,44523,Repo 6732,Jira
Client X,Org A,Project 1,Collection 1341,79622,Repo 4902,Subversion
Client X,Org A,Project 1,Collection 5591,79558,Repo 5227,Subversion
Client X,Org A,Project 1,Collection 5592,79559,Repo 5228,Subversion
Client X,Org A,Project 1,Collection 5653,43146,Repo 2637,Subversion
Client X,Org A,Project 1,Collection 5653,45560,Repo 7718,Jira
Client X,Org A,Project 173,Collection 3154,52499,Repo 1071,Subversion
Client X,Org A,Project 2,Collection 540,41825,Repo 910,Subversion
Client X,Org A,Project 2,Collection 540,44239,Repo 6446,Jira
Client X,Org A,Project 2,Collection 803,42122,Repo 1315,Subversion
Client X,Org A,Project 2,Collection 803,44536,Repo 6745,Jira
Client X,Org A,Project 2,Collection 1310,42766,Repo 2176,Subversion
Client X,Org A,Project 2,Collection 1310,45180,Repo 7383,Jira
Client X,Org A,Project 3,Collection 1455,53589,Repo 2438,Subversion
Client X,Org A,Project 174,Collection 1786,51910,Repo 2803,Subversion
Client X,Org A,Project 174,Collection 1976,79417,Repo 2932,Subversion
Client X,Org A,Project 174,Collection 1981,52006,Repo 2934,Subversion
Client X,Org A,Project 175,Collection 2326,52164,Repo 3157,Subversion
Client X,Org A,Project 175,Collection 4531,53199,Repo 2008,Subversion
Client X,Org A,Project 176,Collection 5022,53401,Repo 2200,Subversion
Client X,Org A,Project 4,Collection 541,41826,Repo 912,Subversion
Client X,Org A,Project 4,Collection 541,44240,Repo 6447,Jira
Client X,Org A,Project 5,Collection 2936,52385,Repo 3507,Subversion
Client X,Org A,Project 5,Collection 1326,43268,Repo 5378,Subversion
Client X,Org A,Project 5,Collection 1326,45682,Repo 7408,Jira
Client X,Org A,Project 177,Collection 3193,52520,Repo 3673,Subversion
Client X,Org A,Project 6,Collection 390,63858,Repo 3341,Subversion
Client X,Org A,Project 6,Collection 463,63866,Repo 3435,Subversion
Client X,Org A,Project 6,Collection 786,42099,Repo 1288,Subversion
Client X,Org A,Project 6,Collection 786,44513,Repo 6720,Jira
Client X,Org A,Project 178,Collection 2020,52028,Repo 266,Subversion
Client X,Org A,Project 178,Collection 3117,52486,Repo 1053,Subversion
Client X,Org A,Project 178,Collection 3437,52651,Repo 1269,Subversion
Client X,Org A,Project 7,Collection 521,41747,Repo 831,Subversion
Client X,Org A,Project 7,Collection 521,44161,Repo 6367,Jira
Client X,Org A,Project 7,Collection 2995,52419,Repo 3544,Subversion
Client X,Org A,Project 7,Collection 3890,43366,Repo 5511,Subversion
Client X,Org A,Project 7,Collection 3890,45780,Repo 6943,Jira
Client X,Org A,Project 7,Collection 967,42345,Repo 1640,Subversion
Client X,Org A,Project 7,Collection 967,44759,Repo 6969,Jira
Client X,Org A,Project 179,Collection 3929,52927,Repo 1641,Subversion
Client X,Org A,Project 8,Collection 1401,42909,Repo 2317,Subversion
Client X,Org A,Project 8,Collection 1401,45323,Repo 7490,Jira
Client X,Org A,Project 8,Collection 5184,42910,Repo 2318,Subversion
Client X,Org A,Project 8,Collection 5184,45324,Repo 7491,Jira
Client X,Org A,Project 9,Collection 329,52193,Repo 3224,Subversion
Client X,Org A,Project 9,Collection 610,41910,Repo 1020,Subversion
Client X,Org A,Project 9,Collection 610,44324,Repo 6534,Jira
Client X,Org A,Project 9,Collection 611,97481,Repo 3595,Subversion
Client X,Org A,Project 9,Collection 3101,41929,Repo 1038,Subversion
Client X,Org A,Project 9,Collection 3101,44343,Repo 6549,Jira
Client X,Org A,Project 9,Collection 951,52915,Repo 4066,Subversion
Client X,Org A,Project 9,Collection 1165,82645,Repo 4431,Subversion
Client X,Org A,Project 9,Collection 1281,43266,Repo 5376,Subversion
Client X,Org A,Project 9,Collection 1281,45680,Repo 7365,Jira
Client X,Org A,Project 9,Collection 4930,53364,Repo 4806,Subversion
Client X,Org A,Project 9,Collection 5185,53496,Repo 2319,Subversion
Client X,Org A,Project 10,Collection 845,82609,Repo 3940,Subversion
Client X,Org A,Project 180,Collection 2099,52065,Repo 3025,Subversion
Client X,Org A,Project 181,Collection 2097,52064,Repo 324,Subversion
Client X,Org A,Project 181,Collection 2100,52066,Repo 328,Subversion
Client X,Org A,Project 181,Collection 2101,52067,Repo 327,Subversion
Client X,Org A,Project 181,Collection 2102,52068,Repo 5417,Subversion
Client X,Org A,Project 182,Collection 2317,52159,Repo 472,Subversion
Client X,Org A,Project 183,Collection 3364,52616,Repo 3780,Subversion
Client X,Org A,Project 184,Collection 2931,52381,Repo 913,Subversion
Client X,Org A,Project 184,Collection 3396,52631,Repo 5488,Subversion
Client X,Org A,Project 185,Collection 3932,52935,Repo 1644,Subversion
Client X,Org A,Project 186,Collection 2921,63870,Repo 3497,Subversion
Client X,Org A,Project 186,Collection 2923,63871,Repo 3499,Subversion
Client X,Org A,Project 186,Collection 2925,79326,Repo 3500,Subversion
Client X,Org A,Project 186,Collection 2927,79457,Repo 3502,Subversion
Client X,Org A,Project 186,Collection 2928,63873,Repo 3503,Subversion
Client X,Org A,Project 186,Collection 2929,63874,Repo 3504,Subversion
Client X,Org A,Project 186,Collection 2930,63875,Repo 3505,Subversion
Client X,Org A,Project 187,Collection 2325,54668,Repo 3156,Subversion
Client X,Org A,Project 187,Collection 3917,84436,Repo 4082,Subversion
Client X,Org A,Project 188,Collection 3077,52460,Repo 3594,Subversion
Client X,Org A,Project 11,Collection 1162,97292,Repo 4428,Subversion
Client X,Org A,Project 189,Collection 3088,52465,Repo 1031,Subversion
Client X,Org A,Project 189,Collection 3466,52668,Repo 3847,Subversion
Client X,Org A,Project 189,Collection 5221,53507,Repo 2364,Subversion
Client X,Org A,Project 190,Collection 2677,52302,Repo 679,Subversion
Client X,Org A,Project 190,Collection 2678,52303,Repo 678,Subversion
Client X,Org A,Project 190,Collection 3205,52524,Repo 1103,Subversion
Client X,Org A,Project 190,Collection 3545,52712,Repo 1343,Subversion
Client X,Org A,Project 190,Collection 4472,53172,Repo 1977,Subversion
Client X,Org A,Project 190,Collection 4476,53174,Repo 1979,Subversion
Client X,Org A,Project 190,Collection 4479,53176,Repo 5540,Subversion
Client X,Org A,Project 191,Collection 4475,53173,Repo 1978,Subversion
Client X,Org A,Project 191,Collection 4478,53175,Repo 1981,Subversion
Client X,Org A,Project 12,Collection 1155,53164,Repo 5539,Subversion
Client X,Org A,Project 12,Collection 1160,79613,Repo 4425,Subversion
Client X,Org A,Project 12,Collection 1161,54713,Repo 4427,Subversion
Client X,Org A,Project 192,Collection 2788,52344,Repo 775,Subversion
Client X,Org A,Project 13,Collection 1385,53484,Repo 5567,Subversion
Client X,Org A,Project 193,Collection 4138,84517,Repo 4234,Subversion
Client X,Org B,Project 194,Collection 3530,52698,Repo 1333,Subversion
Client X,Org B,Project 194,Collection 3531,52699,Repo 1332,Subversion
Client X,Org B,Project 195,Collection 1821,51924,Repo 149,Subversion
Client X,Org B,Project 195,Collection 1961,41253,Repo 222,Subversion
Client X,Org B,Project 195,Collection 1961,43667,Repo 5849,Jira
Client X,Org B,Project 195,Collection 1969,41261,Repo 229,Subversion
Client X,Org B,Project 195,Collection 1969,43675,Repo 5856,Jira
Client X,Org B,Project 195,Collection 1970,41262,Repo 230,Subversion
Client X,Org B,Project 195,Collection 1970,43676,Repo 5857,Jira
Client X,Org B,Project 195,Collection 3259,52553,Repo 1143,Subversion
Client X,Org B,Project 195,Collection 4203,53048,Repo 1800,Subversion
Client X,Org B,Project 14,Collection 853,42197,Repo 1432,Subversion
Client X,Org B,Project 14,Collection 853,44611,Repo 6815,Jira
Client X,Org B,Project 196,Collection 4206,42471,Repo 1804,Subversion
Client X,Org B,Project 196,Collection 4206,44885,Repo 7091,Jira
Client X,Org B,Project 197,Collection 2695,52314,Repo 695,Subversion
Client X,Org B,Project 198,Collection 2466,41505,Repo 545,Subversion
Client X,Org B,Project 198,Collection 2466,43919,Repo 6118,Jira
Client X,Org B,Project 198,Collection 4424,53142,Repo 1932,Subversion
Client X,Org B,Project 198,Collection 5619,43133,Repo 2616,Subversion
Client X,Org B,Project 198,Collection 5619,45547,Repo 7705,Jira
Client X,Org B,Project 199,Collection 3309,42019,Repo 1179,Subversion
Client X,Org B,Project 199,Collection 3309,44433,Repo 6646,Jira
Client X,Org B,Project 200,Collection 1927,41243,Repo 201,Subversion
Client X,Org B,Project 200,Collection 1927,43657,Repo 5840,Jira
Client X,Org B,Project 200,Collection 3260,52554,Repo 1144,Subversion
Client X,Org B,Project 200,Collection 4409,42572,Repo 1923,Subversion
Client X,Org B,Project 200,Collection 4409,44986,Repo 7193,Jira
Client X,Org B,Project 201,Collection 2511,52239,Repo 579,Subversion
Client X,Org B,Project 202,Collection 2050,52046,Repo 286,Subversion
Client X,Org B,Project 202,Collection 2563,52250,Repo 601,Subversion
Client X,Org B,Project 202,Collection 2595,52267,Repo 620,Subversion
Client X,Org B,Project 202,Collection 3368,52619,Repo 1223,Subversion
Client X,Org B,Project 202,Collection 4232,53060,Repo 1818,Subversion
Client X,Org B,Project 202,Collection 4924,53362,Repo 2146,Subversion
Client X,Org B,Project 202,Collection 4933,53366,Repo 2150,Subversion
Client X,Org B,Project 202,Collection 5084,53430,Repo 2244,Subversion
Client X,Org B,Project 202,Collection 5234,42955,Repo 2375,Subversion
Client X,Org B,Project 202,Collection 5234,45369,Repo 7539,Jira
Client X,Org B,Project 202,Collection 5261,42967,Repo 2399,Subversion
Client X,Org B,Project 202,Collection 5261,45381,Repo 7553,Jira
Client X,Org B,Project 15,Collection 735,42031,Repo 1196,Subversion
Client X,Org B,Project 15,Collection 735,44445,Repo 6659,Jira
Client X,Org B,Project 15,Collection 5150,53474,Repo 2290,Subversion
Client X,Org B,Project 15,Collection 5391,53614,Repo 2467,Subversion
Client X,Org B,Project 15,Collection 1511,43079,Repo 2536,Subversion
Client X,Org B,Project 15,Collection 1511,45493,Repo 7651,Jira
Client X,Org B,Project 15,Collection 1543,43106,Repo 2573,Subversion
Client X,Org B,Project 15,Collection 1543,45520,Repo 7676,Jira
Client X,Org B,Project 16,Collection 3537,42137,Repo 1335,Subversion
Client X,Org B,Project 16,Collection 3537,44551,Repo 6759,Jira
Client X,Org B,Project 16,Collection 841,42180,Repo 1405,Subversion
Client X,Org B,Project 16,Collection 841,44594,Repo 6800,Jira
Client X,Org B,Project 16,Collection 5137,53467,Repo 2279,Subversion
Client X,Org B,Project 17,Collection 3036,52437,Repo 993,Subversion
Client X,Org B,Project 17,Collection 3221,41970,Repo 1111,Subversion
Client X,Org B,Project 17,Collection 3221,44384,Repo 6594,Jira
Client X,Org B,Project 17,Collection 1583,43155,Repo 2647,Subversion
Client X,Org B,Project 17,Collection 1583,45569,Repo 7728,Jira
Client X,Org B,Project 203,Collection 3278,52562,Repo 1157,Subversion
Client X,Org B,Project 203,Collection 3913,42334,Repo 1629,Subversion
Client X,Org B,Project 203,Collection 3913,44748,Repo 6958,Jira
Client X,Org B,Project 203,Collection 5109,53446,Repo 2260,Subversion
Client X,Org B,Project 203,Collection 5110,53449,Repo 2261,Subversion
Client X,Org B,Project 203,Collection 5113,42868,Repo 2264,Subversion
Client X,Org B,Project 203,Collection 5113,45282,Repo 7453,Jira
Client X,Org B,Project 204,Collection 3443,42093,Repo 1276,Subversion
Client X,Org B,Project 204,Collection 3443,44507,Repo 6712,Jira
Client X,Org B,Project 204,Collection 4213,53053,Repo 1811,Subversion
Client X,Org B,Project 205,Collection 3125,52489,Repo 1059,Subversion
Client X,Org B,Project 18,Collection 496,41696,Repo 769,Subversion
Client X,Org B,Project 18,Collection 496,44110,Repo 6316,Jira
Client X,Org B,Project 18,Collection 2948,41838,Repo 929,Subversion
Client X,Org B,Project 18,Collection 2948,44252,Repo 6462,Jira
Client X,Org B,Project 18,Collection 4928,42743,Repo 2148,Subversion
Client X,Org B,Project 18,Collection 4928,45157,Repo 7364,Jira
Client X,Org B,Project 19,Collection 469,41658,Repo 728,Subversion
Client X,Org B,Project 19,Collection 469,44072,Repo 6271,Jira
Client X,Org B,Project 19,Collection 2757,52328,Repo 748,Subversion
Client X,Org B,Project 19,Collection 2758,41680,Repo 752,Subversion
Client X,Org B,Project 19,Collection 2758,44094,Repo 6299,Jira
Client X,Org B,Project 19,Collection 2761,41684,Repo 756,Subversion
Client X,Org B,Project 19,Collection 2761,44098,Repo 6304,Jira
Client X,Org B,Project 19,Collection 3098,52470,Repo 1035,Subversion
Client X,Org B,Project 19,Collection 3583,42160,Repo 1371,Subversion
Client X,Org B,Project 19,Collection 3583,44574,Repo 6781,Jira
Client X,Org B,Project 19,Collection 3792,43237,Repo 5349,Subversion
Client X,Org B,Project 19,Collection 3792,45651,Repo 6894,Jira
Client X,Org B,Project 19,Collection 4255,53073,Repo 4311,Subversion
Client X,Org B,Project 19,Collection 4301,42517,Repo 1860,Subversion
Client X,Org B,Project 19,Collection 4301,44931,Repo 7135,Jira
Client X,Org B,Project 19,Collection 4371,42555,Repo 1897,Subversion
Client X,Org B,Project 19,Collection 4371,44969,Repo 7169,Jira
Client X,Org B,Project 19,Collection 4384,53119,Repo 1910,Subversion
Client X,Org B,Project 19,Collection 1279,42738,Repo 2138,Subversion
Client X,Org B,Project 19,Collection 1279,45152,Repo 7359,Jira
Client X,Org B,Project 19,Collection 4952,53379,Repo 2164,Subversion
Client X,Org B,Project 19,Collection 5412,53623,Repo 2474,Subversion
Client X,Org B,Project 206,Collection 2673,41613,Repo 675,Subversion
Client X,Org B,Project 206,Collection 2673,44027,Repo 6223,Jira
Client X,Org B,Project 207,Collection 2064,41313,Repo 298,Subversion
Client X,Org B,Project 207,Collection 2064,43727,Repo 5912,Jira
Client X,Org B,Project 208,Collection 2183,83761,Repo 3068,Subversion
Client X,Org B,Project 208,Collection 2615,41577,Repo 634,Subversion
Client X,Org B,Project 208,Collection 2615,43991,Repo 6183,Jira
Client X,Org B,Project 208,Collection 3279,52563,Repo 1158,Subversion
Client X,Org B,Project 208,Collection 5142,84884,Repo 4955,Subversion
Client X,Org B,Project 20,Collection 1671,41133,Repo 65,Subversion
Client X,Org B,Project 20,Collection 1671,43547,Repo 5739,Jira
Client X,Org B,Project 20,Collection 2823,41722,Repo 803,Subversion
Client X,Org B,Project 20,Collection 2823,44136,Repo 6340,Jira
Client X,Org B,Project 20,Collection 506,41724,Repo 805,Subversion
Client X,Org B,Project 20,Collection 506,44138,Repo 6342,Jira
Client X,Org B,Project 20,Collection 961,42331,Repo 1626,Subversion
Client X,Org B,Project 20,Collection 961,44745,Repo 6955,Jira
Client X,Org B,Project 20,Collection 5263,42974,Repo 2401,Subversion
Client X,Org B,Project 20,Collection 5263,45388,Repo 7555,Jira
Client X,Org B,Project 209,Collection 2110,52076,Repo 332,Subversion
Client X,Org B,Project 209,Collection 2333,41453,Repo 481,Subversion
Client X,Org B,Project 209,Collection 2333,43867,Repo 6060,Jira
Client X,Org B,Project 209,Collection 2334,52169,Repo 3161,Subversion
Client X,Org B,Project 209,Collection 2570,41550,Repo 606,Subversion
Client X,Org B,Project 209,Collection 2570,43964,Repo 6159,Jira
Client X,Org B,Project 209,Collection 3079,41913,Repo 1023,Subversion
Client X,Org B,Project 209,Collection 3079,44327,Repo 6537,Jira
Client X,Org B,Project 209,Collection 3081,41915,Repo 1025,Subversion
Client X,Org B,Project 209,Collection 3081,44329,Repo 6539,Jira
Client X,Org B,Project 209,Collection 3329,52594,Repo 1197,Subversion
Client X,Org B,Project 209,Collection 4174,84529,Repo 4256,Subversion
Client X,Org B,Project 209,Collection 4175,53037,Repo 1783,Subversion
Client X,Org B,Project 209,Collection 4176,84530,Repo 4255,Subversion
Client X,Org B,Project 209,Collection 5254,42962,Repo 2390,Subversion
Client X,Org B,Project 209,Collection 5254,45376,Repo 7547,Jira
Client X,Org B,Project 209,Collection 5394,84976,Repo 5090,Subversion
Client X,Org B,Project 209,Collection 5398,53617,Repo 2470,Subversion
Client X,Org B,Project 209,Collection 5399,53618,Repo 2469,Subversion
Client X,Org B,Project 209,Collection 5400,84977,Repo 5093,Subversion
Client X,Org B,Project 209,Collection 5575,43116,Repo 2588,Subversion
Client X,Org B,Project 209,Collection 5575,45530,Repo 7688,Jira
Client X,Org B,Project 209,Collection 5624,43136,Repo 2619,Subversion
Client X,Org B,Project 209,Collection 5624,45550,Repo 7707,Jira
Client X,Org B,Project 210,Collection 3354,52611,Repo 1212,Subversion
Client X,Org B,Project 210,Collection 5324,42994,Repo 2429,Subversion
Client X,Org B,Project 210,Collection 5324,45408,Repo 7577,Jira
Client X,Org B,Project 211,Collection 2122,41345,Repo 338,Subversion
Client X,Org B,Project 211,Collection 2122,43759,Repo 5945,Jira
Client X,Org B,Project 211,Collection 2123,52082,Repo 339,Subversion
Client X,Org B,Project 21,Collection 750,42060,Repo 5486,Subversion
Client X,Org B,Project 21,Collection 750,44474,Repo 6680,Jira
Client X,Org B,Project 21,Collection 4034,42389,Repo 1702,Subversion
Client X,Org B,Project 21,Collection 4034,44803,Repo 7010,Jira
Client X,Org B,Project 21,Collection 4307,53090,Repo 1863,Subversion
Client X,Org B,Project 21,Collection 4311,53094,Repo 4346,Subversion
Client X,Org B,Project 21,Collection 4357,42541,Repo 1888,Subversion
Client X,Org B,Project 21,Collection 4357,44955,Repo 7158,Jira
Client X,Org B,Project 21,Collection 5531,43097,Repo 2565,Subversion
Client X,Org B,Project 21,Collection 5531,45511,Repo 7669,Jira
Client X,Org B,Project 22,Collection 1484,84998,Repo 5120,Subversion
Client X,Org B,Project 22,Collection 5569,43113,Repo 2585,Subversion
Client X,Org B,Project 22,Collection 5569,45527,Repo 7684,Jira
Client X,Org B,Project 22,Collection 5570,43114,Repo 2584,Subversion
Client X,Org B,Project 22,Collection 5570,45528,Repo 7685,Jira
Client X,Org B,Project 212,Collection 2318,52160,Repo 473,Subversion
Client X,Org B,Project 212,Collection 3283,42009,Repo 1161,Subversion
Client X,Org B,Project 212,Collection 3283,44423,Repo 6637,Jira
Client X,Org B,Project 213,Collection 3411,52641,Repo 1241,Subversion
Client X,Org B,Project 213,Collection 3830,42299,Repo 1573,Subversion
Client X,Org B,Project 213,Collection 3830,44713,Repo 6919,Jira
Client X,Org B,Project 214,Collection 4370,42554,Repo 1896,Subversion
Client X,Org B,Project 214,Collection 4370,44968,Repo 7168,Jira
Client X,Org B,Project 215,Collection 5192,53498,Repo 2331,Subversion
Client X,Org B,Project 215,Collection 5202,42929,Repo 2343,Subversion
Client X,Org B,Project 215,Collection 5202,45343,Repo 7513,Jira
Client X,Org B,Project 216,Collection 5419,43030,Repo 2476,Subversion
Client X,Org B,Project 216,Collection 5419,45444,Repo 7604,Jira
Client X,Org B,Project 217,Collection 3039,41889,Repo 996,Subversion
Client X,Org B,Project 217,Collection 3039,44303,Repo 6517,Jira
Client X,Org B,Project 217,Collection 3040,41890,Repo 995,Subversion
Client X,Org B,Project 217,Collection 3040,44304,Repo 6518,Jira
Client X,Org B,Project 217,Collection 4380,53117,Repo 1906,Subversion
Client X,Org B,Project 217,Collection 4382,53118,Repo 1908,Subversion
Client X,Org B,Project 23,Collection 2179,41379,Repo 385,Subversion
Client X,Org B,Project 23,Collection 2179,43793,Repo 5979,Jira
Client X,Org B,Project 23,Collection 2351,41457,Repo 486,Subversion
Client X,Org B,Project 23,Collection 2351,43871,Repo 6064,Jira
Client X,Org B,Project 23,Collection 2403,52197,Repo 508,Subversion
Client X,Org B,Project 23,Collection 2590,52264,Repo 617,Subversion
Client X,Org B,Project 23,Collection 3051,52445,Repo 1007,Subversion
Client X,Org B,Project 23,Collection 998,42395,Repo 1710,Subversion
Client X,Org B,Project 23,Collection 998,44809,Repo 7016,Jira
Client X,Org B,Project 23,Collection 4058,42396,Repo 1711,Subversion
Client X,Org B,Project 23,Collection 4058,44810,Repo 7017,Jira
Client X,Org B,Project 23,Collection 4060,42398,Repo 1713,Subversion
Client X,Org B,Project 23,Collection 4060,44812,Repo 7019,Jira
Client X,Org B,Project 23,Collection 4061,52987,Repo 1714,Subversion
Client X,Org B,Project 23,Collection 4062,42399,Repo 1715,Subversion
Client X,Org B,Project 23,Collection 4062,44813,Repo 7020,Jira
Client X,Org B,Project 23,Collection 4063,52988,Repo 1716,Subversion
Client X,Org B,Project 23,Collection 4103,42429,Repo 1740,Subversion
Client X,Org B,Project 23,Collection 4103,44843,Repo 7047,Jira
Client X,Org B,Project 23,Collection 1339,42802,Repo 2217,Subversion
Client X,Org B,Project 23,Collection 1339,45216,Repo 7422,Jira
Client X,Org B,Project 218,Collection 4164,53031,Repo 1774,Subversion
Client X,Org B,Project 218,Collection 4388,53121,Repo 1912,Subversion
Client X,Org B,Project 218,Collection 4389,53122,Repo 1913,Subversion
Client X,Org B,Project 218,Collection 5372,53603,Repo 2458,Subversion
Client X,Org B,Project 219,Collection 2213,43308,Repo 5426,Subversion
Client X,Org B,Project 219,Collection 2213,45722,Repo 5992,Jira
Client X,Org B,Project 219,Collection 2790,41705,Repo 778,Subversion
Client X,Org B,Project 219,Collection 2790,44119,Repo 6324,Jira
Client X,Org B,Project 219,Collection 3037,41888,Repo 994,Subversion
Client X,Org B,Project 219,Collection 3037,44302,Repo 6516,Jira
Client X,Org B,Project 219,Collection 3291,42013,Repo 1168,Subversion
Client X,Org B,Project 219,Collection 3291,44427,Repo 6641,Jira
Client X,Org B,Project 219,Collection 3350,42047,Repo 1209,Subversion
Client X,Org B,Project 219,Collection 3350,44461,Repo 6668,Jira
Client X,Org B,Project 219,Collection 3505,42127,Repo 1320,Subversion
Client X,Org B,Project 219,Collection 3505,44541,Repo 6750,Jira
Client X,Org B,Project 219,Collection 4891,43387,Repo 5550,Subversion
Client X,Org B,Project 219,Collection 4891,45801,Repo 7344,Jira
Client X,Org B,Project 219,Collection 4917,42740,Repo 2143,Subversion
Client X,Org B,Project 219,Collection 4917,45154,Repo 7362,Jira
Client X,Org B,Project 220,Collection 4253,53071,Repo 1826,Subversion
Client X,Org B,Project 221,Collection 2462,52220,Repo 544,Subversion
Client X,Org B,Project 221,Collection 3123,52488,Repo 1057,Subversion
Client X,Org B,Project 221,Collection 3334,52597,Repo 1200,Subversion
Client X,Org B,Project 221,Collection 3337,52598,Repo 1204,Subversion
Client X,Org B,Project 221,Collection 3647,52773,Repo 1420,Subversion
Client X,Org B,Project 221,Collection 5311,53578,Repo 2422,Subversion
Client X,Org B,Project 222,Collection 2135,41354,Repo 354,Subversion
Client X,Org B,Project 222,Collection 2135,43768,Repo 5954,Jira
Client X,Org B,Project 222,Collection 2163,52104,Repo 379,Subversion
Client X,Org B,Project 222,Collection 3859,52898,Repo 1594,Subversion
Client X,Org B,Project 222,Collection 3887,52914,Repo 1611,Subversion
Client X,Org B,Project 223,Collection 2040,83714,Repo 2981,Subversion
Client X,Org B,Project 224,Collection 1618,83540,Repo 2698,Subversion
Client X,Org B,Project 224,Collection 3984,42366,Repo 1671,Subversion
Client X,Org B,Project 224,Collection 3984,44780,Repo 6990,Jira
Client X,Org B,Project 224,Collection 3985,42367,Repo 1672,Subversion
Client X,Org B,Project 224,Collection 3985,44781,Repo 6991,Jira
Client X,Org B,Project 225,Collection 2029,41298,Repo 274,Subversion
Client X,Org B,Project 225,Collection 2029,43712,Repo 5895,Jira
Client X,Org B,Project 225,Collection 2030,41299,Repo 275,Subversion
Client X,Org B,Project 225,Collection 2030,43713,Repo 5897,Jira
Client X,Org B,Project 226,Collection 2061,52053,Repo 292,Subversion
Client X,Org B,Project 227,Collection 4116,84509,Repo 4213,Subversion
Client X,Org B,Project 228,Collection 1958,51992,Repo 221,Subversion
Client X,Org B,Project 228,Collection 4256,53074,Repo 1828,Subversion
Client X,Org B,Project 24,Collection 300,63840,Repo 3166,Subversion
Client X,Org B,Project 24,Collection 2454,63851,Repo 3260,Subversion
Client X,Org B,Project 24,Collection 2455,63852,Repo 3261,Subversion
Client X,Org B,Project 24,Collection 354,63853,Repo 3262,Subversion
Client X,Org B,Project 24,Collection 1436,64093,Repo 5008,Subversion
Client X,Org B,Project 229,Collection 5346,84963,Repo 5060,Subversion
Client X,Org B,Project 230,Collection 2603,52273,Repo 625,Subversion
Client X,Org B,Project 231,Collection 3086,41919,Repo 1030,Subversion
Client X,Org B,Project 231,Collection 3086,44333,Repo 6542,Jira
Client X,Org B,Project 232,Collection 2924,52380,Repo 911,Subversion
Client X,Org B,Project 233,Collection 1851,51941,Repo 166,Subversion
Client X,Org B,Project 233,Collection 2485,41519,Repo 561,Subversion
Client X,Org B,Project 233,Collection 2485,43933,Repo 6132,Jira
Client X,Org B,Project 233,Collection 3629,52760,Repo 1410,Subversion
Client X,Org B,Project 233,Collection 4323,42530,Repo 1872,Subversion
Client X,Org B,Project 233,Collection 4323,44944,Repo 7148,Jira
Client X,Org B,Project 233,Collection 4931,53365,Repo 2149,Subversion
Client X,Org B,Project 234,Collection 3612,52748,Repo 1394,Subversion
Client X,Org B,Project 235,Collection 1831,51927,Repo 154,Subversion
Client X,Org B,Project 236,Collection 1746,41163,Repo 111,Subversion
Client X,Org B,Project 236,Collection 1746,43577,Repo 5767,Jira
Client X,Org B,Project 236,Collection 3678,52790,Repo 1446,Subversion
Client X,Org B,Project 236,Collection 3852,52894,Repo 1590,Subversion
Client X,Org B,Project 236,Collection 4188,42459,Repo 1792,Subversion
Client X,Org B,Project 236,Collection 4188,44873,Repo 7081,Jira
Client X,Org B,Project 236,Collection 4189,42460,Repo 1793,Subversion
Client X,Org B,Project 236,Collection 4189,44874,Repo 7082,Jira
Client X,Org B,Project 236,Collection 4208,53050,Repo 1806,Subversion
Client X,Org B,Project 236,Collection 4209,53051,Repo 1807,Subversion
Client X,Org B,Project 25,Collection 96,41200,Repo 152,Subversion
Client X,Org B,Project 25,Collection 96,43614,Repo 5805,Jira
Client X,Org B,Project 25,Collection 4846,84784,Repo 4769,Subversion
Client X,Org B,Project 25,Collection 5568,85037,Repo 5213,Subversion
Client X,Org B,Project 237,Collection 1599,83532,Repo 2683,Subversion
Client X,Org B,Project 237,Collection 4083,84498,Repo 4183,Subversion
Client X,Org B,Project 237,Collection 4309,84598,Repo 4345,Subversion
Client X,Org B,Project 237,Collection 4337,84609,Repo 4359,Subversion
Client X,Org B,Project 237,Collection 4353,84632,Repo 4373,Subversion
Client X,Org B,Project 238,Collection 1745,51892,Repo 110,Subversion
Client X,Org B,Project 239,Collection 4195,53044,Repo 1796,Subversion
Client X,Org B,Project 26,Collection 1819,83616,Repo 2827,Subversion
Client X,Org B,Project 26,Collection 1868,41208,Repo 171,Subversion
Client X,Org B,Project 26,Collection 1868,43622,Repo 5814,Jira
Client X,Org B,Project 26,Collection 801,84291,Repo 3865,Subversion
Client X,Org B,Project 26,Collection 3597,52741,Repo 1384,Subversion
Client X,Org B,Project 26,Collection 3598,52742,Repo 1385,Subversion
Client X,Org B,Project 26,Collection 3618,42174,Repo 1399,Subversion
Client X,Org B,Project 26,Collection 3618,44588,Repo 6793,Jira
Client X,Org B,Project 26,Collection 3818,84400,Repo 4021,Subversion
Client X,Org B,Project 26,Collection 3865,84410,Repo 4039,Subversion
Client X,Org B,Project 26,Collection 3920,42339,Repo 1632,Subversion
Client X,Org B,Project 26,Collection 3920,44753,Repo 6963,Jira
Client X,Org B,Project 26,Collection 4111,42431,Repo 1745,Subversion
Client X,Org B,Project 26,Collection 4111,44845,Repo 7049,Jira
Client X,Org B,Project 26,Collection 4513,53193,Repo 1997,Subversion
Client X,Org B,Project 26,Collection 4938,42747,Repo 2155,Subversion
Client X,Org B,Project 26,Collection 4938,45161,Repo 7368,Jira
Client X,Org B,Project 26,Collection 5567,43112,Repo 2583,Subversion
Client X,Org B,Project 26,Collection 5567,45526,Repo 7683,Jira
Client X,Org B,Project 240,Collection 3448,52659,Repo 1280,Subversion
Client X,Org B,Project 240,Collection 3449,52660,Repo 1281,Subversion
Client X,Org B,Project 240,Collection 3453,52663,Repo 1286,Subversion
Client X,Org B,Project 240,Collection 3455,52664,Repo 1287,Subversion
Client X,Org B,Project 240,Collection 3596,52740,Repo 1383,Subversion
Client X,Org B,Project 241,Collection 3614,52751,Repo 1395,Subversion
Client X,Org B,Project 242,Collection 2320,41451,Repo 475,Subversion
Client X,Org B,Project 242,Collection 2320,43865,Repo 6056,Jira
Client X,Org B,Project 27,Collection 930,79605,Repo 4036,Subversion
Client X,Org B,Project 27,Collection 4346,84621,Repo 4368,Subversion
Client X,Org B,Project 27,Collection 4351,84630,Repo 4372,Subversion
Client X,Org B,Project 27,Collection 4926,64277,Repo 4803,Subversion
Client X,Org B,Project 243,Collection 2018,83699,Repo 2961,Subversion
Client X,Org B,Project 244,Collection 4460,42598,Repo 1965,Subversion
Client X,Org B,Project 244,Collection 4460,45012,Repo 7222,Jira
Client X,Org B,Project 245,Collection 2233,52138,Repo 414,Subversion
Client X,Org B,Project 245,Collection 5529,53693,Repo 2564,Subversion
Client X,Org B,Project 246,Collection 5026,84837,Repo 4884,Subversion
Client X,Org B,Project 247,Collection 1620,41095,Repo 15,Subversion
Client X,Org B,Project 247,Collection 1620,43509,Repo 5697,Jira
Client X,Org B,Project 248,Collection 4419,53137,Repo 4407,Subversion
Client X,Org B,Project 249,Collection 1690,51867,Repo 79,Subversion
Client X,Org B,Project 249,Collection 5274,42976,Repo 2405,Subversion
Client X,Org B,Project 249,Collection 5274,45390,Repo 7559,Jira
Client X,Org B,Project 249,Collection 5583,53720,Repo 2594,Subversion
Client X,Org B,Project 28,Collection 1661,51856,Repo 58,Subversion
Client X,Org B,Project 28,Collection 1700,51873,Repo 84,Subversion
Client X,Org B,Project 28,Collection 863,42215,Repo 1457,Subversion
Client X,Org B,Project 28,Collection 863,44629,Repo 6829,Jira
Client X,Org B,Project 250,Collection 5365,53599,Repo 2452,Subversion
Client X,Org B,Project 251,Collection 5362,43017,Repo 2448,Subversion
Client X,Org B,Project 251,Collection 5362,45431,Repo 7590,Jira
Client X,Org B,Project 252,Collection 4949,42755,Repo 2161,Subversion
Client X,Org B,Project 252,Collection 4949,45169,Repo 7371,Jira
Client X,Org B,Project 29,Collection 1577,43488,Repo 5679,Subversion
Client X,Org B,Project 29,Collection 1577,45902,Repo 7717,Jira
Client X,Org B,Project 253,Collection 2315,52158,Repo 471,Subversion
Client X,Org B,Project 253,Collection 2321,83810,Repo 3151,Subversion
Client X,Org B,Project 253,Collection 4345,84619,Repo 4367,Subversion
Client X,Org B,Project 254,Collection 3419,52638,Repo 1246,Subversion
Client X,Org B,Project 254,Collection 5496,43085,Repo 2544,Subversion
Client X,Org B,Project 254,Collection 5496,45499,Repo 7658,Jira
Client X,Org B,Project 255,Collection 1800,51916,Repo 140,Subversion
Client X,Org B,Project 255,Collection 1801,51917,Repo 139,Subversion
Client X,Org B,Project 255,Collection 2494,52228,Repo 566,Subversion
Client X,Org B,Project 255,Collection 2557,52249,Repo 599,Subversion
Client X,Org B,Project 255,Collection 3707,52801,Repo 1469,Subversion
Client X,Org B,Project 255,Collection 4438,53148,Repo 1943,Subversion
Client X,Org B,Project 255,Collection 5059,53414,Repo 2224,Subversion
Client X,Org B,Project 255,Collection 5216,53505,Repo 2360,Subversion
Client X,Org B,Project 255,Collection 5361,53598,Repo 2447,Subversion
Client X,Org B,Project 256,Collection 3532,52701,Repo 3885,Subversion
Client X,Org C,Project 257,Collection 3668,84360,Repo 3956,Subversion
Client X,Org C,Project 258,Collection 2296,83796,Repo 3137,Subversion
Client X,Org C,Project 258,Collection 2297,83797,Repo 3138,Subversion
Client X,Org C,Project 258,Collection 2298,83799,Repo 3140,Subversion
Client X,Org C,Project 258,Collection 2299,83800,Repo 3141,Subversion
Client X,Org C,Project 258,Collection 2301,83802,Repo 3143,Subversion
Client X,Org C,Project 258,Collection 5584,85044,Repo 5222,Subversion
Client X,Org C,Project 259,Collection 3131,84145,Repo 3621,Subversion
Client X,Org C,Project 260,Collection 2226,63830,Repo 3092,Subversion
Client X,Org C,Project 261,Collection 2371,52186,Repo 3196,Subversion
Client X,Org C,Project 262,Collection 2413,52203,Repo 513,Subversion
Client X,Org C,Project 262,Collection 4265,64003,Repo 4317,Subversion
Client X,Org C,Project 30,Collection 14,83539,Repo 2696,Subversion
Client X,Org C,Project 30,Collection 2079,83726,Repo 3000,Subversion
Client X,Org C,Project 30,Collection 2115,83744,Repo 3036,Subversion
Client X,Org C,Project 30,Collection 2680,84042,Repo 3417,Subversion
Client X,Org C,Project 30,Collection 2806,84067,Repo 3467,Subversion
Client X,Org C,Project 30,Collection 2809,84068,Repo 3468,Subversion
Client X,Org C,Project 30,Collection 3045,84107,Repo 3571,Subversion
Client X,Org C,Project 30,Collection 3049,84113,Repo 3576,Subversion
Client X,Org C,Project 30,Collection 3357,42050,Repo 1214,Subversion
Client X,Org C,Project 30,Collection 3357,44464,Repo 6670,Jira
Client X,Org C,Project 30,Collection 761,84223,Repo 3822,Subversion
Client X,Org C,Project 30,Collection 757,84246,Repo 3817,Subversion
Client X,Org C,Project 30,Collection 798,84279,Repo 3858,Subversion
Client X,Org C,Project 30,Collection 3873,84416,Repo 4051,Subversion
Client X,Org C,Project 30,Collection 960,84434,Repo 4080,Subversion
Client X,Org C,Project 30,Collection 985,84456,Repo 4129,Subversion
Client X,Org C,Project 30,Collection 4013,52969,Repo 1689,Subversion
Client X,Org C,Project 30,Collection 1022,84506,Repo 4204,Subversion
Client X,Org C,Project 30,Collection 4117,84510,Repo 4214,Subversion
Client X,Org C,Project 30,Collection 4132,84514,Repo 4229,Subversion
Client X,Org C,Project 30,Collection 5002,84827,Repo 4869,Subversion
Client X,Org C,Project 30,Collection 5133,84878,Repo 4950,Subversion
Client X,Org C,Project 31,Collection 1775,51904,Repo 2795,Subversion
Client X,Org C,Project 31,Collection 216,52072,Repo 5418,Subversion
Client X,Org C,Project 31,Collection 2204,52128,Repo 5423,Subversion
Client X,Org C,Project 31,Collection 2722,84048,Repo 3436,Subversion
Client X,Org C,Project 31,Collection 3294,52574,Repo 3742,Subversion
Client X,Org C,Project 31,Collection 719,63911,Repo 3743,Subversion
Client X,Org C,Project 31,Collection 3338,52599,Repo 1205,Subversion
Client X,Org C,Project 31,Collection 3410,42074,Repo 1240,Subversion
Client X,Org C,Project 31,Collection 3410,44488,Repo 6688,Jira
Client X,Org C,Project 31,Collection 3405,63922,Repo 3811,Subversion
Client X,Org C,Project 31,Collection 3482,79642,Repo 3857,Subversion
Client X,Org C,Project 31,Collection 910,52862,Repo 1544,Subversion
Client X,Org C,Project 31,Collection 3974,52946,Repo 4119,Subversion
Client X,Org C,Project 31,Collection 980,52947,Repo 5514,Subversion
Client X,Org C,Project 31,Collection 982,52951,Repo 1667,Subversion
Client X,Org C,Project 31,Collection 4046,97289,Repo 4161,Subversion
Client X,Org C,Project 31,Collection 4583,53224,Repo 4512,Subversion
Client X,Org C,Project 31,Collection 4919,79526,Repo 4799,Subversion
Client X,Org C,Project 31,Collection 5082,53429,Repo 2241,Subversion
Client X,Org C,Project 31,Collection 1450,53579,Repo 5040,Subversion
Client X,Org C,Project 31,Collection 1559,79629,Repo 5236,Subversion
Client X,Org C,Project 31,Collection 5630,43140,Repo 2624,Subversion
Client X,Org C,Project 31,Collection 5630,45554,Repo 7711,Jira
Client X,Org C,Project 32,Collection 74,83590,Repo 2779,Subversion
Client X,Org C,Project 32,Collection 1954,83678,Repo 2910,Subversion
Client X,Org C,Project 32,Collection 2400,83851,Repo 3228,Subversion
Client X,Org C,Project 32,Collection 2685,97264,Repo 3420,Subversion
Client X,Org C,Project 32,Collection 454,84044,Repo 3421,Subversion
Client X,Org C,Project 32,Collection 488,84049,Repo 3447,Subversion
Client X,Org C,Project 32,Collection 2766,84050,Repo 3448,Subversion
Client X,Org C,Project 32,Collection 489,84051,Repo 3449,Subversion
Client X,Org C,Project 32,Collection 3017,63879,Repo 3553,Subversion
Client X,Org C,Project 32,Collection 3018,84099,Repo 3554,Subversion
Client X,Org C,Project 32,Collection 3399,63919,Repo 3802,Subversion
Client X,Org C,Project 32,Collection 3400,63920,Repo 3803,Subversion
Client X,Org C,Project 32,Collection 753,84213,Repo 3804,Subversion
Client X,Org C,Project 32,Collection 3407,84214,Repo 3813,Subversion
Client X,Org C,Project 32,Collection 785,84269,Repo 3837,Subversion
Client X,Org C,Project 32,Collection 3454,82595,Repo 3838,Subversion
Client X,Org C,Project 32,Collection 4247,82640,Repo 4307,Subversion
Client X,Org C,Project 32,Collection 5652,85076,Repo 5265,Subversion
Client X,Org C,Project 33,Collection 1682,83561,Repo 2730,Subversion
Client X,Org C,Project 33,Collection 1914,79567,Repo 2888,Subversion
Client X,Org C,Project 33,Collection 252,83773,Repo 3086,Subversion
Client X,Org C,Project 33,Collection 289,83798,Repo 3139,Subversion
Client X,Org C,Project 33,Collection 2300,83801,Repo 3142,Subversion
Client X,Org C,Project 33,Collection 2302,83803,Repo 3144,Subversion
Client X,Org C,Project 33,Collection 2357,53766,Repo 2659,Subversion
Client X,Org C,Project 33,Collection 3132,84146,Repo 3622,Subversion
Client X,Org C,Project 33,Collection 3969,84450,Repo 4116,Subversion
Client X,Org C,Project 34,Collection 1670,79408,Repo 2724,Subversion
Client X,Org C,Project 34,Collection 1695,64131,Repo 2739,Subversion
Client X,Org C,Project 34,Collection 79,51905,Repo 126,Subversion
Client X,Org C,Project 34,Collection 1937,51973,Repo 209,Subversion
Client X,Org C,Project 34,Collection 2026,79308,Repo 2964,Subversion
Client X,Org C,Project 34,Collection 2033,64153,Repo 2967,Subversion
Client X,Org C,Project 34,Collection 172,63814,Repo 2970,Subversion
Client X,Org C,Project 34,Collection 2034,83709,Repo 2971,Subversion
Client X,Org C,Project 34,Collection 174,82524,Repo 2974,Subversion
Client X,Org C,Project 34,Collection 2164,54662,Repo 3057,Subversion
Client X,Org C,Project 34,Collection 2202,63827,Repo 2658,Subversion
Client X,Org C,Project 34,Collection 2271,82545,Repo 3125,Subversion
Client X,Org C,Project 34,Collection 2273,83791,Repo 3127,Subversion
Client X,Org C,Project 34,Collection 292,41449,Repo 467,Subversion
Client X,Org C,Project 34,Collection 292,43863,Repo 6053,Jira
Client X,Org C,Project 34,Collection 2311,52154,Repo 468,Subversion
Client X,Org C,Project 34,Collection 2312,52155,Repo 469,Subversion
Client X,Org C,Project 34,Collection 2369,52185,Repo 5433,Subversion
Client X,Org C,Project 34,Collection 2411,52200,Repo 5437,Subversion
Client X,Org C,Project 34,Collection 336,52204,Repo 514,Subversion
Client X,Org C,Project 34,Collection 490,52332,Repo 763,Subversion
Client X,Org C,Project 34,Collection 2926,63872,Repo 3501,Subversion
Client X,Org C,Project 34,Collection 3200,52522,Repo 1098,Subversion
Client X,Org C,Project 34,Collection 3201,52523,Repo 1099,Subversion
Client X,Org C,Project 34,Collection 678,52539,Repo 5478,Subversion
Client X,Org C,Project 34,Collection 687,84176,Repo 3711,Subversion
Client X,Org C,Project 34,Collection 688,52548,Repo 3713,Subversion
Client X,Org C,Project 34,Collection 699,84178,Repo 3723,Subversion
Client X,Org C,Project 34,Collection 3311,97486,Repo 3752,Subversion
Client X,Org C,Project 34,Collection 3376,52622,Repo 3789,Subversion
Client X,Org C,Project 34,Collection 760,52635,Repo 1244,Subversion
Client X,Org C,Project 34,Collection 3416,64216,Repo 3821,Subversion
Client X,Org C,Project 34,Collection 764,42073,Repo 1247,Subversion
Client X,Org C,Project 34,Collection 764,44487,Repo 6692,Jira
Client X,Org C,Project 34,Collection 3412,63923,Repo 3818,Subversion
Client X,Org C,Project 34,Collection 3439,52653,Repo 1272,Subversion
Client X,Org C,Project 34,Collection 860,82610,Repo 3965,Subversion
Client X,Org C,Project 34,Collection 3754,43360,Repo 5503,Subversion
Client X,Org C,Project 34,Collection 3754,45774,Repo 6868,Jira
Client X,Org C,Project 34,Collection 983,82622,Repo 4123,Subversion
Client X,Org C,Project 34,Collection 3988,84454,Repo 4127,Subversion
Client X,Org C,Project 34,Collection 3989,84455,Repo 4128,Subversion
Client X,Org C,Project 34,Collection 4184,53040,Repo 1790,Subversion
Client X,Org C,Project 34,Collection 1057,82634,Repo 4262,Subversion
Client X,Org C,Project 34,Collection 1112,84616,Repo 4364,Subversion
Client X,Org C,Project 34,Collection 1113,84617,Repo 4365,Subversion
Client X,Org C,Project 34,Collection 4963,53783,Repo 4822,Subversion
Client X,Org C,Project 34,Collection 4964,84815,Repo 4824,Subversion
Client X,Org C,Project 34,Collection 5250,54743,Repo 4995,Subversion
Client X,Org C,Project 34,Collection 5326,82678,Repo 5046,Subversion
Client X,Org C,Project 34,Collection 5368,43022,Repo 2455,Subversion
Client X,Org C,Project 34,Collection 5368,45436,Repo 7595,Jira
Client X,Org C,Project 34,Collection 5424,64111,Repo 2670,Subversion
Client X,Org C,Project 34,Collection 1471,53629,Repo 5114,Subversion
Client X,Org C,Project 34,Collection 1515,82687,Repo 5146,Subversion
Client X,Org C,Project 34,Collection 1516,64313,Repo 5147,Subversion
Client X,Org C,Project 34,Collection 1517,53668,Repo 5148,Subversion
Client X,Org C,Project 34,Collection 1518,64113,Repo 5149,Subversion
Client X,Org C,Project 34,Collection 1519,53670,Repo 5150,Subversion
Client X,Org C,Project 34,Collection 1521,53672,Repo 5151,Subversion
Client X,Org C,Project 34,Collection 5492,64314,Repo 5153,Subversion
Client X,Org C,Project 34,Collection 5493,64315,Repo 5154,Subversion
Client X,Org C,Project 34,Collection 5494,64316,Repo 5155,Subversion
Client X,Org C,Project 34,Collection 1523,43086,Repo 2549,Subversion
Client X,Org C,Project 34,Collection 1523,45500,Repo 7659,Jira
Client X,Org C,Project 34,Collection 1524,79626,Repo 5163,Subversion
Client X,Org C,Project 34,Collection 5511,64317,Repo 5171,Subversion
Client X,Org C,Project 35,Collection 50,83556,Repo 2729,Subversion
Client X,Org C,Project 35,Collection 1780,83598,Repo 2799,Subversion
Client X,Org C,Project 35,Collection 1846,83624,Repo 2844,Subversion
Client X,Org C,Project 35,Collection 1948,51985,Repo 213,Subversion
Client X,Org C,Project 35,Collection 170,83707,Repo 2968,Subversion
Client X,Org C,Project 35,Collection 171,83708,Repo 2969,Subversion
Client X,Org C,Project 35,Collection 173,52037,Repo 279,Subversion
Client X,Org C,Project 35,Collection 175,83710,Repo 2975,Subversion
Client X,Org C,Project 35,Collection 176,83711,Repo 2976,Subversion
Client X,Org C,Project 35,Collection 177,83712,Repo 2977,Subversion
Client X,Org C,Project 35,Collection 178,97473,Repo 2978,Subversion
Client X,Org C,Project 35,Collection 2037,97256,Repo 2979,Subversion
Client X,Org C,Project 35,Collection 219,83746,Repo 3038,Subversion
Client X,Org C,Project 35,Collection 2118,63819,Repo 3039,Subversion
Client X,Org C,Project 35,Collection 229,83754,Repo 3048,Subversion
Client X,Org C,Project 35,Collection 2162,53765,Repo 2657,Subversion
Client X,Org C,Project 35,Collection 2195,83768,Repo 3078,Subversion
Client X,Org C,Project 35,Collection 249,83771,Repo 3080,Subversion
Client X,Org C,Project 35,Collection 2207,83772,Repo 3083,Subversion
Client X,Org C,Project 35,Collection 315,83830,Repo 3195,Subversion
Client X,Org C,Project 35,Collection 2398,83850,Repo 3227,Subversion
Client X,Org C,Project 35,Collection 335,83856,Repo 3235,Subversion
Client X,Org C,Project 35,Collection 2414,79318,Repo 3236,Subversion
Client X,Org C,Project 35,Collection 363,83875,Repo 3273,Subversion
Client X,Org C,Project 35,Collection 2583,83946,Repo 3340,Subversion
Client X,Org C,Project 35,Collection 393,83952,Repo 3350,Subversion
Client X,Org C,Project 35,Collection 396,83957,Repo 3355,Subversion
Client X,Org C,Project 35,Collection 2611,83963,Repo 3364,Subversion
Client X,Org C,Project 35,Collection 2612,83964,Repo 3365,Subversion
Client X,Org C,Project 35,Collection 2626,84010,Repo 3388,Subversion
Client X,Org C,Project 35,Collection 440,84021,Repo 3403,Subversion
Client X,Org C,Project 35,Collection 573,84088,Repo 3536,Subversion
Client X,Org C,Project 35,Collection 3222,63901,Repo 3695,Subversion
Client X,Org C,Project 35,Collection 677,84168,Repo 3703,Subversion
Client X,Org C,Project 35,Collection 3444,84264,Repo 3830,Subversion
Client X,Org C,Project 35,Collection 3446,52657,Repo 3831,Subversion
Client X,Org C,Project 35,Collection 827,84338,Repo 3913,Subversion
Client X,Org C,Project 35,Collection 843,84346,Repo 3929,Subversion
Client X,Org C,Project 35,Collection 3657,84354,Repo 3951,Subversion
Client X,Org C,Project 35,Collection 3672,42204,Repo 1441,Subversion
Client X,Org C,Project 35,Collection 3672,44618,Repo 6818,Jira
Client X,Org C,Project 35,Collection 3706,52800,Repo 1467,Subversion
Client X,Org C,Project 35,Collection 890,84385,Repo 3995,Subversion
Client X,Org C,Project 35,Collection 3877,84418,Repo 4053,Subversion
Client X,Org C,Project 35,Collection 944,84421,Repo 4057,Subversion
Client X,Org C,Project 35,Collection 956,63966,Repo 4073,Subversion
Client X,Org C,Project 35,Collection 3904,79493,Repo 4074,Subversion
Client X,Org C,Project 35,Collection 4029,84486,Repo 4149,Subversion
Client X,Org C,Project 35,Collection 1009,84499,Repo 4185,Subversion
Client X,Org C,Project 35,Collection 4246,84562,Repo 4306,Subversion
Client X,Org C,Project 35,Collection 1127,84641,Repo 4386,Subversion
Client X,Org C,Project 35,Collection 4465,84659,Repo 4422,Subversion
Client X,Org C,Project 35,Collection 4490,53181,Repo 1990,Subversion
Client X,Org C,Project 35,Collection 4492,84665,Repo 4436,Subversion
Client X,Org C,Project 35,Collection 4936,53368,Repo 2153,Subversion
Client X,Org C,Project 35,Collection 4956,64278,Repo 4816,Subversion
Client X,Org C,Project 35,Collection 5067,84858,Repo 4910,Subversion
Client X,Org C,Project 35,Collection 5255,53526,Repo 2391,Subversion
Client X,Org C,Project 35,Collection 5257,53528,Repo 2394,Subversion
Client X,Org C,Project 35,Collection 5370,53601,Repo 2456,Subversion
Client X,Org C,Project 35,Collection 5404,79540,Repo 5095,Subversion
Client X,Org C,Project 35,Collection 5427,43032,Repo 2478,Subversion
Client X,Org C,Project 35,Collection 5427,45446,Repo 7606,Jira
Client X,Org C,Project 35,Collection 5434,53630,Repo 2484,Subversion
Client X,Org C,Project 35,Collection 5438,53634,Repo 2491,Subversion
Client X,Org C,Project 35,Collection 1548,43111,Repo 2581,Subversion
Client X,Org C,Project 35,Collection 1548,45525,Repo 7682,Jira
Client X,Org C,Project 35,Collection 5566,53710,Repo 2582,Subversion
Client X,Org C,Project 35,Collection 5597,53724,Repo 2598,Subversion
Client X,Org C,Project 35,Collection 5600,53725,Repo 2600,Subversion
Client X,Org C,Project 35,Collection 5601,43122,Repo 2601,Subversion
Client X,Org C,Project 35,Collection 5601,45536,Repo 7696,Jira
Client X,Org C,Project 36,Collection 2137,41355,Repo 355,Subversion
Client X,Org C,Project 36,Collection 2137,43769,Repo 5955,Jira
Client X,Org C,Project 36,Collection 2138,52093,Repo 356,Subversion
Client X,Org C,Project 36,Collection 461,63864,Repo 3429,Subversion
Client X,Org C,Project 36,Collection 2696,41629,Repo 696,Subversion
Client X,Org C,Project 36,Collection 2696,44043,Repo 6238,Jira
Client X,Org C,Project 36,Collection 2992,79329,Repo 3542,Subversion
Client X,Org C,Project 36,Collection 3066,79331,Repo 3588,Subversion
Client X,Org C,Project 36,Collection 612,52463,Repo 1029,Subversion
Client X,Org C,Project 36,Collection 3085,64195,Repo 3596,Subversion
Client X,Org C,Project 36,Collection 3139,52495,Repo 3628,Subversion
Client X,Org C,Project 36,Collection 848,63941,Repo 3947,Subversion
Client X,Org C,Project 36,Collection 3666,52783,Repo 1437,Subversion
Client X,Org C,Project 36,Collection 4147,53020,Repo 1763,Subversion
Client X,Org C,Project 36,Collection 5337,64101,Repo 5052,Subversion
Client X,Org C,Project 36,Collection 5340,84960,Repo 5054,Subversion
Client X,Org C,Project 37,Collection 2310,79316,Repo 3148,Subversion
Client X,Org C,Project 37,Collection 2560,83930,Repo 3324,Subversion
Client X,Org C,Project 37,Collection 3064,52454,Repo 1014,Subversion
Client X,Org C,Project 37,Collection 3413,84215,Repo 3820,Subversion
Client X,Org C,Project 37,Collection 3408,84218,Repo 3814,Subversion
Client X,Org C,Project 37,Collection 875,52809,Repo 1476,Subversion
Client X,Org C,Project 38,Collection 2,83528,Repo 2672,Subversion
Client X,Org C,Project 38,Collection 3,83529,Repo 2673,Subversion
Client X,Org C,Project 38,Collection 10,79404,Repo 2688,Subversion
Client X,Org C,Project 38,Collection 11,79562,Repo 2689,Subversion
Client X,Org C,Project 38,Collection 1998,97472,Repo 2950,Subversion
Client X,Org C,Project 38,Collection 145,83693,Repo 2951,Subversion
Client X,Org C,Project 38,Collection 2068,41314,Repo 300,Subversion
Client X,Org C,Project 38,Collection 2068,43728,Repo 5914,Jira
Client X,Org C,Project 38,Collection 2340,52173,Repo 3168,Subversion
Client X,Org C,Project 38,Collection 333,52202,Repo 3234,Subversion
Client X,Org C,Project 38,Collection 334,82552,Repo 3233,Subversion
Client X,Org C,Project 38,Collection 338,63846,Repo 3239,Subversion
Client X,Org C,Project 38,Collection 2418,63847,Repo 3240,Subversion
Client X,Org C,Project 38,Collection 2768,97266,Repo 3450,Subversion
Client X,Org C,Project 38,Collection 491,97267,Repo 3451,Subversion
Client X,Org C,Project 38,Collection 3495,84287,Repo 3862,Subversion
Client X,Org C,Project 38,Collection 3603,84342,Repo 3919,Subversion
Client X,Org C,Project 38,Collection 3643,52770,Repo 3946,Subversion
Client X,Org C,Project 38,Collection 3770,79350,Repo 4005,Subversion
Client X,Org C,Project 38,Collection 971,84443,Repo 4097,Subversion
Client X,Org C,Project 38,Collection 4057,82629,Repo 4168,Subversion
Client X,Org C,Project 38,Collection 4245,84561,Repo 4305,Subversion
Client X,Org C,Project 38,Collection 5166,84895,Repo 4972,Subversion
Client X,Org C,Project 38,Collection 5251,84915,Repo 4993,Subversion
Client X,Org C,Project 38,Collection 5252,97507,Repo 4994,Subversion
Client X,Org C,Project 38,Collection 5393,64305,Repo 5089,Subversion
Client X,Org C,Project 38,Collection 5411,79542,Repo 5101,Subversion
Client X,Org C,Project 38,Collection 5643,53744,Repo 2631,Subversion
Client X,Org C,Project 39,Collection 1691,51868,Repo 80,Subversion
Client X,Org C,Project 39,Collection 181,52045,Repo 285,Subversion
Client X,Org C,Project 39,Collection 2051,52047,Repo 287,Subversion
Client X,Org C,Project 39,Collection 2053,52048,Repo 288,Subversion
Client X,Org C,Project 39,Collection 2817,52360,Repo 798,Subversion
Client X,Org C,Project 39,Collection 3541,42141,Repo 1339,Subversion
Client X,Org C,Project 39,Collection 3541,44555,Repo 6762,Jira
Client X,Org C,Project 39,Collection 3711,52804,Repo 3977,Subversion
Client X,Org C,Project 39,Collection 4054,52986,Repo 1709,Subversion
Client X,Org C,Project 39,Collection 4544,42651,Repo 2020,Subversion
Client X,Org C,Project 39,Collection 4544,45065,Repo 7266,Jira
Client X,Org C,Project 40,Collection 1878,64144,Repo 2863,Subversion
Client X,Org C,Project 40,Collection 1879,64145,Repo 2864,Subversion
Client X,Org C,Project 40,Collection 1994,52015,Repo 2948,Subversion
Client X,Org C,Project 40,Collection 2410,79638,Repo 3232,Subversion
Client X,Org C,Project 40,Collection 2972,64185,Repo 3530,Subversion
Client X,Org C,Project 40,Collection 690,64208,Repo 3714,Subversion
Client X,Org C,Project 40,Collection 3339,52600,Repo 5483,Subversion
Client X,Org C,Project 40,Collection 739,63915,Repo 3779,Subversion
Client X,Org C,Project 40,Collection 3860,52899,Repo 5508,Subversion
Client X,Org C,Project 40,Collection 984,64241,Repo 4124,Subversion
Client X,Org C,Project 40,Collection 987,52962,Repo 4131,Subversion
Client X,Org C,Project 40,Collection 4102,79361,Repo 4201,Subversion
Client X,Org C,Project 40,Collection 1023,63978,Repo 4205,Subversion
Client X,Org C,Project 40,Collection 1185,53197,Repo 2002,Subversion
Client X,Org C,Project 40,Collection 4985,64279,Repo 4861,Subversion
Client X,Org C,Project 40,Collection 1332,64072,Repo 4890,Subversion
Client X,Org C,Project 40,Collection 5120,53459,Repo 2267,Subversion
Client X,Org C,Project 40,Collection 5165,64085,Repo 4971,Subversion
Client X,Org C,Project 40,Collection 5468,64309,Repo 5134,Subversion
Client X,Org C,Project 40,Collection 1512,64312,Repo 5142,Subversion
Client X,Org C,Project 41,Collection 2035,52036,Repo 2972,Subversion
Client X,Org C,Project 41,Collection 2036,63815,Repo 2973,Subversion
Client X,Org C,Project 41,Collection 2052,83721,Repo 2987,Subversion
Client X,Org C,Project 41,Collection 2440,97259,Repo 3254,Subversion
Client X,Org C,Project 41,Collection 2632,63862,Repo 3392,Subversion
Client X,Org C,Project 41,Collection 2658,64178,Repo 3404,Subversion
Client X,Org C,Project 41,Collection 2990,52417,Repo 3540,Subversion
Client X,Org C,Project 41,Collection 847,84353,Repo 3945,Subversion
Client X,Org C,Project 41,Collection 3669,52785,Repo 3957,Subversion
Client X,Org C,Project 41,Collection 4261,79505,Repo 4312,Subversion
Client X,Org C,Project 41,Collection 1105,64007,Repo 4353,Subversion
Client X,Org C,Project 41,Collection 4342,84613,Repo 4363,Subversion
Client X,Org C,Project 41,Collection 5025,84836,Repo 4883,Subversion
Client X,Org C,Project 41,Collection 1330,84844,Repo 4888,Subversion
Client X,Org C,Project 41,Collection 1431,64089,Repo 4999,Subversion
Client X,Org C,Project 42,Collection 1985,83688,Repo 2942,Subversion
Client X,Org C,Project 42,Collection 167,43174,Repo 5293,Subversion
Client X,Org C,Project 42,Collection 167,45588,Repo 5896,Jira
Client X,Org C,Project 42,Collection 3245,84174,Repo 3708,Subversion
Client X,Org C,Project 42,Collection 938,82618,Repo 4050,Subversion
Client X,Org C,Project 42,Collection 4031,52980,Repo 1701,Subversion
Client X,Org C,Project 42,Collection 4193,79502,Repo 4272,Subversion
Client X,Org C,Project 42,Collection 4590,53227,Repo 2060,Subversion
Client X,Org C,Project 42,Collection 1294,82662,Repo 4834,Subversion
Client X,Org C,Project 42,Collection 1295,64058,Repo 4835,Subversion
Client X,Org C,Project 42,Collection 1296,53387,Repo 4836,Subversion
Client X,Org C,Project 42,Collection 4971,64059,Repo 4837,Subversion
Client X,Org C,Project 42,Collection 1299,79381,Repo 4840,Subversion
Client X,Org C,Project 42,Collection 1300,64061,Repo 4841,Subversion
Client X,Org C,Project 42,Collection 1301,64062,Repo 4845,Subversion
Client X,Org C,Project 42,Collection 4975,97504,Repo 4846,Subversion
Client X,Org C,Project 42,Collection 1302,64063,Repo 4847,Subversion
Client X,Org C,Project 42,Collection 4977,54734,Repo 4849,Subversion
Client X,Org C,Project 42,Collection 1304,64064,Repo 4850,Subversion
Client X,Org C,Project 42,Collection 1306,79530,Repo 4852,Subversion
Client X,Org C,Project 42,Collection 1307,64065,Repo 4853,Subversion
Client X,Org C,Project 42,Collection 5063,53417,Repo 2230,Subversion
Client X,Org C,Project 42,Collection 5152,42886,Repo 2291,Subversion
Client X,Org C,Project 42,Collection 5152,45300,Repo 7468,Jira
Client X,Org C,Project 43,Collection 1803,63794,Repo 2815,Subversion
Client X,Org C,Project 43,Collection 1804,63795,Repo 2816,Subversion
Client X,Org C,Project 43,Collection 3047,63881,Repo 3574,Subversion
Client X,Org C,Project 43,Collection 665,52526,Repo 1107,Subversion
Client X,Org C,Project 43,Collection 3211,79641,Repo 3684,Subversion
Client X,Org C,Project 43,Collection 666,82582,Repo 3685,Subversion
Client X,Org C,Project 43,Collection 667,79599,Repo 3686,Subversion
Client X,Org C,Project 43,Collection 3212,82583,Repo 3687,Subversion
Client X,Org C,Project 43,Collection 3213,53772,Repo 3688,Subversion
Client X,Org C,Project 43,Collection 3233,63903,Repo 3701,Subversion
Client X,Org C,Project 43,Collection 1001,52989,Repo 1718,Subversion
Client X,Org C,Project 43,Collection 4067,63975,Repo 4171,Subversion
Client X,Org C,Project 43,Collection 5308,42987,Repo 2420,Subversion
Client X,Org C,Project 43,Collection 5308,45401,Repo 7571,Jira
Client X,Org C,Project 44,Collection 102,83631,Repo 2859,Subversion
Client X,Org C,Project 44,Collection 1896,83642,Repo 2876,Subversion
Client X,Org C,Project 44,Collection 2047,52043,Repo 282,Subversion
Client X,Org C,Project 44,Collection 2048,54661,Repo 2986,Subversion
Client X,Org C,Project 44,Collection 2056,79309,Repo 2989,Subversion
Client X,Org C,Project 44,Collection 2057,79310,Repo 2990,Subversion
Client X,Org C,Project 44,Collection 2058,82527,Repo 2991,Subversion
Client X,Org C,Project 44,Collection 2069,52056,Repo 301,Subversion
Client X,Org C,Project 44,Collection 188,52057,Repo 302,Subversion
Client X,Org C,Project 44,Collection 2217,52134,Repo 408,Subversion
Client X,Org C,Project 44,Collection 2393,63845,Repo 3222,Subversion
Client X,Org C,Project 44,Collection 2676,52301,Repo 677,Subversion
Client X,Org C,Project 44,Collection 3003,84096,Repo 3548,Subversion
Client X,Org C,Project 44,Collection 3007,84097,Repo 3551,Subversion
Client X,Org C,Project 44,Collection 3034,79461,Repo 3564,Subversion
Client X,Org C,Project 44,Collection 3380,52625,Repo 1230,Subversion
Client X,Org C,Project 44,Collection 3389,84211,Repo 3797,Subversion
Client X,Org C,Project 44,Collection 3630,63938,Repo 3935,Subversion
Client X,Org C,Project 44,Collection 846,52768,Repo 1414,Subversion
Client X,Org C,Project 44,Collection 3639,63939,Repo 3943,Subversion
Client X,Org C,Project 44,Collection 3640,63940,Repo 3944,Subversion
Client X,Org C,Project 44,Collection 3987,84453,Repo 4126,Subversion
Client X,Org C,Project 44,Collection 4047,97290,Repo 4162,Subversion
Client X,Org C,Project 44,Collection 1052,84528,Repo 4251,Subversion
Client X,Org C,Project 44,Collection 4240,84555,Repo 4300,Subversion
Client X,Org C,Project 44,Collection 4355,84633,Repo 4375,Subversion
Client X,Org C,Project 44,Collection 4436,53147,Repo 1942,Subversion
Client X,Org C,Project 44,Collection 4489,84664,Repo 4433,Subversion
Client X,Org C,Project 44,Collection 4543,54720,Repo 4479,Subversion
Client X,Org C,Project 44,Collection 1357,53432,Repo 5561,Subversion
Client X,Org C,Project 44,Collection 5104,53442,Repo 2256,Subversion
Client X,Org C,Project 44,Collection 5106,53443,Repo 2259,Subversion
Client X,Org C,Project 44,Collection 5253,53525,Repo 2389,Subversion
Client X,Org C,Project 44,Collection 5380,54749,Repo 5078,Subversion
Client X,Org C,Project 44,Collection 5407,64108,Repo 5098,Subversion
Client X,Org C,Project 44,Collection 5469,85005,Repo 5135,Subversion
Client X,Org C,Project 44,Collection 5489,53669,Repo 2541,Subversion
Client X,Org C,Project 44,Collection 5562,85031,Repo 5210,Subversion
Client X,Org C,Project 44,Collection 1549,85039,Repo 5214,Subversion
Client X,Org C,Project 44,Collection 5573,85040,Repo 5215,Subversion
Client X,Org C,Project 263,Collection 3232,52538,Repo 3700,Subversion
Client X,Org C,Project 263,Collection 3584,52732,Repo 3910,Subversion
Client X,Org C,Project 45,Collection 1986,83689,Repo 2945,Subversion
Client X,Org C,Project 45,Collection 2338,52171,Repo 482,Subversion
Client X,Org C,Project 45,Collection 3102,52474,Repo 1039,Subversion
Client X,Org C,Project 45,Collection 834,42175,Repo 1400,Subversion
Client X,Org C,Project 45,Collection 834,44589,Repo 6794,Jira
Client X,Org C,Project 45,Collection 3658,42195,Repo 1430,Subversion
Client X,Org C,Project 45,Collection 3658,44609,Repo 6813,Jira
Client X,Org C,Project 45,Collection 3884,52912,Repo 1609,Subversion
Client X,Org C,Project 45,Collection 3963,97491,Repo 4112,Subversion
Client X,Org C,Project 45,Collection 4120,53008,Repo 4216,Subversion
Client X,Org C,Project 45,Collection 4145,64245,Repo 4237,Subversion
Client X,Org C,Project 45,Collection 4396,84644,Repo 4392,Subversion
Client X,Org C,Project 45,Collection 4434,79511,Repo 4413,Subversion
Client X,Org C,Project 45,Collection 1154,84658,Repo 4420,Subversion
Client X,Org C,Project 46,Collection 1610,51833,Repo 2692,Subversion
Client X,Org C,Project 46,Collection 1650,51851,Repo 45,Subversion
Client X,Org C,Project 46,Collection 1651,63784,Repo 2714,Subversion
Client X,Org C,Project 46,Collection 1698,83571,Repo 2740,Subversion
Client X,Org C,Project 46,Collection 57,51875,Repo 2744,Subversion
Client X,Org C,Project 46,Collection 1712,41147,Repo 91,Subversion
Client X,Org C,Project 46,Collection 1712,43561,Repo 5752,Jira
Client X,Org C,Project 46,Collection 71,51894,Repo 2776,Subversion
Client X,Org C,Project 46,Collection 1772,41172,Repo 124,Subversion
Client X,Org C,Project 46,Collection 1772,43586,Repo 5776,Jira
Client X,Org C,Project 46,Collection 89,41185,Repo 135,Subversion
Client X,Org C,Project 46,Collection 89,43599,Repo 5790,Jira
Client X,Org C,Project 46,Collection 1794,41186,Repo 136,Subversion
Client X,Org C,Project 46,Collection 1794,43600,Repo 5791,Jira
Client X,Org C,Project 46,Collection 1835,51926,Repo 155,Subversion
Client X,Org C,Project 46,Collection 1858,51943,Repo 169,Subversion
Client X,Org C,Project 46,Collection 1859,54655,Repo 2850,Subversion
Client X,Org C,Project 46,Collection 1860,54656,Repo 2851,Subversion
Client X,Org C,Project 46,Collection 1861,54657,Repo 2852,Subversion
Client X,Org C,Project 46,Collection 1862,54658,Repo 2853,Subversion
Client X,Org C,Project 46,Collection 1863,51944,Repo 2854,Subversion
Client X,Org C,Project 46,Collection 1864,79413,Repo 2855,Subversion
Client X,Org C,Project 46,Collection 1865,63800,Repo 2857,Subversion
Client X,Org C,Project 46,Collection 1866,63801,Repo 2856,Subversion
Client X,Org C,Project 46,Collection 1867,51945,Repo 170,Subversion
Client X,Org C,Project 46,Collection 1959,51993,Repo 2914,Subversion
Client X,Org C,Project 46,Collection 121,51994,Repo 2915,Subversion
Client X,Org C,Project 46,Collection 122,83681,Repo 2916,Subversion
Client X,Org C,Project 46,Collection 123,63807,Repo 2917,Subversion
Client X,Org C,Project 46,Collection 124,64149,Repo 2918,Subversion
Client X,Org C,Project 46,Collection 125,51996,Repo 2919,Subversion
Client X,Org C,Project 46,Collection 1962,51997,Repo 2920,Subversion
Client X,Org C,Project 46,Collection 1963,51998,Repo 2921,Subversion
Client X,Org C,Project 46,Collection 1964,51999,Repo 2922,Subversion
Client X,Org C,Project 46,Collection 126,63808,Repo 2924,Subversion
Client X,Org C,Project 46,Collection 127,52001,Repo 2925,Subversion
Client X,Org C,Project 46,Collection 134,64150,Repo 2935,Subversion
Client X,Org C,Project 46,Collection 1984,52010,Repo 2940,Subversion
Client X,Org C,Project 46,Collection 142,63809,Repo 2943,Subversion
Client X,Org C,Project 46,Collection 143,63810,Repo 2944,Subversion
Client X,Org C,Project 46,Collection 2005,52019,Repo 2954,Subversion
Client X,Org C,Project 46,Collection 150,83695,Repo 2956,Subversion
Client X,Org C,Project 46,Collection 152,83696,Repo 2957,Subversion
Client X,Org C,Project 46,Collection 2014,52023,Repo 2959,Subversion
Client X,Org C,Project 46,Collection 2042,63816,Repo 2982,Subversion
Client X,Org C,Project 46,Collection 2059,41306,Repo 290,Subversion
Client X,Org C,Project 46,Collection 2059,43720,Repo 5905,Jira
Client X,Org C,Project 46,Collection 2060,41307,Repo 291,Subversion
Client X,Org C,Project 46,Collection 2060,43721,Repo 5906,Jira
Client X,Org C,Project 46,Collection 211,83731,Repo 3023,Subversion
Client X,Org C,Project 46,Collection 2148,83758,Repo 3049,Subversion
Client X,Org C,Project 46,Collection 232,41363,Repo 365,Subversion
Client X,Org C,Project 46,Collection 232,43777,Repo 5963,Jira
Client X,Org C,Project 46,Collection 233,52099,Repo 3051,Subversion
Client X,Org C,Project 46,Collection 234,41364,Repo 366,Subversion
Client X,Org C,Project 46,Collection 234,43778,Repo 5964,Jira
Client X,Org C,Project 46,Collection 2170,63823,Repo 3059,Subversion
Client X,Org C,Project 46,Collection 2181,64161,Repo 3064,Subversion
Client X,Org C,Project 46,Collection 242,63824,Repo 3065,Subversion
Client X,Org C,Project 46,Collection 2203,63828,Repo 3081,Subversion
Client X,Org C,Project 46,Collection 2231,63832,Repo 3096,Subversion
Client X,Org C,Project 46,Collection 2339,52172,Repo 3165,Subversion
Client X,Org C,Project 46,Collection 301,83815,Repo 3167,Subversion
Client X,Org C,Project 46,Collection 2416,41479,Repo 515,Subversion
Client X,Org C,Project 46,Collection 2416,43893,Repo 6088,Jira
Client X,Org C,Project 46,Collection 340,41483,Repo 517,Subversion
Client X,Org C,Project 46,Collection 340,43897,Repo 6090,Jira
Client X,Org C,Project 46,Collection 2426,43316,Repo 5438,Subversion
Client X,Org C,Project 46,Collection 2426,45730,Repo 6091,Jira
Client X,Org C,Project 46,Collection 2457,41501,Repo 541,Subversion
Client X,Org C,Project 46,Collection 2457,43915,Repo 6114,Jira
Client X,Org C,Project 46,Collection 2459,41503,Repo 542,Subversion
Client X,Org C,Project 46,Collection 2459,43917,Repo 6116,Jira
Client X,Org C,Project 46,Collection 388,43432,Repo 5612,Subversion
Client X,Org C,Project 46,Collection 388,45846,Repo 6168,Jira
Client X,Org C,Project 46,Collection 2643,41592,Repo 651,Subversion
Client X,Org C,Project 46,Collection 2643,44006,Repo 6201,Jira
Client X,Org C,Project 46,Collection 2714,63865,Repo 3431,Subversion
Client X,Org C,Project 46,Collection 2997,52421,Repo 3546,Subversion
Client X,Org C,Project 46,Collection 3013,79330,Repo 3552,Subversion
Client X,Org C,Project 46,Collection 3038,52438,Repo 3566,Subversion
Client X,Org C,Project 46,Collection 592,97271,Repo 3567,Subversion
Client X,Org C,Project 46,Collection 3041,97272,Repo 3568,Subversion
Client X,Org C,Project 46,Collection 623,53771,Repo 3613,Subversion
Client X,Org C,Project 46,Collection 634,52496,Repo 1067,Subversion
Client X,Org C,Project 46,Collection 3140,63889,Repo 3629,Subversion
Client X,Org C,Project 46,Collection 3141,52497,Repo 1068,Subversion
Client X,Org C,Project 46,Collection 643,41951,Repo 1077,Subversion
Client X,Org C,Project 46,Collection 643,44365,Repo 6572,Jira
Client X,Org C,Project 46,Collection 3181,63897,Repo 3667,Subversion
Client X,Org C,Project 46,Collection 3198,54682,Repo 3677,Subversion
Client X,Org C,Project 46,Collection 3209,79335,Repo 3683,Subversion
Client X,Org C,Project 46,Collection 3274,52559,Repo 1152,Subversion
Client X,Org C,Project 46,Collection 706,54687,Repo 3729,Subversion
Client X,Org C,Project 46,Collection 3280,52564,Repo 3733,Subversion
Client X,Org C,Project 46,Collection 3315,84188,Repo 3755,Subversion
Client X,Org C,Project 46,Collection 3517,54690,Repo 3873,Subversion
Client X,Org C,Project 46,Collection 3518,54691,Repo 3874,Subversion
Client X,Org C,Project 46,Collection 3548,54693,Repo 3894,Subversion
Client X,Org C,Project 46,Collection 3552,52718,Repo 1345,Subversion
Client X,Org C,Project 46,Collection 3553,52719,Repo 1346,Subversion
Client X,Org C,Project 46,Collection 3554,52720,Repo 1347,Subversion
Client X,Org C,Project 46,Collection 820,52728,Repo 5495,Subversion
Client X,Org C,Project 46,Collection 3578,63936,Repo 3909,Subversion
Client X,Org C,Project 46,Collection 3582,52731,Repo 1370,Subversion
Client X,Org C,Project 46,Collection 3585,52733,Repo 1372,Subversion
Client X,Org C,Project 46,Collection 3586,52734,Repo 1373,Subversion
Client X,Org C,Project 46,Collection 3591,42162,Repo 1377,Subversion
Client X,Org C,Project 46,Collection 3591,44576,Repo 6783,Jira
Client X,Org C,Project 46,Collection 3592,52737,Repo 1378,Subversion
Client X,Org C,Project 46,Collection 3619,63937,Repo 3926,Subversion
Client X,Org C,Project 46,Collection 3622,84347,Repo 3930,Subversion
Client X,Org C,Project 46,Collection 3642,52769,Repo 1416,Subversion
Client X,Org C,Project 46,Collection 3652,53776,Repo 3948,Subversion
Client X,Org C,Project 46,Collection 3653,42190,Repo 1425,Subversion
Client X,Org C,Project 46,Collection 3653,44604,Repo 6809,Jira
Client X,Org C,Project 46,Collection 849,42191,Repo 1426,Subversion
Client X,Org C,Project 46,Collection 849,44605,Repo 6810,Jira
Client X,Org C,Project 46,Collection 850,52775,Repo 5496,Subversion
Client X,Org C,Project 46,Collection 3654,63942,Repo 3949,Subversion
Client X,Org C,Project 46,Collection 852,42192,Repo 1427,Subversion
Client X,Org C,Project 46,Collection 852,44606,Repo 6811,Jira
Client X,Org C,Project 46,Collection 3656,52776,Repo 1429,Subversion
Client X,Org C,Project 46,Collection 3659,42196,Repo 1431,Subversion
Client X,Org C,Project 46,Collection 3659,44610,Repo 6814,Jira
Client X,Org C,Project 46,Collection 876,42236,Repo 1477,Subversion
Client X,Org C,Project 46,Collection 876,44650,Repo 6847,Jira
Client X,Org C,Project 46,Collection 3772,53778,Repo 4007,Subversion
Client X,Org C,Project 46,Collection 4019,54704,Repo 4145,Subversion
Client X,Org C,Project 46,Collection 992,52973,Repo 5517,Subversion
Client X,Org C,Project 46,Collection 1000,63973,Repo 4169,Subversion
Client X,Org C,Project 46,Collection 4069,64242,Repo 4173,Subversion
Client X,Org C,Project 46,Collection 4070,54707,Repo 4174,Subversion
Client X,Org C,Project 46,Collection 1005,84490,Repo 4175,Subversion
Client X,Org C,Project 46,Collection 4119,53007,Repo 1749,Subversion
Client X,Org C,Project 46,Collection 1030,63984,Repo 4226,Subversion
Client X,Org C,Project 46,Collection 4130,63985,Repo 4227,Subversion
Client X,Org C,Project 46,Collection 4131,63986,Repo 4228,Subversion
Client X,Org C,Project 46,Collection 4143,42442,Repo 1760,Subversion
Client X,Org C,Project 46,Collection 4143,44856,Repo 7061,Jira
Client X,Org C,Project 46,Collection 1039,43465,Repo 5649,Subversion
Client X,Org C,Project 46,Collection 1039,45879,Repo 7062,Jira
Client X,Org C,Project 46,Collection 1056,42458,Repo 1791,Subversion
Client X,Org C,Project 46,Collection 1056,44872,Repo 7080,Jira
Client X,Org C,Project 46,Collection 4303,42518,Repo 1861,Subversion
Client X,Org C,Project 46,Collection 4303,44932,Repo 7136,Jira
Client X,Org C,Project 46,Collection 4378,64011,Repo 4383,Subversion
Client X,Org C,Project 46,Collection 1169,54714,Repo 4434,Subversion
Client X,Org C,Project 46,Collection 1170,64021,Repo 4435,Subversion
Client X,Org C,Project 46,Collection 4962,53384,Repo 4821,Subversion
Client X,Org C,Project 46,Collection 4978,64066,Repo 4855,Subversion
Client X,Org C,Project 46,Collection 1315,64069,Repo 4868,Subversion
Client X,Org C,Project 46,Collection 1348,43270,Repo 5380,Subversion
Client X,Org C,Project 46,Collection 1348,45684,Repo 7432,Jira
Client X,Org C,Project 46,Collection 5072,53421,Repo 2233,Subversion
Client X,Org C,Project 46,Collection 5073,53422,Repo 2234,Subversion
Client X,Org C,Project 46,Collection 5161,53788,Repo 4967,Subversion
Client X,Org C,Project 46,Collection 1435,64091,Repo 5006,Subversion
Client X,Org C,Project 46,Collection 5271,64092,Repo 5007,Subversion
Client X,Org C,Project 46,Collection 5383,53609,Repo 2463,Subversion
Client X,Org C,Project 46,Collection 5387,54751,Repo 5086,Subversion
Client X,Org C,Project 46,Collection 5388,54752,Repo 5085,Subversion
Client X,Org C,Project 46,Collection 5443,43048,Repo 2497,Subversion
Client X,Org C,Project 46,Collection 5443,45462,Repo 7620,Jira
Client X,Org C,Project 46,Collection 1490,64308,Repo 5126,Subversion
Client X,Org C,Project 46,Collection 5475,53658,Repo 5137,Subversion
Client X,Org C,Project 46,Collection 1499,43069,Repo 2523,Subversion
Client X,Org C,Project 46,Collection 1499,45483,Repo 7640,Jira
Client X,Org C,Project 46,Collection 1500,64310,Repo 5138,Subversion
Client X,Org C,Project 46,Collection 1537,53687,Repo 5180,Subversion
Client X,Org C,Project 46,Collection 5516,79550,Repo 5181,Subversion
Client X,Org C,Project 46,Collection 5517,79401,Repo 5182,Subversion
Client X,Org C,Project 46,Collection 5518,64117,Repo 5183,Subversion
Client X,Org C,Project 46,Collection 5530,79628,Repo 5187,Subversion
Client X,Org C,Project 46,Collection 5542,53699,Repo 5195,Subversion
Client X,Org C,Project 46,Collection 1557,64121,Repo 5231,Subversion
Client X,Org C,Project 46,Collection 5594,85048,Repo 5232,Subversion
Client X,Org C,Project 264,Collection 4970,54732,Repo 4832,Subversion
Client X,Org C,Project 47,Collection 3226,64206,Repo 3696,Subversion
Client X,Org C,Project 47,Collection 1297,64060,Repo 4838,Subversion
Client X,Org C,Project 47,Collection 1298,54733,Repo 4839,Subversion
Client X,Org C,Project 47,Collection 1305,54735,Repo 4851,Subversion
Client X,Org C,Project 48,Collection 1723,64134,Repo 2764,Subversion
Client X,Org C,Project 48,Collection 3176,97483,Repo 3662,Subversion
Client X,Org C,Project 48,Collection 3600,84341,Repo 3917,Subversion
Client X,Org C,Project 48,Collection 4146,53019,Repo 1762,Subversion
Client X,Org C,Project 48,Collection 4939,79651,Repo 4809,Subversion
Client X,Org C,Project 48,Collection 4972,84817,Repo 4842,Subversion
Client X,Org C,Project 48,Collection 4973,84818,Repo 4843,Subversion
Client X,Org C,Project 48,Collection 1303,84819,Repo 4848,Subversion
Client X,Org C,Project 48,Collection 5238,84911,Repo 4989,Subversion
Client X,Org C,Project 48,Collection 5513,85014,Repo 5175,Subversion
Client X,Org C,Project 49,Collection 43,83551,Repo 2720,Subversion
Client X,Org C,Project 49,Collection 1665,83552,Repo 2721,Subversion
Client X,Org C,Project 49,Collection 1939,41246,Repo 210,Subversion
Client X,Org C,Project 49,Collection 1939,43660,Repo 5844,Jira
Client X,Org C,Project 49,Collection 1940,51983,Repo 211,Subversion
Client X,Org C,Project 49,Collection 2219,83774,Repo 3089,Subversion
Client X,Org C,Project 49,Collection 2970,52401,Repo 3528,Subversion
Client X,Org C,Project 49,Collection 664,41968,Repo 1105,Subversion
Client X,Org C,Project 49,Collection 664,44382,Repo 6592,Jira
Client X,Org C,Project 49,Collection 778,79343,Repo 3833,Subversion
Client X,Org C,Project 49,Collection 3461,42101,Repo 1290,Subversion
Client X,Org C,Project 49,Collection 3461,44515,Repo 6722,Jira
Client X,Org C,Project 49,Collection 937,79645,Repo 4049,Subversion
Client X,Org C,Project 49,Collection 4124,53009,Repo 4219,Subversion
Client X,Org C,Project 49,Collection 4584,84676,Repo 4511,Subversion
Client X,Org C,Project 49,Collection 1225,53225,Repo 2056,Subversion
Client X,Org C,Project 49,Collection 4587,97295,Repo 4515,Subversion
Client X,Org C,Project 49,Collection 4588,42677,Repo 2057,Subversion
Client X,Org C,Project 49,Collection 4588,45091,Repo 7293,Jira
Client X,Org C,Project 49,Collection 4898,84794,Repo 4793,Subversion
Client X,Org C,Project 49,Collection 4899,84795,Repo 4794,Subversion
Client X,Org C,Project 49,Collection 1467,84972,Repo 5082,Subversion
Client X,Org C,Project 50,Collection 1987,52011,Repo 240,Subversion
Client X,Org C,Project 50,Collection 1988,52012,Repo 241,Subversion
Client X,Org C,Project 50,Collection 1989,41270,Repo 242,Subversion
Client X,Org C,Project 50,Collection 1989,43684,Repo 5865,Jira
Client X,Org C,Project 50,Collection 1990,52013,Repo 243,Subversion
Client X,Org C,Project 50,Collection 2244,41415,Repo 428,Subversion
Client X,Org C,Project 50,Collection 2244,43829,Repo 6018,Jira
Client X,Org C,Project 50,Collection 2245,83780,Repo 3103,Subversion
Client X,Org C,Project 50,Collection 2263,79427,Repo 3118,Subversion
Client X,Org C,Project 50,Collection 304,52177,Repo 3182,Subversion
Client X,Org C,Project 50,Collection 305,52178,Repo 3183,Subversion
Client X,Org C,Project 50,Collection 306,52179,Repo 3184,Subversion
Client X,Org C,Project 50,Collection 307,41459,Repo 488,Subversion
Client X,Org C,Project 50,Collection 307,43873,Repo 6066,Jira
Client X,Org C,Project 50,Collection 2358,63842,Repo 3185,Subversion
Client X,Org C,Project 50,Collection 2359,52180,Repo 3186,Subversion
Client X,Org C,Project 50,Collection 308,52181,Repo 3187,Subversion
Client X,Org C,Project 50,Collection 3103,52475,Repo 1040,Subversion
Client X,Org C,Project 50,Collection 3104,79464,Repo 3607,Subversion
Client X,Org C,Project 50,Collection 3105,52476,Repo 1041,Subversion
Client X,Org C,Project 50,Collection 3106,52477,Repo 1042,Subversion
Client X,Org C,Project 50,Collection 620,41930,Repo 1043,Subversion
Client X,Org C,Project 50,Collection 620,44344,Repo 6551,Jira
Client X,Org C,Project 50,Collection 3107,52478,Repo 1044,Subversion
Client X,Org C,Project 50,Collection 3173,52508,Repo 3659,Subversion
Client X,Org C,Project 50,Collection 3266,52556,Repo 3719,Subversion
Client X,Org C,Project 50,Collection 3267,52557,Repo 3718,Subversion
Client X,Org C,Project 50,Collection 3314,52586,Repo 1183,Subversion
Client X,Org C,Project 50,Collection 3394,63917,Repo 3799,Subversion
Client X,Org C,Project 50,Collection 777,42095,Repo 1279,Subversion
Client X,Org C,Project 50,Collection 777,44509,Repo 6714,Jira
Client X,Org C,Project 50,Collection 3757,42259,Repo 1512,Subversion
Client X,Org C,Project 50,Collection 3757,44673,Repo 6871,Jira
Client X,Org C,Project 50,Collection 4035,52981,Repo 4152,Subversion
Client X,Org C,Project 50,Collection 4136,64244,Repo 4230,Subversion
Client X,Org C,Project 50,Collection 4304,53088,Repo 4343,Subversion
Client X,Org C,Project 50,Collection 4329,42532,Repo 1875,Subversion
Client X,Org C,Project 50,Collection 4329,44946,Repo 7151,Jira
Client X,Org C,Project 50,Collection 5066,64284,Repo 4909,Subversion
Client X,Org C,Project 50,Collection 5099,84875,Repo 4933,Subversion
Client X,Org C,Project 50,Collection 1430,53553,Repo 4998,Subversion
Client X,Org C,Project 50,Collection 5266,53557,Repo 5002,Subversion
Client X,Org C,Project 50,Collection 1456,54745,Repo 5051,Subversion
Client X,Org C,Project 50,Collection 5338,54746,Repo 5053,Subversion
Client X,Org C,Project 50,Collection 5379,53607,Repo 2464,Subversion
Client X,Org C,Project 50,Collection 5395,53615,Repo 2468,Subversion
Client X,Org C,Project 50,Collection 1522,85009,Repo 5156,Subversion
Client X,Org C,Project 51,Collection 7,41081,Repo 4,Subversion
Client X,Org C,Project 51,Collection 7,43495,Repo 5683,Jira
Client X,Org C,Project 51,Collection 1683,79409,Repo 2732,Subversion
Client X,Org C,Project 51,Collection 1684,83562,Repo 2731,Subversion
Client X,Org C,Project 51,Collection 1685,79410,Repo 2733,Subversion
Client X,Org C,Project 51,Collection 1763,51901,Repo 122,Subversion
Client X,Org C,Project 51,Collection 1764,83594,Repo 2787,Subversion
Client X,Org C,Project 51,Collection 1765,63790,Repo 2788,Subversion
Client X,Org C,Project 51,Collection 1766,63791,Repo 2789,Subversion
Client X,Org C,Project 51,Collection 1767,97470,Repo 2790,Subversion
Client X,Org C,Project 51,Collection 80,51906,Repo 2796,Subversion
Client X,Org C,Project 51,Collection 1776,51907,Repo 127,Subversion
Client X,Org C,Project 51,Collection 1777,43424,Repo 5598,Subversion
Client X,Org C,Project 51,Collection 1777,45838,Repo 5777,Jira
Client X,Org C,Project 51,Collection 1779,51909,Repo 2798,Subversion
Client X,Org C,Project 51,Collection 1781,83599,Repo 2800,Subversion
Client X,Org C,Project 51,Collection 1783,83600,Repo 2802,Subversion
Client X,Org C,Project 51,Collection 1798,83607,Repo 2812,Subversion
Client X,Org C,Project 51,Collection 1918,83649,Repo 2889,Subversion
Client X,Org C,Project 51,Collection 1972,83682,Repo 2928,Subversion
Client X,Org C,Project 51,Collection 137,83686,Repo 2939,Subversion
Client X,Org C,Project 51,Collection 221,43305,Repo 5419,Subversion
Client X,Org C,Project 51,Collection 221,45719,Repo 5944,Jira
Client X,Org C,Project 51,Collection 2191,83766,Repo 3075,Subversion
Client X,Org C,Project 51,Collection 2229,83778,Repo 3094,Subversion
Client X,Org C,Project 51,Collection 268,83781,Repo 3104,Subversion
Client X,Org C,Project 51,Collection 2354,63841,Repo 3179,Subversion
Client X,Org C,Project 51,Collection 2421,83859,Repo 3244,Subversion
Client X,Org C,Project 51,Collection 2448,83869,Repo 3255,Subversion
Client X,Org C,Project 51,Collection 2452,83872,Repo 3259,Subversion
Client X,Org C,Project 51,Collection 2527,83885,Repo 3294,Subversion
Client X,Org C,Project 51,Collection 2528,83886,Repo 3295,Subversion
Client X,Org C,Project 51,Collection 2564,83935,Repo 3326,Subversion
Client X,Org C,Project 51,Collection 2574,83940,Repo 3332,Subversion
Client X,Org C,Project 51,Collection 2592,97478,Repo 3346,Subversion
Client X,Org C,Project 51,Collection 2769,84052,Repo 3452,Subversion
Client X,Org C,Project 51,Collection 2953,84081,Repo 3515,Subversion
Client X,Org C,Project 51,Collection 3050,84116,Repo 3577,Subversion
Client X,Org C,Project 51,Collection 622,82576,Repo 3611,Subversion
Client X,Org C,Project 51,Collection 3174,52509,Repo 3660,Subversion
Client X,Org C,Project 51,Collection 3175,84157,Repo 3661,Subversion
Client X,Org C,Project 51,Collection 3340,84190,Repo 3767,Subversion
Client X,Org C,Project 51,Collection 3409,97275,Repo 3815,Subversion
Client X,Org C,Project 51,Collection 754,84230,Repo 3806,Subversion
Client X,Org C,Project 51,Collection 3402,84231,Repo 3807,Subversion
Client X,Org C,Project 51,Collection 756,84232,Repo 3816,Subversion
Client X,Org C,Project 51,Collection 755,97277,Repo 3808,Subversion
Client X,Org C,Project 51,Collection 774,52656,Repo 1275,Subversion
Client X,Org C,Project 51,Collection 3442,43352,Repo 5490,Subversion
Client X,Org C,Project 51,Collection 3442,45766,Repo 6711,Jira
Client X,Org C,Project 51,Collection 775,79342,Repo 3829,Subversion
Client X,Org C,Project 51,Collection 3514,63930,Repo 3871,Subversion
Client X,Org C,Project 51,Collection 3604,84343,Repo 3920,Subversion
Client X,Org C,Project 51,Collection 3742,84378,Repo 3986,Subversion
Client X,Org C,Project 51,Collection 3876,84417,Repo 4052,Subversion
Client X,Org C,Project 51,Collection 975,84447,Repo 4109,Subversion
Client X,Org C,Project 51,Collection 4003,84468,Repo 4138,Subversion
Client X,Org C,Project 51,Collection 4036,97492,Repo 4153,Subversion
Client X,Org C,Project 51,Collection 1020,84504,Repo 4199,Subversion
Client X,Org C,Project 51,Collection 4148,53022,Repo 4238,Subversion
Client X,Org C,Project 51,Collection 4252,64001,Repo 4310,Subversion
Client X,Org C,Project 51,Collection 4302,64006,Repo 4342,Subversion
Client X,Org C,Project 51,Collection 4306,84593,Repo 4344,Subversion
Client X,Org C,Project 51,Collection 4326,84600,Repo 4350,Subversion
Client X,Org C,Project 51,Collection 1109,84603,Repo 4356,Subversion
Client X,Org C,Project 51,Collection 4412,84648,Repo 4403,Subversion
Client X,Org C,Project 51,Collection 4502,84667,Repo 4446,Subversion
Client X,Org C,Project 51,Collection 4585,84677,Repo 4513,Subversion
Client X,Org C,Project 51,Collection 4586,84678,Repo 4514,Subversion
Client X,Org C,Project 51,Collection 1226,84679,Repo 4516,Subversion
Client X,Org C,Project 51,Collection 4850,84787,Repo 4773,Subversion
Client X,Org C,Project 51,Collection 4969,53784,Repo 4833,Subversion
Client X,Org C,Project 51,Collection 4974,53785,Repo 4844,Subversion
Client X,Org C,Project 51,Collection 5005,97505,Repo 4870,Subversion
Client X,Org C,Project 51,Collection 5012,84833,Repo 4876,Subversion
Client X,Org C,Project 51,Collection 1323,84835,Repo 4879,Subversion
Client X,Org C,Project 51,Collection 1336,84847,Repo 4895,Subversion
Client X,Org C,Project 51,Collection 1338,84849,Repo 4896,Subversion
Client X,Org C,Project 51,Collection 1340,84850,Repo 4897,Subversion
Client X,Org C,Project 51,Collection 5045,84851,Repo 4898,Subversion
Client X,Org C,Project 51,Collection 5091,82664,Repo 4928,Subversion
Client X,Org C,Project 51,Collection 5095,84872,Repo 4931,Subversion
Client X,Org C,Project 51,Collection 5096,84873,Repo 4930,Subversion
Client X,Org C,Project 51,Collection 5097,84874,Repo 4932,Subversion
Client X,Org C,Project 51,Collection 5174,53492,Repo 2308,Subversion
Client X,Org C,Project 51,Collection 5242,53518,Repo 2382,Subversion
Client X,Org C,Project 51,Collection 1429,84919,Repo 4997,Subversion
Client X,Org C,Project 51,Collection 1452,43007,Repo 2434,Subversion
Client X,Org C,Project 51,Collection 1452,45421,Repo 7581,Jira
Client X,Org C,Project 51,Collection 5528,85021,Repo 5186,Subversion
Client X,Org C,Project 51,Collection 5535,97301,Repo 5189,Subversion
Client X,Org C,Project 51,Collection 5565,85033,Repo 5212,Subversion
Client X,Org C,Project 51,Collection 1550,85041,Repo 5216,Subversion
Client X,Org C,Project 51,Collection 5579,85042,Repo 5218,Subversion
Client X,Org C,Project 51,Collection 1571,85063,Repo 5251,Subversion
Client X,Org C,Project 51,Collection 5648,43144,Repo 2635,Subversion
Client X,Org C,Project 51,Collection 5648,45558,Repo 7715,Jira
Client X,Org C,Project 51,Collection 5649,85072,Repo 5260,Subversion
Client X,Org C,Project 51,Collection 5650,85073,Repo 5261,Subversion
Client X,Org C,Project 51,Collection 1575,85075,Repo 5263,Subversion
Client X,Org C,Project 265,Collection 4883,97502,Repo 4790,Subversion
Client X,Org C,Project 52,Collection 1592,83530,Repo 2675,Subversion
Client X,Org C,Project 52,Collection 1613,83536,Repo 2694,Subversion
Client X,Org C,Project 52,Collection 1614,83537,Repo 2695,Subversion
Client X,Org C,Project 52,Collection 1652,83545,Repo 2715,Subversion
Client X,Org C,Project 52,Collection 1681,43296,Repo 5400,Subversion
Client X,Org C,Project 52,Collection 1681,45710,Repo 5748,Jira
Client X,Org C,Project 52,Collection 1699,83572,Repo 2741,Subversion
Client X,Org C,Project 52,Collection 1701,51874,Repo 2742,Subversion
Client X,Org C,Project 52,Collection 1716,41148,Repo 92,Subversion
Client X,Org C,Project 52,Collection 1716,43562,Repo 5753,Jira
Client X,Org C,Project 52,Collection 1743,83588,Repo 2773,Subversion
Client X,Org C,Project 52,Collection 1747,97469,Repo 2775,Subversion
Client X,Org C,Project 52,Collection 1750,51896,Repo 114,Subversion
Client X,Org C,Project 52,Collection 1753,51898,Repo 2778,Subversion
Client X,Org C,Project 52,Collection 1757,51900,Repo 2782,Subversion
Client X,Org C,Project 52,Collection 78,41171,Repo 121,Subversion
Client X,Org C,Project 52,Collection 78,43585,Repo 5775,Jira
Client X,Org C,Project 52,Collection 1769,51902,Repo 123,Subversion
Client X,Org C,Project 52,Collection 1770,83595,Repo 2792,Subversion
Client X,Org C,Project 52,Collection 1771,83596,Repo 2793,Subversion
Client X,Org C,Project 52,Collection 1773,51903,Repo 125,Subversion
Client X,Org C,Project 52,Collection 1774,83597,Repo 2794,Subversion
Client X,Org C,Project 52,Collection 1825,79566,Repo 2830,Subversion
Client X,Org C,Project 52,Collection 1826,83621,Repo 2831,Subversion
Client X,Org C,Project 52,Collection 1827,83622,Repo 2832,Subversion
Client X,Org C,Project 52,Collection 1828,51925,Repo 2833,Subversion
Client X,Org C,Project 52,Collection 1829,97255,Repo 2834,Subversion
Client X,Org C,Project 52,Collection 1836,63799,Repo 2839,Subversion
Client X,Org C,Project 52,Collection 1842,83623,Repo 2841,Subversion
Client X,Org C,Project 52,Collection 1843,51932,Repo 161,Subversion
Client X,Org C,Project 52,Collection 1850,83625,Repo 2846,Subversion
Client X,Org C,Project 52,Collection 1895,83641,Repo 2875,Subversion
Client X,Org C,Project 52,Collection 1908,63804,Repo 2884,Subversion
Client X,Org C,Project 52,Collection 1920,83650,Repo 2890,Subversion
Client X,Org C,Project 52,Collection 1956,83679,Repo 2911,Subversion
Client X,Org C,Project 52,Collection 1999,64151,Repo 2952,Subversion
Client X,Org C,Project 52,Collection 2107,52073,Repo 330,Subversion
Client X,Org C,Project 52,Collection 257,82540,Repo 3098,Subversion
Client X,Org C,Project 52,Collection 2242,79312,Repo 3101,Subversion
Client X,Org C,Project 52,Collection 2243,79313,Repo 3102,Subversion
Client X,Org C,Project 52,Collection 2268,79428,Repo 3122,Subversion
Client X,Org C,Project 52,Collection 2607,52276,Repo 3359,Subversion
Client X,Org C,Project 52,Collection 2639,84012,Repo 3395,Subversion
Client X,Org C,Project 52,Collection 2668,84031,Repo 3413,Subversion
Client X,Org C,Project 52,Collection 2674,41614,Repo 676,Subversion
Client X,Org C,Project 52,Collection 2674,44028,Repo 6224,Jira
Client X,Org C,Project 52,Collection 2679,97479,Repo 3416,Subversion
Client X,Org C,Project 52,Collection 500,79454,Repo 3469,Subversion
Client X,Org C,Project 52,Collection 2991,84092,Repo 3541,Subversion
Client X,Org C,Project 52,Collection 3083,52461,Repo 1027,Subversion
Client X,Org C,Project 52,Collection 3118,97482,Repo 3615,Subversion
Client X,Org C,Project 52,Collection 3122,84143,Repo 3617,Subversion
Client X,Org C,Project 52,Collection 3129,84144,Repo 3619,Subversion
Client X,Org C,Project 52,Collection 646,63893,Repo 3652,Subversion
Client X,Org C,Project 52,Collection 647,79333,Repo 3653,Subversion
Client X,Org C,Project 52,Collection 3167,79334,Repo 3654,Subversion
Client X,Org C,Project 52,Collection 3168,82581,Repo 3655,Subversion
Client X,Org C,Project 52,Collection 3169,84154,Repo 3656,Subversion
Client X,Org C,Project 52,Collection 3170,52507,Repo 1081,Subversion
Client X,Org C,Project 52,Collection 3171,63894,Repo 3657,Subversion
Client X,Org C,Project 52,Collection 3172,84156,Repo 3658,Subversion
Client X,Org C,Project 52,Collection 3178,84159,Repo 3664,Subversion
Client X,Org C,Project 52,Collection 3180,63895,Repo 3665,Subversion
Client X,Org C,Project 52,Collection 3182,52510,Repo 1083,Subversion
Client X,Org C,Project 52,Collection 660,52521,Repo 1097,Subversion
Client X,Org C,Project 52,Collection 3270,82586,Repo 3721,Subversion
Client X,Org C,Project 52,Collection 3306,64211,Repo 3750,Subversion
Client X,Org C,Project 52,Collection 3365,84194,Repo 3781,Subversion
Client X,Org C,Project 52,Collection 3369,84197,Repo 3782,Subversion
Client X,Org C,Project 52,Collection 3375,84204,Repo 3788,Subversion
Client X,Org C,Project 52,Collection 3379,52624,Repo 3791,Subversion
Client X,Org C,Project 52,Collection 748,63916,Repo 3792,Subversion
Client X,Org C,Project 52,Collection 788,84272,Repo 3842,Subversion
Client X,Org C,Project 52,Collection 3460,63925,Repo 2661,Subversion
Client X,Org C,Project 52,Collection 3475,84276,Repo 3853,Subversion
Client X,Org C,Project 52,Collection 3477,84277,Repo 3854,Subversion
Client X,Org C,Project 52,Collection 3519,52693,Repo 1327,Subversion
Client X,Org C,Project 52,Collection 3671,52786,Repo 1440,Subversion
Client X,Org C,Project 52,Collection 3882,84422,Repo 4058,Subversion
Client X,Org C,Project 52,Collection 3951,84445,Repo 4102,Subversion
Client X,Org C,Project 52,Collection 3994,84461,Repo 4132,Subversion
Client X,Org C,Project 52,Collection 3995,52963,Repo 1677,Subversion
Client X,Org C,Project 52,Collection 3996,84462,Repo 4133,Subversion
Client X,Org C,Project 52,Collection 3997,52964,Repo 1678,Subversion
Client X,Org C,Project 52,Collection 3998,84463,Repo 4134,Subversion
Client X,Org C,Project 52,Collection 3999,52965,Repo 1679,Subversion
Client X,Org C,Project 52,Collection 4000,52966,Repo 1680,Subversion
Client X,Org C,Project 52,Collection 4001,84464,Repo 4135,Subversion
Client X,Org C,Project 52,Collection 4002,84465,Repo 4136,Subversion
Client X,Org C,Project 52,Collection 4118,84511,Repo 4215,Subversion
Client X,Org C,Project 52,Collection 4167,84527,Repo 4250,Subversion
Client X,Org C,Project 52,Collection 4183,63989,Repo 4260,Subversion
Client X,Org C,Project 52,Collection 1076,42479,Repo 1822,Subversion
Client X,Org C,Project 52,Collection 1076,44893,Repo 7099,Jira
Client X,Org C,Project 52,Collection 4327,53780,Repo 4351,Subversion
Client X,Org C,Project 52,Collection 4399,53129,Repo 4395,Subversion
Client X,Org C,Project 52,Collection 4401,53130,Repo 5535,Subversion
Client X,Org C,Project 52,Collection 4402,79509,Repo 4396,Subversion
Client X,Org C,Project 52,Collection 4403,79510,Repo 4397,Subversion
Client X,Org C,Project 52,Collection 4404,53131,Repo 4398,Subversion
Client X,Org C,Project 52,Collection 4405,53132,Repo 4399,Subversion
Client X,Org C,Project 52,Collection 4411,84646,Repo 4402,Subversion
Client X,Org C,Project 52,Collection 4413,64014,Repo 4404,Subversion
Client X,Org C,Project 52,Collection 4501,53182,Repo 4444,Subversion
Client X,Org C,Project 52,Collection 1174,53183,Repo 4445,Subversion
Client X,Org C,Project 52,Collection 4503,53184,Repo 4447,Subversion
Client X,Org C,Project 52,Collection 4504,53186,Repo 4448,Subversion
Client X,Org C,Project 52,Collection 1232,97496,Repo 4519,Subversion
Client X,Org C,Project 52,Collection 4595,97296,Repo 4520,Subversion
Client X,Org C,Project 52,Collection 1234,43382,Repo 5545,Subversion
Client X,Org C,Project 52,Collection 1234,45796,Repo 7300,Jira
Client X,Org C,Project 52,Collection 4596,97497,Repo 4521,Subversion
Client X,Org C,Project 52,Collection 1235,82652,Repo 4522,Subversion
Client X,Org C,Project 52,Collection 4872,42719,Repo 2105,Subversion
Client X,Org C,Project 52,Collection 4872,45133,Repo 7335,Jira
Client X,Org C,Project 52,Collection 4984,84822,Repo 4860,Subversion
Client X,Org C,Project 52,Collection 4986,53391,Repo 4862,Subversion
Client X,Org C,Project 52,Collection 4998,84825,Repo 4865,Subversion
Client X,Org C,Project 52,Collection 1322,42785,Repo 2196,Subversion
Client X,Org C,Project 52,Collection 1322,45199,Repo 7405,Jira
Client X,Org C,Project 52,Collection 5068,84859,Repo 4911,Subversion
Client X,Org C,Project 52,Collection 5087,97506,Repo 4924,Subversion
Client X,Org C,Project 52,Collection 5164,84894,Repo 4970,Subversion
Client X,Org C,Project 52,Collection 5330,53587,Repo 2433,Subversion
Client X,Org C,Project 52,Collection 5350,54747,Repo 5063,Subversion
Client X,Org C,Project 52,Collection 5382,53608,Repo 5080,Subversion
Client X,Org C,Project 52,Collection 5422,53626,Repo 5109,Subversion
Client X,Org C,Project 52,Collection 1544,43419,Repo 5589,Subversion
Client X,Org C,Project 52,Collection 1544,45833,Repo 7677,Jira
Client X,Org C,Project 52,Collection 5554,85030,Repo 5203,Subversion
Client X,Org C,Project 52,Collection 5556,82690,Repo 5206,Subversion
Client X,Org C,Project 52,Collection 5558,53705,Repo 5207,Subversion
Client X,Org C,Project 52,Collection 1551,64120,Repo 5220,Subversion
Client X,Org C,Project 52,Collection 5670,53754,Repo 5276,Subversion
Client X,Org C,Project 52,Collection 5672,43156,Repo 2648,Subversion
Client X,Org C,Project 52,Collection 5672,45570,Repo 7730,Jira
Client X,Org C,Project 53,Collection 1709,64132,Repo 2751,Subversion
Client X,Org C,Project 53,Collection 1849,51939,Repo 164,Subversion
Client X,Org C,Project 53,Collection 1942,83669,Repo 2902,Subversion
Client X,Org C,Project 53,Collection 2977,52408,Repo 5465,Subversion
Client X,Org C,Project 53,Collection 2988,52415,Repo 5466,Subversion
Client X,Org C,Project 53,Collection 3087,52464,Repo 3597,Subversion
Client X,Org C,Project 53,Collection 3199,84162,Repo 3678,Subversion
Client X,Org C,Project 53,Collection 3342,52603,Repo 3768,Subversion
Client X,Org C,Project 53,Collection 3679,84362,Repo 3960,Subversion
Client X,Org C,Project 53,Collection 3716,52807,Repo 3980,Subversion
Client X,Org C,Project 53,Collection 4319,97291,Repo 4347,Subversion
Client X,Org C,Project 53,Collection 4379,53116,Repo 5532,Subversion
Client X,Org C,Project 53,Collection 4385,84640,Repo 4385,Subversion
Client X,Org C,Project 53,Collection 4836,64049,Repo 4765,Subversion
Client X,Org C,Project 53,Collection 1454,84959,Repo 5049,Subversion
Client X,Org C,Project 53,Collection 5356,97509,Repo 5067,Subversion
Client X,Org C,Project 53,Collection 5432,43035,Repo 2481,Subversion
Client X,Org C,Project 53,Collection 5432,45449,Repo 7608,Jira
Client X,Org C,Project 53,Collection 5466,79544,Repo 5132,Subversion
Client X,Org C,Project 53,Collection 5486,53666,Repo 5144,Subversion
Client X,Org C,Project 53,Collection 5487,53667,Repo 5145,Subversion
Client X,Org C,Project 53,Collection 1529,53679,Repo 5172,Subversion
Client X,Org C,Project 53,Collection 1530,53680,Repo 5173,Subversion
Client X,Org C,Project 53,Collection 1531,53681,Repo 5174,Subversion
Client X,Org C,Project 53,Collection 5538,64319,Repo 5192,Subversion
Client X,Org C,Project 53,Collection 5539,85024,Repo 5191,Subversion
Client X,Org C,Project 53,Collection 5540,79552,Repo 5193,Subversion
Client X,Org C,Project 53,Collection 5551,64118,Repo 5202,Subversion
Client X,Org C,Project 54,Collection 1696,51871,Repo 82,Subversion
Client X,Org C,Project 54,Collection 1838,82518,Repo 2840,Subversion
Client X,Org C,Project 54,Collection 1882,79305,Repo 2866,Subversion
Client X,Org C,Project 54,Collection 1894,51954,Repo 184,Subversion
Client X,Org C,Project 54,Collection 1941,83667,Repo 2901,Subversion
Client X,Org C,Project 54,Collection 2046,83720,Repo 2985,Subversion
Client X,Org C,Project 54,Collection 203,82530,Repo 3007,Subversion
Client X,Org C,Project 54,Collection 204,79574,Repo 3008,Subversion
Client X,Org C,Project 54,Collection 205,82531,Repo 3009,Subversion
Client X,Org C,Project 54,Collection 2088,79575,Repo 3010,Subversion
Client X,Org C,Project 54,Collection 2089,82532,Repo 3011,Subversion
Client X,Org C,Project 54,Collection 2090,82533,Repo 3012,Subversion
Client X,Org C,Project 54,Collection 206,82534,Repo 3013,Subversion
Client X,Org C,Project 54,Collection 207,79576,Repo 3014,Subversion
Client X,Org C,Project 54,Collection 208,79577,Repo 3015,Subversion
Client X,Org C,Project 54,Collection 2091,79578,Repo 3016,Subversion
Client X,Org C,Project 54,Collection 2092,79579,Repo 3017,Subversion
Client X,Org C,Project 54,Collection 2093,79580,Repo 3018,Subversion
Client X,Org C,Project 54,Collection 209,79581,Repo 3019,Subversion
Client X,Org C,Project 54,Collection 210,83730,Repo 3021,Subversion
Client X,Org C,Project 54,Collection 2156,64159,Repo 3054,Subversion
Client X,Org C,Project 54,Collection 2184,82538,Repo 3069,Subversion
Client X,Org C,Project 54,Collection 2185,79637,Repo 3070,Subversion
Client X,Org C,Project 54,Collection 2481,52223,Repo 560,Subversion
Client X,Org C,Project 54,Collection 2517,79441,Repo 3292,Subversion
Client X,Org C,Project 54,Collection 2522,41535,Repo 590,Subversion
Client X,Org C,Project 54,Collection 2522,43949,Repo 6147,Jira
Client X,Org C,Project 54,Collection 394,52271,Repo 3351,Subversion
Client X,Org C,Project 54,Collection 2637,79639,Repo 3394,Subversion
Client X,Org C,Project 54,Collection 2969,52399,Repo 946,Subversion
Client X,Org C,Project 54,Collection 2971,64184,Repo 3529,Subversion
Client X,Org C,Project 54,Collection 570,64188,Repo 3532,Subversion
Client X,Org C,Project 54,Collection 2979,52410,Repo 3533,Subversion
Client X,Org C,Project 54,Collection 571,52411,Repo 3534,Subversion
Client X,Org C,Project 54,Collection 3022,64191,Repo 3558,Subversion
Client X,Org C,Project 54,Collection 609,63882,Repo 3589,Subversion
Client X,Org C,Project 54,Collection 3070,84125,Repo 3590,Subversion
Client X,Org C,Project 54,Collection 3071,82574,Repo 3591,Subversion
Client X,Org C,Project 54,Collection 3110,79465,Repo 3610,Subversion
Client X,Org C,Project 54,Collection 3115,64199,Repo 3612,Subversion
Client X,Org C,Project 54,Collection 679,52540,Repo 1122,Subversion
Client X,Org C,Project 54,Collection 681,52544,Repo 1126,Subversion
Client X,Org C,Project 54,Collection 721,84183,Repo 3746,Subversion
Client X,Org C,Project 54,Collection 3298,84184,Repo 3747,Subversion
Client X,Org C,Project 54,Collection 3571,52727,Repo 1359,Subversion
Client X,Org C,Project 54,Collection 3574,97280,Repo 3906,Subversion
Client X,Org C,Project 54,Collection 832,64221,Repo 3923,Subversion
Client X,Org C,Project 54,Collection 3665,84358,Repo 3953,Subversion
Client X,Org C,Project 54,Collection 3726,42244,Repo 1489,Subversion
Client X,Org C,Project 54,Collection 3726,44658,Repo 6856,Jira
Client X,Org C,Project 54,Collection 3731,42245,Repo 1494,Subversion
Client X,Org C,Project 54,Collection 3731,44659,Repo 6857,Jira
Client X,Org C,Project 54,Collection 3736,42246,Repo 1498,Subversion
Client X,Org C,Project 54,Collection 3736,44660,Repo 6858,Jira
Client X,Org C,Project 54,Collection 3888,64234,Repo 4064,Subversion
Client X,Org C,Project 54,Collection 3889,64235,Repo 4065,Subversion
Client X,Org C,Project 54,Collection 3891,64236,Repo 4067,Subversion
Client X,Org C,Project 54,Collection 4082,52993,Repo 1728,Subversion
Client X,Org C,Project 54,Collection 4113,53004,Repo 4210,Subversion
Client X,Org C,Project 54,Collection 4114,53005,Repo 4211,Subversion
Client X,Org C,Project 54,Collection 4156,53027,Repo 1771,Subversion
Client X,Org C,Project 54,Collection 4157,53028,Repo 1772,Subversion
Client X,Org C,Project 54,Collection 4171,53035,Repo 4253,Subversion
Client X,Org C,Project 54,Collection 4172,79646,Repo 4254,Subversion
Client X,Org C,Project 54,Collection 4214,79364,Repo 4282,Subversion
Client X,Org C,Project 54,Collection 4215,53054,Repo 1812,Subversion
Client X,Org C,Project 54,Collection 1073,79503,Repo 4287,Subversion
Client X,Org C,Project 54,Collection 4222,42475,Repo 1815,Subversion
Client X,Org C,Project 54,Collection 4222,44889,Repo 7096,Jira
Client X,Org C,Project 54,Collection 4225,63997,Repo 4290,Subversion
Client X,Org C,Project 54,Collection 4226,53058,Repo 5523,Subversion
Client X,Org C,Project 54,Collection 4227,53059,Repo 1817,Subversion
Client X,Org C,Project 54,Collection 4229,82637,Repo 4292,Subversion
Client X,Org C,Project 54,Collection 4231,64248,Repo 4294,Subversion
Client X,Org C,Project 54,Collection 4233,53061,Repo 4295,Subversion
Client X,Org C,Project 54,Collection 4235,53063,Repo 1820,Subversion
Client X,Org C,Project 54,Collection 4236,79504,Repo 4296,Subversion
Client X,Org C,Project 54,Collection 4237,63999,Repo 4297,Subversion
Client X,Org C,Project 54,Collection 4239,79609,Repo 4299,Subversion
Client X,Org C,Project 54,Collection 4320,84599,Repo 4348,Subversion
Client X,Org C,Project 54,Collection 1104,53097,Repo 1874,Subversion
Client X,Org C,Project 54,Collection 1106,53098,Repo 1877,Subversion
Client X,Org C,Project 54,Collection 4377,53115,Repo 1905,Subversion
Client X,Org C,Project 54,Collection 4515,64260,Repo 4461,Subversion
Client X,Org C,Project 54,Collection 5156,82669,Repo 4964,Subversion
Client X,Org C,Project 54,Collection 5158,53478,Repo 4965,Subversion
Client X,Org C,Project 54,Collection 5277,64299,Repo 5012,Subversion
Client X,Org C,Project 54,Collection 5401,79399,Repo 5094,Subversion
Client X,Org C,Project 54,Collection 1509,64311,Repo 5140,Subversion
Client X,Org C,Project 54,Collection 5495,85011,Repo 5157,Subversion
Client X,Org C,Project 54,Collection 5525,82689,Repo 5184,Subversion
Client X,Org C,Project 54,Collection 5673,85084,Repo 5280,Subversion
Client X,Org C,Project 266,Collection 3975,82621,Repo 4120,Subversion
Client X,Org C,Project 55,Collection 1663,43294,Repo 5399,Subversion
Client X,Org C,Project 55,Collection 1663,45708,Repo 5734,Jira
Client X,Org C,Project 55,Collection 1721,79411,Repo 2762,Subversion
Client X,Org C,Project 55,Collection 1742,51891,Repo 108,Subversion
Client X,Org C,Project 55,Collection 1873,51946,Repo 176,Subversion
Client X,Org C,Project 55,Collection 1960,51995,Repo 5407,Subversion
Client X,Org C,Project 55,Collection 1967,41255,Repo 224,Subversion
Client X,Org C,Project 55,Collection 1967,43669,Repo 5851,Jira
Client X,Org C,Project 55,Collection 151,43172,Repo 5291,Subversion
Client X,Org C,Project 55,Collection 151,45586,Repo 5876,Jira
Client X,Org C,Project 55,Collection 2016,52026,Repo 264,Subversion
Client X,Org C,Project 55,Collection 2066,52055,Repo 299,Subversion
Client X,Org C,Project 55,Collection 187,43176,Repo 5295,Subversion
Client X,Org C,Project 55,Collection 187,45590,Repo 5913,Jira
Client X,Org C,Project 55,Collection 2067,79420,Repo 2995,Subversion
Client X,Org C,Project 55,Collection 2304,52152,Repo 462,Subversion
Client X,Org C,Project 55,Collection 298,43183,Repo 5302,Subversion
Client X,Org C,Project 55,Collection 298,45597,Repo 6057,Jira
Client X,Org C,Project 55,Collection 2327,63838,Repo 3158,Subversion
Client X,Org C,Project 55,Collection 2534,41541,Repo 595,Subversion
Client X,Org C,Project 55,Collection 2534,43955,Repo 6154,Jira
Client X,Org C,Project 55,Collection 2573,52254,Repo 3331,Subversion
Client X,Org C,Project 55,Collection 2934,52384,Repo 915,Subversion
Client X,Org C,Project 55,Collection 2959,64183,Repo 3521,Subversion
Client X,Org C,Project 55,Collection 3194,79597,Repo 3674,Subversion
Client X,Org C,Project 55,Collection 3227,79601,Repo 3698,Subversion
Client X,Org C,Project 55,Collection 3366,52617,Repo 1221,Subversion
Client X,Org C,Project 55,Collection 3513,52689,Repo 1325,Subversion
Client X,Org C,Project 55,Collection 3625,64223,Repo 3931,Subversion
Client X,Org C,Project 55,Collection 3627,64224,Repo 3933,Subversion
Client X,Org C,Project 55,Collection 3855,52896,Repo 1593,Subversion
Client X,Org C,Project 55,Collection 3881,64232,Repo 4056,Subversion
Client X,Org C,Project 55,Collection 4038,79358,Repo 4155,Subversion
Client X,Org C,Project 55,Collection 4099,63977,Repo 4196,Subversion
Client X,Org C,Project 55,Collection 4137,79362,Repo 4232,Subversion
Client X,Org C,Project 55,Collection 4194,79363,Repo 4273,Subversion
Client X,Org C,Project 55,Collection 1072,82635,Repo 4281,Subversion
Client X,Org C,Project 55,Collection 4987,53392,Repo 5555,Subversion
Client X,Org C,Project 55,Collection 1321,43477,Repo 5668,Subversion
Client X,Org C,Project 55,Collection 1321,45891,Repo 7402,Jira
Client X,Org C,Project 55,Collection 5014,53397,Repo 2193,Subversion
Client X,Org C,Project 55,Collection 5055,84856,Repo 4905,Subversion
Client X,Org C,Project 55,Collection 5153,53787,Repo 4961,Subversion
Client X,Org C,Project 55,Collection 5363,43018,Repo 2449,Subversion
Client X,Org C,Project 55,Collection 5363,45432,Repo 7591,Jira
Client X,Org C,Project 55,Collection 5375,53604,Repo 5580,Subversion
Client X,Org C,Project 55,Collection 5377,64105,Repo 5076,Subversion
Client X,Org C,Project 55,Collection 5445,53640,Repo 2499,Subversion
Client X,Org C,Project 55,Collection 1479,84995,Repo 5116,Subversion
Client X,Org C,Project 55,Collection 1480,84996,Repo 5117,Subversion
Client X,Org C,Project 55,Collection 5522,53691,Repo 2558,Subversion
Client X,Org C,Project 55,Collection 5667,53753,Repo 2646,Subversion
Client X,Org C,Project 56,Collection 133,83683,Repo 2929,Subversion
Client X,Org C,Project 56,Collection 295,83812,Repo 3152,Subversion
Client X,Org C,Project 56,Collection 2324,52162,Repo 477,Subversion
Client X,Org C,Project 56,Collection 297,52163,Repo 3155,Subversion
Client X,Org C,Project 56,Collection 2483,63854,Repo 3277,Subversion
Client X,Org C,Project 56,Collection 2484,83876,Repo 3278,Subversion
Client X,Org C,Project 56,Collection 365,97260,Repo 3279,Subversion
Client X,Org C,Project 56,Collection 366,83877,Repo 3280,Subversion
Client X,Org C,Project 56,Collection 2486,83878,Repo 3281,Subversion
Client X,Org C,Project 56,Collection 2598,83951,Repo 3349,Subversion
Client X,Org C,Project 56,Collection 2763,97265,Repo 3445,Subversion
Client X,Org C,Project 56,Collection 3384,84208,Repo 3794,Subversion
Client X,Org C,Project 56,Collection 3385,84210,Repo 3795,Subversion
Client X,Org C,Project 56,Collection 3391,42067,Repo 1236,Subversion
Client X,Org C,Project 56,Collection 3391,44481,Repo 6687,Jira
Client X,Org C,Project 56,Collection 3392,52627,Repo 1237,Subversion
Client X,Org C,Project 56,Collection 3403,84243,Repo 3809,Subversion
Client X,Org C,Project 56,Collection 3456,84270,Repo 3839,Subversion
Client X,Org C,Project 56,Collection 787,84271,Repo 3841,Subversion
Client X,Org C,Project 56,Collection 4192,84537,Repo 4270,Subversion
Client X,Org C,Project 56,Collection 1065,84540,Repo 4274,Subversion
Client X,Org C,Project 56,Collection 4197,84541,Repo 4275,Subversion
Client X,Org C,Project 56,Collection 4330,42533,Repo 1876,Subversion
Client X,Org C,Project 56,Collection 4330,44947,Repo 7152,Jira
Client X,Org C,Project 56,Collection 5381,84970,Repo 5079,Subversion
Client X,Org C,Project 56,Collection 5423,84987,Repo 5110,Subversion
Client X,Org C,Project 56,Collection 5534,53694,Repo 2567,Subversion
Client X,Org C,Project 57,Collection 1666,41130,Repo 61,Subversion
Client X,Org C,Project 57,Collection 1666,43544,Repo 5736,Jira
Client X,Org C,Project 57,Collection 2007,41281,Repo 254,Subversion
Client X,Org C,Project 57,Collection 2007,43695,Repo 5875,Jira
Client X,Org C,Project 57,Collection 2387,52191,Repo 3215,Subversion
Client X,Org C,Project 57,Collection 542,41827,Repo 916,Subversion
Client X,Org C,Project 57,Collection 542,44241,Repo 6449,Jira
Client X,Org C,Project 57,Collection 3044,52441,Repo 1002,Subversion
Client X,Org C,Project 57,Collection 3250,63907,Repo 3712,Subversion
Client X,Org C,Project 57,Collection 3512,52688,Repo 3870,Subversion
Client X,Org C,Project 57,Collection 3602,79345,Repo 3918,Subversion
Client X,Org C,Project 57,Collection 3632,52761,Repo 1411,Subversion
Client X,Org C,Project 57,Collection 3635,52766,Repo 1412,Subversion
Client X,Org C,Project 57,Collection 3636,52767,Repo 1413,Subversion
Client X,Org C,Project 57,Collection 3724,52817,Repo 1487,Subversion
Client X,Org C,Project 57,Collection 3725,52818,Repo 1488,Subversion
Client X,Org C,Project 57,Collection 3727,52819,Repo 1490,Subversion
Client X,Org C,Project 57,Collection 3728,52820,Repo 1491,Subversion
Client X,Org C,Project 57,Collection 3729,52821,Repo 1492,Subversion
Client X,Org C,Project 57,Collection 3730,52822,Repo 1493,Subversion
Client X,Org C,Project 57,Collection 3732,52823,Repo 1495,Subversion
Client X,Org C,Project 57,Collection 3733,52824,Repo 1496,Subversion
Client X,Org C,Project 57,Collection 3734,52825,Repo 1497,Subversion
Client X,Org C,Project 57,Collection 3761,42263,Repo 1517,Subversion
Client X,Org C,Project 57,Collection 3761,44677,Repo 6876,Jira
Client X,Org C,Project 57,Collection 3764,63954,Repo 3998,Subversion
Client X,Org C,Project 57,Collection 3765,64229,Repo 4000,Subversion
Client X,Org C,Project 57,Collection 3766,52840,Repo 1520,Subversion
Client X,Org C,Project 57,Collection 3851,52893,Repo 2663,Subversion
Client X,Org C,Project 57,Collection 974,52939,Repo 4104,Subversion
Client X,Org C,Project 57,Collection 4100,52996,Repo 4197,Subversion
Client X,Org C,Project 57,Collection 4425,53143,Repo 1933,Subversion
Client X,Org C,Project 57,Collection 4500,64022,Repo 4443,Subversion
Client X,Org C,Project 57,Collection 4567,64031,Repo 4487,Subversion
Client X,Org C,Project 57,Collection 4912,53356,Repo 2139,Subversion
Client X,Org C,Project 57,Collection 4914,53357,Repo 2141,Subversion
Client X,Org C,Project 57,Collection 5021,79653,Repo 4880,Subversion
Client X,Org C,Project 57,Collection 5023,42788,Repo 2201,Subversion
Client X,Org C,Project 57,Collection 5023,45202,Repo 7409,Jira
Client X,Org C,Project 57,Collection 5111,64288,Repo 4938,Subversion
Client X,Org C,Project 57,Collection 5497,53673,Repo 2545,Subversion
Client X,Org C,Project 57,Collection 5498,53674,Repo 2546,Subversion
Client X,Org C,Project 57,Collection 5499,53675,Repo 2547,Subversion
Client X,Org C,Project 57,Collection 5500,53676,Repo 2548,Subversion
Client X,Org C,Project 267,Collection 1833,64140,Repo 2836,Subversion
Client X,Org C,Project 267,Collection 1834,64141,Repo 2837,Subversion
Client X,Org C,Project 267,Collection 1855,83627,Repo 2847,Subversion
Client X,Org C,Project 267,Collection 1991,83691,Repo 2946,Subversion
Client X,Org C,Project 267,Collection 2094,52063,Repo 3020,Subversion
Client X,Org C,Project 267,Collection 2095,63817,Repo 3022,Subversion
Client X,Org C,Project 267,Collection 2109,52075,Repo 3032,Subversion
Client X,Org C,Project 267,Collection 2180,52116,Repo 387,Subversion
Client X,Org C,Project 267,Collection 2305,52153,Repo 463,Subversion
Client X,Org C,Project 267,Collection 2322,83813,Repo 3153,Subversion
Client X,Org C,Project 267,Collection 2337,52170,Repo 3164,Subversion
Client X,Org C,Project 267,Collection 2585,52261,Repo 5444,Subversion
Client X,Org C,Project 267,Collection 3074,52458,Repo 5469,Subversion
Client X,Org C,Project 267,Collection 3130,79466,Repo 3620,Subversion
Client X,Org C,Project 267,Collection 3133,41943,Repo 1063,Subversion
Client X,Org C,Project 267,Collection 3133,44357,Repo 6563,Jira
Client X,Org C,Project 267,Collection 3166,52505,Repo 3651,Subversion
Client X,Org C,Project 267,Collection 3457,52665,Repo 3840,Subversion
Client X,Org C,Project 267,Collection 3501,52681,Repo 1314,Subversion
Client X,Org C,Project 267,Collection 3502,52682,Repo 5494,Subversion
Client X,Org C,Project 267,Collection 3634,52763,Repo 3938,Subversion
Client X,Org C,Project 267,Collection 3780,79644,Repo 4013,Subversion
Client X,Org C,Project 267,Collection 3938,97284,Repo 4095,Subversion
Client X,Org C,Project 267,Collection 3952,54700,Repo 4103,Subversion
Client X,Org C,Project 267,Collection 4122,63980,Repo 4217,Subversion
Client X,Org C,Project 267,Collection 4128,63983,Repo 4223,Subversion
Client X,Org C,Project 267,Collection 4165,53032,Repo 1775,Subversion
Client X,Org C,Project 267,Collection 4344,53105,Repo 1885,Subversion
Client X,Org C,Project 267,Collection 4347,84622,Repo 4369,Subversion
Client X,Org C,Project 267,Collection 4533,42642,Repo 2009,Subversion
Client X,Org C,Project 267,Collection 4533,45056,Repo 7258,Jira
Client X,Org C,Project 267,Collection 4554,53205,Repo 2031,Subversion
Client X,Org C,Project 267,Collection 4558,64028,Repo 4484,Subversion
Client X,Org C,Project 267,Collection 4559,64029,Repo 4485,Subversion
Client X,Org C,Project 267,Collection 4560,64030,Repo 4486,Subversion
Client X,Org C,Project 267,Collection 4844,53332,Repo 2089,Subversion
Client X,Org C,Project 267,Collection 4861,53336,Repo 2101,Subversion
Client X,Org C,Project 267,Collection 5053,53411,Repo 4903,Subversion
Client X,Org C,Project 267,Collection 5157,53477,Repo 2294,Subversion
Client X,Org C,Project 267,Collection 5247,53521,Repo 2386,Subversion
Client X,Org C,Project 267,Collection 5299,84941,Repo 5029,Subversion
Client X,Org C,Project 267,Collection 5581,85043,Repo 5219,Subversion
Client X,Org C,Project 267,Collection 5611,53732,Repo 2611,Subversion
Client X,Org C,Project 267,Collection 5647,53747,Repo 2634,Subversion
Client X,Org C,Project 58,Collection 1875,41215,Repo 178,Subversion
Client X,Org C,Project 58,Collection 1875,43629,Repo 5820,Jira
Client X,Org C,Project 58,Collection 1949,51986,Repo 214,Subversion
Client X,Org C,Project 58,Collection 2515,52241,Repo 583,Subversion
Client X,Org C,Project 58,Collection 2516,97263,Repo 3291,Subversion
Client X,Org C,Project 58,Collection 2518,52242,Repo 584,Subversion
Client X,Org C,Project 58,Collection 2520,52243,Repo 587,Subversion
Client X,Org C,Project 58,Collection 372,41533,Repo 588,Subversion
Client X,Org C,Project 58,Collection 372,43947,Repo 6145,Jira
Client X,Org C,Project 58,Collection 2601,79450,Repo 3352,Subversion
Client X,Org C,Project 58,Collection 2644,41593,Repo 652,Subversion
Client X,Org C,Project 58,Collection 2644,44007,Repo 6202,Jira
Client X,Org C,Project 58,Collection 2645,79451,Repo 3398,Subversion
Client X,Org C,Project 58,Collection 2811,52356,Repo 793,Subversion
Client X,Org C,Project 58,Collection 2922,79456,Repo 3498,Subversion
Client X,Org C,Project 58,Collection 2998,52423,Repo 964,Subversion
Client X,Org C,Project 58,Collection 3575,52729,Repo 1363,Subversion
Client X,Org C,Project 58,Collection 3691,52793,Repo 1456,Subversion
Client X,Org C,Project 58,Collection 3751,52834,Repo 1507,Subversion
Client X,Org C,Project 58,Collection 3926,52925,Repo 1637,Subversion
Client X,Org C,Project 58,Collection 3928,52926,Repo 1639,Subversion
Client X,Org C,Project 58,Collection 3983,52953,Repo 1670,Subversion
Client X,Org C,Project 58,Collection 4086,52994,Repo 5519,Subversion
Client X,Org C,Project 58,Collection 4179,53038,Repo 1785,Subversion
Client X,Org C,Project 58,Collection 4212,53052,Repo 1810,Subversion
Client X,Org C,Project 58,Collection 4855,53334,Repo 2094,Subversion
Client X,Org C,Project 58,Collection 4867,82656,Repo 4783,Subversion
Client X,Org C,Project 58,Collection 4886,42723,Repo 2116,Subversion
Client X,Org C,Project 58,Collection 4886,45137,Repo 7339,Jira
Client X,Org C,Project 58,Collection 1273,42729,Repo 2122,Subversion
Client X,Org C,Project 58,Collection 1273,45143,Repo 7348,Jira
Client X,Org C,Project 58,Collection 4895,53349,Repo 2124,Subversion
Client X,Org C,Project 58,Collection 4896,53350,Repo 2123,Subversion
Client X,Org C,Project 58,Collection 4900,64275,Repo 4795,Subversion
Client X,Org C,Project 58,Collection 4941,53371,Repo 2157,Subversion
Client X,Org C,Project 58,Collection 5037,53407,Repo 2210,Subversion
Client X,Org C,Project 58,Collection 5195,53499,Repo 2333,Subversion
Client X,Org C,Project 58,Collection 5223,53508,Repo 4984,Subversion
Client X,Org C,Project 58,Collection 5231,53513,Repo 2372,Subversion
Client X,Org C,Project 58,Collection 5281,53563,Repo 2408,Subversion
Client X,Org C,Project 58,Collection 5390,53613,Repo 2466,Subversion
Client X,Org C,Project 58,Collection 5552,53703,Repo 2575,Subversion
Client X,Org C,Project 59,Collection 1612,41091,Repo 12,Subversion
Client X,Org C,Project 59,Collection 1612,43505,Repo 5692,Jira
Client X,Org C,Project 59,Collection 1832,63798,Repo 2835,Subversion
Client X,Org C,Project 59,Collection 1853,51940,Repo 167,Subversion
Client X,Org C,Project 59,Collection 1852,82519,Repo 2845,Subversion
Client X,Org C,Project 59,Collection 1854,51942,Repo 168,Subversion
Client X,Org C,Project 59,Collection 115,43170,Repo 5289,Subversion
Client X,Org C,Project 59,Collection 115,45584,Repo 5842,Jira
Client X,Org C,Project 59,Collection 1931,51969,Repo 205,Subversion
Client X,Org C,Project 59,Collection 1973,52004,Repo 232,Subversion
Client X,Org C,Project 59,Collection 139,41267,Repo 237,Subversion
Client X,Org C,Project 59,Collection 139,43681,Repo 5862,Jira
Client X,Org C,Project 59,Collection 2078,82528,Repo 2999,Subversion
Client X,Org C,Project 59,Collection 2167,52106,Repo 382,Subversion
Client X,Org C,Project 59,Collection 2201,52127,Repo 399,Subversion
Client X,Org C,Project 59,Collection 2209,52130,Repo 5425,Subversion
Client X,Org C,Project 59,Collection 2269,52142,Repo 442,Subversion
Client X,Org C,Project 59,Collection 278,64165,Repo 3124,Subversion
Client X,Org C,Project 59,Collection 2670,41609,Repo 670,Subversion
Client X,Org C,Project 59,Collection 2670,44023,Repo 6219,Jira
Client X,Org C,Project 59,Collection 445,41611,Repo 672,Subversion
Client X,Org C,Project 59,Collection 445,44025,Repo 6221,Jira
Client X,Org C,Project 59,Collection 499,41703,Repo 776,Subversion
Client X,Org C,Project 59,Collection 499,44117,Repo 6322,Jira
Client X,Org C,Project 59,Collection 585,43207,Repo 5324,Subversion
Client X,Org C,Project 59,Collection 585,45621,Repo 6507,Jira
Client X,Org C,Project 59,Collection 3067,41907,Repo 1016,Subversion
Client X,Org C,Project 59,Collection 3067,44321,Repo 6532,Jira
Client X,Org C,Project 59,Collection 3068,52456,Repo 1017,Subversion
Client X,Org C,Project 59,Collection 3078,41912,Repo 1022,Subversion
Client X,Org C,Project 59,Collection 3078,44326,Repo 6536,Jira
Client X,Org C,Project 59,Collection 3534,82600,Repo 3887,Subversion
Client X,Org C,Project 59,Collection 3655,42193,Repo 1428,Subversion
Client X,Org C,Project 59,Collection 3655,44607,Repo 6812,Jira
Client X,Org C,Project 59,Collection 3697,79486,Repo 3971,Subversion
Client X,Org C,Project 59,Collection 3718,52815,Repo 1479,Subversion
Client X,Org C,Project 59,Collection 881,42239,Repo 1480,Subversion
Client X,Org C,Project 59,Collection 881,44653,Repo 6851,Jira
Client X,Org C,Project 59,Collection 3762,52839,Repo 1518,Subversion
Client X,Org C,Project 59,Collection 929,97489,Repo 4034,Subversion
Client X,Org C,Project 59,Collection 949,63965,Repo 4061,Subversion
Client X,Org C,Project 59,Collection 3886,64233,Repo 4062,Subversion
Client X,Org C,Project 59,Collection 3924,79354,Repo 4086,Subversion
Client X,Org C,Project 59,Collection 3931,79494,Repo 4089,Subversion
Client X,Org C,Project 59,Collection 3933,79495,Repo 4090,Subversion
Client X,Org C,Project 59,Collection 970,79355,Repo 4091,Subversion
Client X,Org C,Project 59,Collection 3934,63967,Repo 4092,Subversion
Client X,Org C,Project 59,Collection 3935,79496,Repo 4093,Subversion
Client X,Org C,Project 59,Collection 3936,79497,Repo 4094,Subversion
Client X,Org C,Project 59,Collection 3947,42353,Repo 1651,Subversion
Client X,Org C,Project 59,Collection 3947,44767,Repo 6977,Jira
Client X,Org C,Project 59,Collection 997,42391,Repo 1704,Subversion
Client X,Org C,Project 59,Collection 997,44805,Repo 7012,Jira
Client X,Org C,Project 59,Collection 4321,53095,Repo 1871,Subversion
Client X,Org C,Project 59,Collection 4322,53096,Repo 4349,Subversion
Client X,Org C,Project 59,Collection 4343,79506,Repo 4366,Subversion
Client X,Org C,Project 59,Collection 4480,64019,Repo 4429,Subversion
Client X,Org C,Project 59,Collection 4589,53226,Repo 2059,Subversion
Client X,Org C,Project 59,Collection 1229,42679,Repo 2061,Subversion
Client X,Org C,Project 59,Collection 1229,45093,Repo 7295,Jira
Client X,Org C,Project 59,Collection 4591,53228,Repo 2062,Subversion
Client X,Org C,Project 59,Collection 4856,79374,Repo 4775,Subversion
Client X,Org C,Project 59,Collection 4875,64051,Repo 4786,Subversion
Client X,Org C,Project 59,Collection 4876,64052,Repo 4787,Subversion
Client X,Org C,Project 59,Collection 4877,53341,Repo 4788,Subversion
Client X,Org C,Project 59,Collection 5219,42947,Repo 2362,Subversion
Client X,Org C,Project 59,Collection 5219,45361,Repo 7531,Jira
Client X,Org C,Project 59,Collection 1419,53509,Repo 2367,Subversion
Client X,Org C,Project 59,Collection 5225,82670,Repo 4985,Subversion
Client X,Org C,Project 59,Collection 5228,53511,Repo 2370,Subversion
Client X,Org C,Project 59,Collection 5230,53512,Repo 2371,Subversion
Client X,Org C,Project 59,Collection 5297,42984,Repo 2416,Subversion
Client X,Org C,Project 59,Collection 5297,45398,Repo 7568,Jira
Client X,Org C,Project 59,Collection 5512,53682,Repo 2552,Subversion
Client X,Org C,Project 59,Collection 5550,79553,Repo 5200,Subversion
Client X,Org C,Project 59,Collection 1542,79554,Repo 5201,Subversion
Client X,Org C,Project 59,Collection 1546,64320,Repo 5205,Subversion
Client X,Org C,Project 59,Collection 5559,53706,Repo 2578,Subversion
Client X,Org C,Project 60,Collection 1622,41097,Repo 17,Subversion
Client X,Org C,Project 60,Collection 1622,43511,Repo 5699,Jira
Client X,Org C,Project 60,Collection 1817,51923,Repo 2825,Subversion
Client X,Org C,Project 60,Collection 1839,51929,Repo 158,Subversion
Client X,Org C,Project 60,Collection 1874,41214,Repo 177,Subversion
Client X,Org C,Project 60,Collection 1874,43628,Repo 5819,Jira
Client X,Org C,Project 60,Collection 1893,41222,Repo 183,Subversion
Client X,Org C,Project 60,Collection 1893,43636,Repo 5825,Jira
Client X,Org C,Project 60,Collection 1909,51959,Repo 194,Subversion
Client X,Org C,Project 60,Collection 2023,52030,Repo 269,Subversion
Client X,Org C,Project 60,Collection 2024,52031,Repo 5412,Subversion
Client X,Org C,Project 60,Collection 2025,41295,Repo 270,Subversion
Client X,Org C,Project 60,Collection 2025,43709,Repo 5891,Jira
Client X,Org C,Project 60,Collection 2039,52040,Repo 5414,Subversion
Client X,Org C,Project 60,Collection 2147,41361,Repo 363,Subversion
Client X,Org C,Project 60,Collection 2147,43775,Repo 5961,Jira
Client X,Org C,Project 60,Collection 244,64162,Repo 3067,Subversion
Client X,Org C,Project 60,Collection 2331,52168,Repo 3159,Subversion
Client X,Org C,Project 60,Collection 2675,63863,Repo 3415,Subversion
Client X,Org C,Project 60,Collection 2980,52412,Repo 3535,Subversion
Client X,Org C,Project 60,Collection 2981,52413,Repo 956,Subversion
Client X,Org C,Project 60,Collection 2994,64190,Repo 3543,Subversion
Client X,Org C,Project 60,Collection 3054,52448,Repo 3580,Subversion
Client X,Org C,Project 60,Collection 608,43444,Repo 5626,Subversion
Client X,Org C,Project 60,Collection 608,45858,Repo 6530,Jira
Client X,Org C,Project 60,Collection 3076,41911,Repo 1021,Subversion
Client X,Org C,Project 60,Collection 3076,44325,Repo 6535,Jira
Client X,Org C,Project 60,Collection 615,43209,Repo 5326,Subversion
Client X,Org C,Project 60,Collection 615,45623,Repo 6545,Jira
Client X,Org C,Project 60,Collection 3094,52467,Repo 5470,Subversion
Client X,Org C,Project 60,Collection 3095,52468,Repo 3603,Subversion
Client X,Org C,Project 60,Collection 3096,84135,Repo 3604,Subversion
Client X,Org C,Project 60,Collection 616,64197,Repo 3605,Subversion
Client X,Org C,Project 60,Collection 3177,41955,Repo 1082,Subversion
Client X,Org C,Project 60,Collection 3177,44369,Repo 6576,Jira
Client X,Org C,Project 60,Collection 648,63896,Repo 3666,Subversion
Client X,Org C,Project 60,Collection 3183,52511,Repo 1084,Subversion
Client X,Org C,Project 60,Collection 682,41983,Repo 1127,Subversion
Client X,Org C,Project 60,Collection 682,44397,Repo 6606,Jira
Client X,Org C,Project 60,Collection 3268,43451,Repo 5633,Subversion
Client X,Org C,Project 60,Collection 3268,45865,Repo 6626,Jira
Client X,Org C,Project 60,Collection 3285,52566,Repo 3735,Subversion
Client X,Org C,Project 60,Collection 3395,52630,Repo 1239,Subversion
Client X,Org C,Project 60,Collection 3397,52632,Repo 3800,Subversion
Client X,Org C,Project 60,Collection 773,42092,Repo 1270,Subversion
Client X,Org C,Project 60,Collection 773,44506,Repo 6710,Jira
Client X,Org C,Project 60,Collection 3438,52652,Repo 1271,Subversion
Client X,Org C,Project 60,Collection 3440,52654,Repo 1273,Subversion
Client X,Org C,Project 60,Collection 3471,82597,Repo 3851,Subversion
Client X,Org C,Project 60,Collection 3511,84294,Repo 3869,Subversion
Client X,Org C,Project 60,Collection 3521,42132,Repo 1328,Subversion
Client X,Org C,Project 60,Collection 3521,44546,Repo 6754,Jira
Client X,Org C,Project 60,Collection 3535,42136,Repo 1334,Subversion
Client X,Org C,Project 60,Collection 3535,44550,Repo 6758,Jira
Client X,Org C,Project 60,Collection 3641,42185,Repo 1415,Subversion
Client X,Org C,Project 60,Collection 3641,44599,Repo 6804,Jira
Client X,Org C,Project 60,Collection 3673,52787,Repo 1442,Subversion
Client X,Org C,Project 60,Collection 3674,52788,Repo 1443,Subversion
Client X,Org C,Project 60,Collection 3714,52806,Repo 3978,Subversion
Client X,Org C,Project 60,Collection 874,79487,Repo 3979,Subversion
Client X,Org C,Project 60,Collection 882,42240,Repo 1481,Subversion
Client X,Org C,Project 60,Collection 882,44654,Repo 6852,Jira
Client X,Org C,Project 60,Collection 891,43361,Repo 5504,Subversion
Client X,Org C,Project 60,Collection 891,45775,Repo 6869,Jira
Client X,Org C,Project 60,Collection 892,42258,Repo 1511,Subversion
Client X,Org C,Project 60,Collection 892,44672,Repo 6870,Jira
Client X,Org C,Project 60,Collection 900,63956,Repo 4004,Subversion
Client X,Org C,Project 60,Collection 3771,52846,Repo 4006,Subversion
Client X,Org C,Project 60,Collection 3909,52920,Repo 1624,Subversion
Client X,Org C,Project 60,Collection 965,52923,Repo 4087,Subversion
Client X,Org C,Project 60,Collection 3940,54699,Repo 4096,Subversion
Client X,Org C,Project 60,Collection 4056,79359,Repo 4167,Subversion
Client X,Org C,Project 60,Collection 4220,53055,Repo 1813,Subversion
Client X,Org C,Project 60,Collection 4228,84549,Repo 4291,Subversion
Client X,Org C,Project 60,Collection 4230,63998,Repo 4293,Subversion
Client X,Org C,Project 60,Collection 1075,82638,Repo 4301,Subversion
Client X,Org C,Project 60,Collection 4241,53066,Repo 4302,Subversion
Client X,Org C,Project 60,Collection 4512,53190,Repo 1996,Subversion
Client X,Org C,Project 60,Collection 1180,84670,Repo 4457,Subversion
Client X,Org C,Project 60,Collection 1181,82646,Repo 4458,Subversion
Client X,Org C,Project 60,Collection 4526,79368,Repo 4468,Subversion
Client X,Org C,Project 60,Collection 4529,79616,Repo 4471,Subversion
Client X,Org C,Project 60,Collection 4550,84675,Repo 4483,Subversion
Client X,Org C,Project 60,Collection 4562,42666,Repo 2038,Subversion
Client X,Org C,Project 60,Collection 4562,45080,Repo 7282,Jira
Client X,Org C,Project 60,Collection 4570,53210,Repo 2045,Subversion
Client X,Org C,Project 60,Collection 1266,42716,Repo 2100,Subversion
Client X,Org C,Project 60,Collection 1266,45130,Repo 7333,Jira
Client X,Org C,Project 60,Collection 4864,82655,Repo 4779,Subversion
Client X,Org C,Project 60,Collection 4870,84792,Repo 4784,Subversion
Client X,Org C,Project 60,Collection 4871,84793,Repo 4785,Subversion
Client X,Org C,Project 60,Collection 4873,53340,Repo 2106,Subversion
Client X,Org C,Project 60,Collection 4874,42720,Repo 2107,Subversion
Client X,Org C,Project 60,Collection 4874,45134,Repo 7336,Jira
Client X,Org C,Project 60,Collection 4879,53343,Repo 2109,Subversion
Client X,Org C,Project 60,Collection 1271,42724,Repo 2117,Subversion
Client X,Org C,Project 60,Collection 1271,45138,Repo 7340,Jira
Client X,Org C,Project 60,Collection 4889,42725,Repo 2118,Subversion
Client X,Org C,Project 60,Collection 4889,45139,Repo 7342,Jira
Client X,Org C,Project 60,Collection 4929,79377,Repo 4805,Subversion
Client X,Org C,Project 60,Collection 4951,53378,Repo 2163,Subversion
Client X,Org C,Project 60,Collection 4959,82660,Repo 4818,Subversion
Client X,Org C,Project 60,Collection 5371,53602,Repo 2457,Subversion
Client X,Org C,Project 60,Collection 1481,43050,Repo 2501,Subversion
Client X,Org C,Project 60,Collection 1481,45464,Repo 7622,Jira
Client X,Org C,Project 60,Collection 1505,43073,Repo 2529,Subversion
Client X,Org C,Project 60,Collection 1505,45487,Repo 7644,Jira
Client X,Org C,Project 60,Collection 5585,43119,Repo 2595,Subversion
Client X,Org C,Project 60,Collection 5585,45533,Repo 7692,Jira
Client X,Org C,Project 60,Collection 1555,43120,Repo 2596,Subversion
Client X,Org C,Project 60,Collection 1555,45534,Repo 7693,Jira
Client X,Org C,Project 60,Collection 5587,79556,Repo 5223,Subversion
Client X,Org C,Project 60,Collection 5603,53726,Repo 5592,Subversion
Client X,Org C,Project 60,Collection 1573,53746,Repo 2632,Subversion
Client X,Org C,Project 61,Collection 1591,54650,Repo 2674,Subversion
Client X,Org C,Project 61,Collection 1597,79301,Repo 2681,Subversion
Client X,Org C,Project 61,Collection 1758,64137,Repo 2783,Subversion
Client X,Org C,Project 61,Collection 83,41174,Repo 2801,Subversion
Client X,Org C,Project 61,Collection 83,43588,Repo 5779,Jira
Client X,Org C,Project 61,Collection 1784,41178,Repo 130,Subversion
Client X,Org C,Project 61,Collection 1784,43592,Repo 5782,Jira
Client X,Org C,Project 61,Collection 1837,41202,Repo 156,Subversion
Client X,Org C,Project 61,Collection 1837,43616,Repo 5808,Jira
Client X,Org C,Project 61,Collection 1888,64146,Repo 2871,Subversion
Client X,Org C,Project 61,Collection 2010,52021,Repo 257,Subversion
Client X,Org C,Project 61,Collection 162,41294,Repo 268,Subversion
Client X,Org C,Project 61,Collection 162,43708,Repo 5889,Jira
Client X,Org C,Project 61,Collection 202,83729,Repo 3006,Subversion
Client X,Org C,Project 61,Collection 2149,41362,Repo 364,Subversion
Client X,Org C,Project 61,Collection 2149,43776,Repo 5962,Jira
Client X,Org C,Project 61,Collection 2323,52161,Repo 476,Subversion
Client X,Org C,Project 61,Collection 2417,83857,Repo 3238,Subversion
Client X,Org C,Project 61,Collection 2475,41513,Repo 555,Subversion
Client X,Org C,Project 61,Collection 2475,43927,Repo 6127,Jira
Client X,Org C,Project 61,Collection 2482,82556,Repo 3275,Subversion
Client X,Org C,Project 61,Collection 2500,52232,Repo 569,Subversion
Client X,Org C,Project 61,Collection 2526,41537,Repo 592,Subversion
Client X,Org C,Project 61,Collection 2526,43951,Repo 6150,Jira
Client X,Org C,Project 61,Collection 2535,52244,Repo 3299,Subversion
Client X,Org C,Project 61,Collection 2536,83889,Repo 3300,Subversion
Client X,Org C,Project 61,Collection 2579,41559,Repo 613,Subversion
Client X,Org C,Project 61,Collection 2579,43973,Repo 6166,Jira
Client X,Org C,Project 61,Collection 397,43433,Repo 5614,Subversion
Client X,Org C,Project 61,Collection 397,45847,Repo 6176,Jira
Client X,Org C,Project 61,Collection 2671,41610,Repo 671,Subversion
Client X,Org C,Project 61,Collection 2671,44024,Repo 6220,Jira
Client X,Org C,Project 61,Collection 2786,41702,Repo 773,Subversion
Client X,Org C,Project 61,Collection 2786,44116,Repo 6321,Jira
Client X,Org C,Project 61,Collection 2800,52349,Repo 5458,Subversion
Client X,Org C,Project 61,Collection 2813,52357,Repo 794,Subversion
Client X,Org C,Project 61,Collection 2816,52359,Repo 797,Subversion
Client X,Org C,Project 61,Collection 2818,63868,Repo 3471,Subversion
Client X,Org C,Project 61,Collection 3020,63880,Repo 3556,Subversion
Client X,Org C,Project 61,Collection 3021,52431,Repo 982,Subversion
Client X,Org C,Project 61,Collection 642,41950,Repo 1075,Subversion
Client X,Org C,Project 61,Collection 642,44364,Repo 6571,Jira
Client X,Org C,Project 61,Collection 3159,52502,Repo 1076,Subversion
Client X,Org C,Project 61,Collection 3165,63892,Repo 3650,Subversion
Client X,Org C,Project 61,Collection 3179,84160,Repo 3663,Subversion
Client X,Org C,Project 61,Collection 3284,42010,Repo 1162,Subversion
Client X,Org C,Project 61,Collection 3284,44424,Repo 6638,Jira
Client X,Org C,Project 61,Collection 3286,52567,Repo 1163,Subversion
Client X,Org C,Project 61,Collection 3310,42020,Repo 1180,Subversion
Client X,Org C,Project 61,Collection 3310,44434,Repo 6647,Jira
Client X,Org C,Project 61,Collection 3473,52669,Repo 1297,Subversion
Client X,Org C,Project 61,Collection 3476,42107,Repo 1298,Subversion
Client X,Org C,Project 61,Collection 3476,44521,Repo 6730,Jira
Client X,Org C,Project 61,Collection 3483,52671,Repo 1302,Subversion
Client X,Org C,Project 61,Collection 3484,52672,Repo 1303,Subversion
Client X,Org C,Project 61,Collection 3485,42111,Repo 1304,Subversion
Client X,Org C,Project 61,Collection 3485,44525,Repo 6734,Jira
Client X,Org C,Project 61,Collection 3509,84292,Repo 3867,Subversion
Client X,Org C,Project 61,Collection 806,82599,Repo 3868,Subversion
Client X,Org C,Project 61,Collection 3555,42143,Repo 1348,Subversion
Client X,Org C,Project 61,Collection 3555,44557,Repo 6766,Jira
Client X,Org C,Project 61,Collection 3572,42149,Repo 1360,Subversion
Client X,Org C,Project 61,Collection 3572,44563,Repo 6772,Jira
Client X,Org C,Project 61,Collection 3607,42170,Repo 1389,Subversion
Client X,Org C,Project 61,Collection 3607,44584,Repo 6789,Jira
Client X,Org C,Project 61,Collection 3763,42264,Repo 1519,Subversion
Client X,Org C,Project 61,Collection 3763,44678,Repo 6877,Jira
Client X,Org C,Project 61,Collection 896,43233,Repo 5346,Subversion
Client X,Org C,Project 61,Collection 896,45647,Repo 6878,Jira
Client X,Org C,Project 61,Collection 898,52841,Repo 4001,Subversion
Client X,Org C,Project 61,Collection 3767,52842,Repo 1521,Subversion
Client X,Org C,Project 61,Collection 928,42309,Repo 1591,Subversion
Client X,Org C,Project 61,Collection 928,44723,Repo 6931,Jira
Client X,Org C,Project 61,Collection 950,52913,Repo 4063,Subversion
Client X,Org C,Project 61,Collection 3925,52924,Repo 1636,Subversion
Client X,Org C,Project 61,Collection 3927,43246,Repo 5357,Subversion
Client X,Org C,Project 61,Collection 3927,45660,Repo 6967,Jira
Client X,Org C,Project 61,Collection 3942,79498,Repo 4098,Subversion
Client X,Org C,Project 61,Collection 986,42369,Repo 1676,Subversion
Client X,Org C,Project 61,Collection 986,44783,Repo 6993,Jira
Client X,Org C,Project 61,Collection 4010,52967,Repo 1687,Subversion
Client X,Org C,Project 61,Collection 994,42383,Repo 1697,Subversion
Client X,Org C,Project 61,Collection 994,44797,Repo 7005,Jira
Client X,Org C,Project 61,Collection 4025,84477,Repo 4146,Subversion
Client X,Org C,Project 61,Collection 4055,54705,Repo 4166,Subversion
Client X,Org C,Project 61,Collection 1003,42402,Repo 1720,Subversion
Client X,Org C,Project 61,Collection 1003,44816,Repo 7023,Jira
Client X,Org C,Project 61,Collection 4123,63981,Repo 4218,Subversion
Client X,Org C,Project 61,Collection 4135,53013,Repo 1754,Subversion
Client X,Org C,Project 61,Collection 1033,42438,Repo 1755,Subversion
Client X,Org C,Project 61,Collection 1033,44852,Repo 7056,Jira
Client X,Org C,Project 61,Collection 4158,53029,Repo 1773,Subversion
Client X,Org C,Project 61,Collection 1049,42450,Repo 1776,Subversion
Client X,Org C,Project 61,Collection 1049,44864,Repo 7072,Jira
Client X,Org C,Project 61,Collection 1050,42451,Repo 1777,Subversion
Client X,Org C,Project 61,Collection 1050,44865,Repo 7073,Jira
Client X,Org C,Project 61,Collection 4210,42473,Repo 1808,Subversion
Client X,Org C,Project 61,Collection 4210,44887,Repo 7094,Jira
Client X,Org C,Project 61,Collection 4216,64247,Repo 4283,Subversion
Client X,Org C,Project 61,Collection 4218,63995,Repo 4285,Subversion
Client X,Org C,Project 61,Collection 4219,63996,Repo 4286,Subversion
Client X,Org C,Project 61,Collection 4217,79365,Repo 4284,Subversion
Client X,Org C,Project 61,Collection 4221,53056,Repo 1814,Subversion
Client X,Org C,Project 61,Collection 4223,53057,Repo 4289,Subversion
Client X,Org C,Project 61,Collection 4224,42476,Repo 1816,Subversion
Client X,Org C,Project 61,Collection 4224,44890,Repo 7097,Jira
Client X,Org C,Project 61,Collection 4291,84587,Repo 4336,Subversion
Client X,Org C,Project 61,Collection 4292,42510,Repo 1853,Subversion
Client X,Org C,Project 61,Collection 4292,44924,Repo 7127,Jira
Client X,Org C,Project 61,Collection 4296,64005,Repo 4337,Subversion
Client X,Org C,Project 61,Collection 1129,79611,Repo 4388,Subversion
Client X,Org C,Project 61,Collection 1133,64251,Repo 4394,Subversion
Client X,Org C,Project 61,Collection 1134,42569,Repo 1919,Subversion
Client X,Org C,Project 61,Collection 1134,44983,Repo 7189,Jira
Client X,Org C,Project 61,Collection 4406,79612,Repo 4400,Subversion
Client X,Org C,Project 61,Collection 4407,42570,Repo 1920,Subversion
Client X,Org C,Project 61,Collection 4407,44984,Repo 7191,Jira
Client X,Org C,Project 61,Collection 4408,53133,Repo 1921,Subversion
Client X,Org C,Project 61,Collection 1135,42571,Repo 1922,Subversion
Client X,Org C,Project 61,Collection 1135,44985,Repo 7192,Jira
Client X,Org C,Project 61,Collection 4410,53134,Repo 1924,Subversion
Client X,Org C,Project 61,Collection 4415,42574,Repo 1925,Subversion
Client X,Org C,Project 61,Collection 4415,44988,Repo 7194,Jira
Client X,Org C,Project 61,Collection 4416,53135,Repo 1927,Subversion
Client X,Org C,Project 61,Collection 4421,53138,Repo 1930,Subversion
Client X,Org C,Project 61,Collection 4461,42599,Repo 1966,Subversion
Client X,Org C,Project 61,Collection 4461,45013,Repo 7223,Jira
Client X,Org C,Project 61,Collection 4491,42620,Repo 1991,Subversion
Client X,Org C,Project 61,Collection 4491,45034,Repo 7242,Jira
Client X,Org C,Project 61,Collection 4495,54715,Repo 4437,Subversion
Client X,Org C,Project 61,Collection 1172,79512,Repo 4440,Subversion
Client X,Org C,Project 61,Collection 4499,97293,Repo 4442,Subversion
Client X,Org C,Project 61,Collection 1176,64023,Repo 4451,Subversion
Client X,Org C,Project 61,Collection 1177,64024,Repo 4453,Subversion
Client X,Org C,Project 61,Collection 1178,79513,Repo 4455,Subversion
Client X,Org C,Project 61,Collection 1179,79514,Repo 4456,Subversion
Client X,Org C,Project 61,Collection 4514,97294,Repo 4459,Subversion
Client X,Org C,Project 61,Collection 1182,97495,Repo 4460,Subversion
Client X,Org C,Project 61,Collection 4523,79516,Repo 4467,Subversion
Client X,Org C,Project 61,Collection 1190,42643,Repo 2010,Subversion
Client X,Org C,Project 61,Collection 1190,45057,Repo 7259,Jira
Client X,Org C,Project 61,Collection 4566,53207,Repo 2043,Subversion
Client X,Org C,Project 61,Collection 4568,53208,Repo 4488,Subversion
Client X,Org C,Project 61,Collection 4571,53211,Repo 2046,Subversion
Client X,Org C,Project 61,Collection 4592,53229,Repo 2063,Subversion
Client X,Org C,Project 61,Collection 4593,42683,Repo 2065,Subversion
Client X,Org C,Project 61,Collection 4593,45097,Repo 7298,Jira
Client X,Org C,Project 61,Collection 4839,53330,Repo 2085,Subversion
Client X,Org C,Project 61,Collection 4859,42715,Repo 2099,Subversion
Client X,Org C,Project 61,Collection 4859,45129,Repo 7332,Jira
Client X,Org C,Project 61,Collection 4860,84790,Repo 4776,Subversion
Client X,Org C,Project 61,Collection 4862,79375,Repo 4777,Subversion
Client X,Org C,Project 61,Collection 4863,64050,Repo 4778,Subversion
Client X,Org C,Project 61,Collection 4865,53337,Repo 2102,Subversion
Client X,Org C,Project 61,Collection 4866,53338,Repo 4780,Subversion
Client X,Org C,Project 61,Collection 1267,79524,Repo 4781,Subversion
Client X,Org C,Project 61,Collection 1268,84791,Repo 4782,Subversion
Client X,Org C,Project 61,Collection 4868,42718,Repo 2103,Subversion
Client X,Org C,Project 61,Collection 4868,45132,Repo 7334,Jira
Client X,Org C,Project 61,Collection 4869,53339,Repo 2104,Subversion
Client X,Org C,Project 61,Collection 4878,53342,Repo 2108,Subversion
Client X,Org C,Project 61,Collection 1269,42721,Repo 2110,Subversion
Client X,Org C,Project 61,Collection 1269,45135,Repo 7337,Jira
Client X,Org C,Project 61,Collection 1270,42722,Repo 2111,Subversion
Client X,Org C,Project 61,Collection 1270,45136,Repo 7338,Jira
Client X,Org C,Project 61,Collection 4880,53344,Repo 2112,Subversion
Client X,Org C,Project 61,Collection 4881,82657,Repo 4789,Subversion
Client X,Org C,Project 61,Collection 4882,53345,Repo 2113,Subversion
Client X,Org C,Project 61,Collection 4884,53346,Repo 2114,Subversion
Client X,Org C,Project 61,Collection 4887,82658,Repo 4791,Subversion
Client X,Org C,Project 61,Collection 4888,53348,Repo 4792,Subversion
Client X,Org C,Project 61,Collection 4890,42726,Repo 2119,Subversion
Client X,Org C,Project 61,Collection 4890,45140,Repo 7343,Jira
Client X,Org C,Project 61,Collection 1274,42730,Repo 2126,Subversion
Client X,Org C,Project 61,Collection 1274,45144,Repo 7349,Jira
Client X,Org C,Project 61,Collection 4922,42742,Repo 2145,Subversion
Client X,Org C,Project 61,Collection 4922,45156,Repo 7363,Jira
Client X,Org C,Project 61,Collection 4955,42757,Repo 2167,Subversion
Client X,Org C,Project 61,Collection 4955,45171,Repo 7373,Jira
Client X,Org C,Project 61,Collection 4983,84821,Repo 4859,Subversion
Client X,Org C,Project 61,Collection 5015,42783,Repo 2194,Subversion
Client X,Org C,Project 61,Collection 5015,45197,Repo 7403,Jira
Client X,Org C,Project 61,Collection 5024,42789,Repo 2202,Subversion
Client X,Org C,Project 61,Collection 5024,45203,Repo 7410,Jira
Client X,Org C,Project 61,Collection 1331,42795,Repo 2207,Subversion
Client X,Org C,Project 61,Collection 1331,45209,Repo 7415,Jira
Client X,Org C,Project 61,Collection 5034,64073,Repo 4891,Subversion
Client X,Org C,Project 61,Collection 1345,53418,Repo 4912,Subversion
Client X,Org C,Project 61,Collection 5134,42880,Repo 2277,Subversion
Client X,Org C,Project 61,Collection 5134,45294,Repo 7461,Jira
Client X,Org C,Project 61,Collection 5276,42977,Repo 2406,Subversion
Client X,Org C,Project 61,Collection 5276,45391,Repo 7560,Jira
Client X,Org C,Project 61,Collection 5298,53569,Repo 5028,Subversion
Client X,Org C,Project 61,Collection 5300,64096,Repo 5030,Subversion
Client X,Org C,Project 61,Collection 5301,54744,Repo 5031,Subversion
Client X,Org C,Project 61,Collection 5342,82679,Repo 5056,Subversion
Client X,Org C,Project 61,Collection 5349,53594,Repo 2443,Subversion
Client X,Org C,Project 61,Collection 5374,84969,Repo 5074,Subversion
Client X,Org C,Project 61,Collection 5447,64307,Repo 5119,Subversion
Client X,Org C,Project 61,Collection 5457,53648,Repo 2511,Subversion
Client X,Org C,Project 61,Collection 5501,53677,Repo 5158,Subversion
Client X,Org C,Project 61,Collection 5537,79551,Repo 5190,Subversion
Client X,Org C,Project 61,Collection 5549,43105,Repo 2572,Subversion
Client X,Org C,Project 61,Collection 5549,45519,Repo 7675,Jira
Client X,Org C,Project 61,Collection 5557,43108,Repo 2577,Subversion
Client X,Org C,Project 61,Collection 5557,45522,Repo 7679,Jira
Client X,Org C,Project 61,Collection 1558,53722,Repo 5233,Subversion
Client X,Org C,Project 61,Collection 5595,64122,Repo 5234,Subversion
Client X,Org C,Project 61,Collection 5596,53723,Repo 5235,Subversion
Client X,Org C,Project 62,Collection 1717,51882,Repo 2757,Subversion
Client X,Org C,Project 62,Collection 1140,53139,Repo 4409,Subversion
Client X,Org C,Project 268,Collection 5249,53524,Repo 2388,Subversion
Client X,Org C,Project 269,Collection 1664,83550,Repo 2719,Subversion
Client X,Org C,Project 269,Collection 1727,51884,Repo 97,Subversion
Client X,Org C,Project 269,Collection 2558,64173,Repo 3323,Subversion
Client X,Org C,Project 269,Collection 2559,79445,Repo 3322,Subversion
Client X,Org C,Project 269,Collection 2827,52364,Repo 807,Subversion
Client X,Org C,Project 269,Collection 4340,53103,Repo 4361,Subversion
Client X,Org C,Project 269,Collection 4897,53351,Repo 2125,Subversion
Client X,Org C,Project 270,Collection 2406,43315,Repo 5436,Subversion
Client X,Org C,Project 270,Collection 2406,45729,Repo 6086,Jira
Client X,Org C,Project 270,Collection 2408,52199,Repo 511,Subversion
Client X,Org C,Project 270,Collection 2521,41534,Repo 589,Subversion
Client X,Org C,Project 270,Collection 2521,43948,Repo 6146,Jira
Client X,Org C,Project 270,Collection 5295,53566,Repo 2415,Subversion
Client X,Org C,Project 270,Collection 5472,53654,Repo 5585,Subversion
Client X,Org C,Project 63,Collection 381,41554,Repo 609,Subversion
Client X,Org C,Project 63,Collection 381,43968,Repo 6161,Jira
Client X,Org C,Project 63,Collection 740,42053,Repo 1219,Subversion
Client X,Org C,Project 63,Collection 740,44467,Repo 6673,Jira
Client X,Org C,Project 63,Collection 3481,79479,Repo 3856,Subversion
Client X,Org C,Project 63,Collection 3616,52755,Repo 1397,Subversion
Client X,Org C,Project 63,Collection 871,42229,Repo 1471,Subversion
Client X,Org C,Project 63,Collection 871,44643,Repo 6841,Jira
Client X,Org C,Project 63,Collection 3717,42237,Repo 1478,Subversion
Client X,Org C,Project 63,Collection 3717,44651,Repo 6848,Jira
Client X,Org C,Project 63,Collection 3781,52855,Repo 4014,Subversion
Client X,Org C,Project 63,Collection 1238,84683,Repo 4524,Subversion
Client X,Org C,Project 63,Collection 4995,42773,Repo 2183,Subversion
Client X,Org C,Project 63,Collection 4995,45187,Repo 7391,Jira
Client X,Org C,Project 63,Collection 5328,43006,Repo 2432,Subversion
Client X,Org C,Project 63,Collection 5328,45420,Repo 7579,Jira
Client X,Org C,Project 271,Collection 4088,42413,Repo 1731,Subversion
Client X,Org C,Project 271,Collection 4088,44827,Repo 7031,Jira
Client X,Org C,Project 64,Collection 1590,41078,Repo 2,Subversion
Client X,Org C,Project 64,Collection 1590,43492,Repo 5681,Jira
Client X,Org C,Project 64,Collection 1813,63796,Repo 2823,Subversion
Client X,Org C,Project 64,Collection 1830,41201,Repo 153,Subversion
Client X,Org C,Project 64,Collection 1830,43615,Repo 5806,Jira
Client X,Org C,Project 64,Collection 112,41233,Repo 191,Subversion
Client X,Org C,Project 64,Collection 112,43647,Repo 5833,Jira
Client X,Org C,Project 64,Collection 114,83652,Repo 2897,Subversion
Client X,Org C,Project 64,Collection 2081,83727,Repo 3001,Subversion
Client X,Org C,Project 64,Collection 2083,52061,Repo 3002,Subversion
Client X,Org C,Project 64,Collection 2117,83745,Repo 3037,Subversion
Client X,Org C,Project 64,Collection 2150,83759,Repo 3050,Subversion
Client X,Org C,Project 64,Collection 2161,82537,Repo 3055,Subversion
Client X,Org C,Project 64,Collection 2165,41375,Repo 380,Subversion
Client X,Org C,Project 64,Collection 2165,43789,Repo 5975,Jira
Client X,Org C,Project 64,Collection 2190,52120,Repo 3074,Subversion
Client X,Org C,Project 64,Collection 2272,83790,Repo 3126,Subversion
Client X,Org C,Project 64,Collection 2594,83950,Repo 3348,Subversion
Client X,Org C,Project 64,Collection 2630,52285,Repo 639,Subversion
Client X,Org C,Project 64,Collection 2797,41710,Repo 784,Subversion
Client X,Org C,Project 64,Collection 2797,44124,Repo 6328,Jira
Client X,Org C,Project 64,Collection 2798,52348,Repo 785,Subversion
Client X,Org C,Project 64,Collection 2986,41865,Repo 958,Subversion
Client X,Org C,Project 64,Collection 2986,44279,Repo 6490,Jira
Client X,Org C,Project 64,Collection 604,41898,Repo 3578,Subversion
Client X,Org C,Project 64,Collection 604,44312,Repo 6526,Jira
Client X,Org C,Project 64,Collection 3052,41899,Repo 1008,Subversion
Client X,Org C,Project 64,Collection 3052,44313,Repo 6527,Jira
Client X,Org C,Project 64,Collection 3378,84206,Repo 3790,Subversion
Client X,Org C,Project 64,Collection 3504,42125,Repo 1319,Subversion
Client X,Org C,Project 64,Collection 3504,44539,Repo 6748,Jira
Client X,Org C,Project 64,Collection 825,84336,Repo 3911,Subversion
Client X,Org C,Project 64,Collection 3853,84405,Repo 4030,Subversion
Client X,Org C,Project 64,Collection 3862,52900,Repo 4037,Subversion
Client X,Org C,Project 64,Collection 932,52902,Repo 4040,Subversion
Client X,Org C,Project 64,Collection 933,84411,Repo 4041,Subversion
Client X,Org C,Project 64,Collection 3866,52903,Repo 4042,Subversion
Client X,Org C,Project 64,Collection 945,52911,Repo 4059,Subversion
Client X,Org C,Project 64,Collection 3901,42326,Repo 1620,Subversion
Client X,Org C,Project 64,Collection 3901,44740,Repo 6950,Jira
Client X,Org C,Project 64,Collection 3902,82620,Repo 4070,Subversion
Client X,Org C,Project 64,Collection 958,64237,Repo 4079,Subversion
Client X,Org C,Project 64,Collection 4022,42381,Repo 1694,Subversion
Client X,Org C,Project 64,Collection 4022,44795,Repo 7002,Jira
Client X,Org C,Project 64,Collection 1011,42414,Repo 1732,Subversion
Client X,Org C,Project 64,Collection 1011,44828,Repo 7032,Jira
Client X,Org C,Project 64,Collection 4089,64243,Repo 4186,Subversion
Client X,Org C,Project 64,Collection 1012,42415,Repo 1733,Subversion
Client X,Org C,Project 64,Collection 1012,44829,Repo 7033,Jira
Client X,Org C,Project 64,Collection 4090,42416,Repo 1734,Subversion
Client X,Org C,Project 64,Collection 4090,44830,Repo 7034,Jira
Client X,Org C,Project 64,Collection 4091,42417,Repo 1735,Subversion
Client X,Org C,Project 64,Collection 4091,44831,Repo 7035,Jira
Client X,Org C,Project 64,Collection 1013,42418,Repo 1736,Subversion
Client X,Org C,Project 64,Collection 1013,44832,Repo 7036,Jira
Client X,Org C,Project 64,Collection 4092,42419,Repo 4187,Subversion
Client X,Org C,Project 64,Collection 4092,44833,Repo 7037,Jira
Client X,Org C,Project 64,Collection 4093,42420,Repo 4188,Subversion
Client X,Org C,Project 64,Collection 4093,44834,Repo 7038,Jira
Client X,Org C,Project 64,Collection 1014,42421,Repo 1737,Subversion
Client X,Org C,Project 64,Collection 1014,44835,Repo 7039,Jira
Client X,Org C,Project 64,Collection 1015,42422,Repo 4189,Subversion
Client X,Org C,Project 64,Collection 1015,44836,Repo 7040,Jira
Client X,Org C,Project 64,Collection 4094,63976,Repo 4190,Subversion
Client X,Org C,Project 64,Collection 4095,42423,Repo 1738,Subversion
Client X,Org C,Project 64,Collection 4095,44837,Repo 7041,Jira
Client X,Org C,Project 64,Collection 4096,52995,Repo 4191,Subversion
Client X,Org C,Project 64,Collection 1016,42424,Repo 4192,Subversion
Client X,Org C,Project 64,Collection 1016,44838,Repo 7042,Jira
Client X,Org C,Project 64,Collection 4097,42425,Repo 1739,Subversion
Client X,Org C,Project 64,Collection 4097,44839,Repo 7043,Jira
Client X,Org C,Project 64,Collection 1017,42426,Repo 4193,Subversion
Client X,Org C,Project 64,Collection 1017,44840,Repo 7044,Jira
Client X,Org C,Project 64,Collection 4098,42427,Repo 4194,Subversion
Client X,Org C,Project 64,Collection 4098,44841,Repo 7045,Jira
Client X,Org C,Project 64,Collection 1035,53014,Repo 4233,Subversion
Client X,Org C,Project 64,Collection 4334,84605,Repo 4358,Subversion
Client X,Org C,Project 64,Collection 4349,64009,Repo 4370,Subversion
Client X,Org C,Project 64,Collection 4350,64249,Repo 4371,Subversion
Client X,Org C,Project 64,Collection 5467,64112,Repo 5133,Subversion
Client X,Org C,Project 64,Collection 5589,85046,Repo 5225,Subversion
Client X,Org C,Project 64,Collection 5590,85047,Repo 5226,Subversion
Client X,Org C,Project 65,Collection 1609,83535,Repo 2691,Subversion
Client X,Org C,Project 65,Collection 2043,41304,Repo 281,Subversion
Client X,Org C,Project 65,Collection 2043,43718,Repo 5902,Jira
Client X,Org C,Project 65,Collection 2211,52132,Repo 3085,Subversion
Client X,Org C,Project 65,Collection 2212,41391,Repo 403,Subversion
Client X,Org C,Project 65,Collection 2212,43805,Repo 5991,Jira
Client X,Org C,Project 65,Collection 317,83839,Repo 3208,Subversion
Client X,Org C,Project 65,Collection 2383,83840,Repo 3209,Subversion
Client X,Org C,Project 65,Collection 2384,83841,Repo 3210,Subversion
Client X,Org C,Project 65,Collection 2538,83893,Repo 3302,Subversion
Client X,Org C,Project 65,Collection 375,83894,Repo 3303,Subversion
Client X,Org C,Project 65,Collection 2539,83895,Repo 3304,Subversion
Client X,Org C,Project 65,Collection 2540,83896,Repo 3305,Subversion
Client X,Org C,Project 65,Collection 376,83897,Repo 3306,Subversion
Client X,Org C,Project 65,Collection 2541,83898,Repo 3307,Subversion
Client X,Org C,Project 65,Collection 2542,83899,Repo 3308,Subversion
Client X,Org C,Project 65,Collection 2941,41831,Repo 921,Subversion
Client X,Org C,Project 65,Collection 2941,44245,Repo 6454,Jira
Client X,Org C,Project 65,Collection 752,84212,Repo 3798,Subversion
Client X,Org C,Project 65,Collection 856,84361,Repo 3959,Subversion
Client X,Org C,Project 65,Collection 887,84382,Repo 3988,Subversion
Client X,Org C,Project 65,Collection 888,84384,Repo 3990,Subversion
Client X,Org C,Project 65,Collection 3745,52830,Repo 1504,Subversion
Client X,Org C,Project 65,Collection 3779,84396,Repo 4012,Subversion
Client X,Org C,Project 65,Collection 913,84399,Repo 4019,Subversion
Client X,Org C,Project 65,Collection 955,84428,Repo 4072,Subversion
Client X,Org C,Project 65,Collection 3918,84437,Repo 4083,Subversion
Client X,Org C,Project 65,Collection 3919,84438,Repo 4084,Subversion
Client X,Org C,Project 65,Collection 3922,42342,Repo 1634,Subversion
Client X,Org C,Project 65,Collection 3922,44756,Repo 6965,Jira
Client X,Org C,Project 65,Collection 4011,84470,Repo 4140,Subversion
Client X,Org C,Project 65,Collection 990,84471,Repo 4141,Subversion
Client X,Org C,Project 65,Collection 4142,53017,Repo 1759,Subversion
Client X,Org C,Project 65,Collection 1280,84804,Repo 4801,Subversion
Client X,Org C,Project 65,Collection 5046,84852,Repo 4899,Subversion
Client X,Org C,Project 65,Collection 5047,84853,Repo 4900,Subversion
Client X,Org C,Project 65,Collection 5331,84958,Repo 5048,Subversion
Client X,Org C,Project 65,Collection 5520,53689,Repo 2671,Subversion
Client X,Org C,Project 66,Collection 73,41167,Repo 118,Subversion
Client X,Org C,Project 66,Collection 73,43581,Repo 5770,Jira
Client X,Org C,Project 66,Collection 1759,41168,Repo 119,Subversion
Client X,Org C,Project 66,Collection 1759,43582,Repo 5771,Jira
Client X,Org C,Project 66,Collection 155,83697,Repo 2958,Subversion
Client X,Org C,Project 66,Collection 2013,52022,Repo 261,Subversion
Client X,Org C,Project 66,Collection 2402,43185,Repo 5304,Subversion
Client X,Org C,Project 66,Collection 2402,45599,Repo 6083,Jira
Client X,Org C,Project 66,Collection 331,41475,Repo 507,Subversion
Client X,Org C,Project 66,Collection 331,43889,Repo 6084,Jira
Client X,Org C,Project 66,Collection 2404,41476,Repo 509,Subversion
Client X,Org C,Project 66,Collection 2404,43890,Repo 6085,Jira
Client X,Org C,Project 66,Collection 2824,41723,Repo 804,Subversion
Client X,Org C,Project 66,Collection 2824,44137,Repo 6341,Jira
Client X,Org C,Project 66,Collection 3520,84309,Repo 3875,Subversion
Client X,Org C,Project 66,Collection 3527,42133,Repo 1329,Subversion
Client X,Org C,Project 66,Collection 3527,44547,Repo 6755,Jira
Client X,Org C,Project 66,Collection 3644,52771,Repo 1417,Subversion
Client X,Org C,Project 66,Collection 4445,53153,Repo 1950,Subversion
Client X,Org C,Project 66,Collection 5264,53554,Repo 2402,Subversion
Client X,Org C,Project 66,Collection 5358,84968,Repo 5070,Subversion
Client X,Org C,Project 272,Collection 3145,84147,Repo 3633,Subversion
Client X,Org C,Project 67,Collection 77,63789,Repo 2784,Subversion
Client X,Org C,Project 67,Collection 1883,51951,Repo 5406,Subversion
Client X,Org C,Project 67,Collection 1978,41263,Repo 233,Subversion
Client X,Org C,Project 67,Collection 1978,43677,Repo 5858,Jira
Client X,Org C,Project 67,Collection 2125,52083,Repo 342,Subversion
Client X,Org C,Project 67,Collection 2126,52084,Repo 343,Subversion
Client X,Org C,Project 67,Collection 2144,52096,Repo 360,Subversion
Client X,Org C,Project 67,Collection 2216,41394,Repo 407,Subversion
Client X,Org C,Project 67,Collection 2216,43808,Repo 5995,Jira
Client X,Org C,Project 67,Collection 2344,83816,Repo 3169,Subversion
Client X,Org C,Project 67,Collection 318,41467,Repo 497,Subversion
Client X,Org C,Project 67,Collection 318,43881,Repo 6075,Jira
Client X,Org C,Project 67,Collection 323,41471,Repo 500,Subversion
Client X,Org C,Project 67,Collection 323,43885,Repo 6079,Jira
Client X,Org C,Project 67,Collection 2390,63843,Repo 3219,Subversion
Client X,Org C,Project 67,Collection 2503,63855,Repo 3288,Subversion
Client X,Org C,Project 67,Collection 2504,41526,Repo 573,Subversion
Client X,Org C,Project 67,Collection 2504,43940,Repo 6139,Jira
Client X,Org C,Project 67,Collection 2505,52235,Repo 574,Subversion
Client X,Org C,Project 67,Collection 2506,52236,Repo 575,Subversion
Client X,Org C,Project 67,Collection 2507,52237,Repo 576,Subversion
Client X,Org C,Project 67,Collection 370,83882,Repo 3289,Subversion
Client X,Org C,Project 67,Collection 2508,83883,Repo 3290,Subversion
Client X,Org C,Project 67,Collection 2509,41527,Repo 577,Subversion
Client X,Org C,Project 67,Collection 2509,43941,Repo 6140,Jira
Client X,Org C,Project 67,Collection 2510,52238,Repo 578,Subversion
Client X,Org C,Project 67,Collection 2512,41528,Repo 580,Subversion
Client X,Org C,Project 67,Collection 2512,43942,Repo 6141,Jira
Client X,Org C,Project 67,Collection 2513,41529,Repo 581,Subversion
Client X,Org C,Project 67,Collection 2513,43943,Repo 6142,Jira
Client X,Org C,Project 67,Collection 2514,52240,Repo 582,Subversion
Client X,Org C,Project 67,Collection 2724,52321,Repo 3437,Subversion
Client X,Org C,Project 67,Collection 2731,54674,Repo 3438,Subversion
Client X,Org C,Project 67,Collection 2749,52325,Repo 3442,Subversion
Client X,Org C,Project 67,Collection 3244,41986,Repo 1132,Subversion
Client X,Org C,Project 67,Collection 3244,44400,Repo 6609,Jira
Client X,Org C,Project 67,Collection 3323,42027,Repo 1193,Subversion
Client X,Org C,Project 67,Collection 3323,44441,Repo 6656,Jira
Client X,Org C,Project 67,Collection 3324,52591,Repo 3760,Subversion
Client X,Org C,Project 67,Collection 814,79480,Repo 3891,Subversion
Client X,Org C,Project 67,Collection 3623,52756,Repo 1408,Subversion
Client X,Org C,Project 67,Collection 3687,42211,Repo 1453,Subversion
Client X,Org C,Project 67,Collection 3687,44625,Repo 6826,Jira
Client X,Org C,Project 67,Collection 3689,52792,Repo 1454,Subversion
Client X,Org C,Project 67,Collection 4033,97286,Repo 4151,Subversion
Client X,Org C,Project 67,Collection 4110,63979,Repo 4208,Subversion
Client X,Org C,Project 67,Collection 4276,42501,Repo 1844,Subversion
Client X,Org C,Project 67,Collection 4276,44915,Repo 7118,Jira
Client X,Org C,Project 67,Collection 1227,42678,Repo 2058,Subversion
Client X,Org C,Project 67,Collection 1227,45092,Repo 7294,Jira
Client X,Org C,Project 67,Collection 4832,42699,Repo 2081,Subversion
Client X,Org C,Project 67,Collection 4832,45113,Repo 7317,Jira
Client X,Org C,Project 67,Collection 1342,42805,Repo 2221,Subversion
Client X,Org C,Project 67,Collection 1342,45219,Repo 7426,Jira
Client X,Org C,Project 67,Collection 5246,42961,Repo 2385,Subversion
Client X,Org C,Project 67,Collection 5246,45375,Repo 7546,Jira
Client X,Org C,Project 67,Collection 5262,42968,Repo 2400,Subversion
Client X,Org C,Project 67,Collection 5262,45382,Repo 7554,Jira
Client X,Org C,Project 67,Collection 1449,64099,Repo 5039,Subversion
Client X,Org C,Project 67,Collection 5313,82676,Repo 5041,Subversion
Client X,Org C,Project 67,Collection 5314,84944,Repo 5042,Subversion
Client X,Org C,Project 68,Collection 1876,83633,Repo 2861,Subversion
Client X,Org C,Project 68,Collection 2346,83817,Repo 3171,Subversion
Client X,Org C,Project 68,Collection 855,79633,Repo 3954,Subversion
Client X,Org C,Project 68,Collection 4944,82659,Repo 4810,Subversion
Client X,Org C,Project 273,Collection 1595,82509,Repo 2680,Subversion
Client X,Org C,Project 273,Collection 3498,82598,Repo 3864,Subversion
Client X,Org C,Project 273,Collection 5352,82681,Repo 5065,Subversion
Client X,Org C,Project 69,Collection 2975,41860,Repo 951,Subversion
Client X,Org C,Project 69,Collection 2975,44274,Repo 6485,Jira
Client X,Org C,Project 69,Collection 770,42090,Repo 1267,Subversion
Client X,Org C,Project 69,Collection 770,44504,Repo 6708,Jira
Client X,Org C,Project 69,Collection 5136,79390,Repo 4951,Subversion
Client X,Org C,Project 274,Collection 3330,52595,Repo 3765,Subversion
Client X,Org C,Project 274,Collection 5077,42815,Repo 2238,Subversion
Client X,Org C,Project 274,Collection 5077,45229,Repo 7434,Jira
Client X,Org C,Project 274,Collection 5471,85007,Repo 5136,Subversion
Client X,Org C,Project 70,Collection 1749,51895,Repo 113,Subversion
Client X,Org C,Project 70,Collection 367,82557,Repo 3282,Subversion
Client X,Org C,Project 70,Collection 2489,52226,Repo 563,Subversion
Client X,Org C,Project 70,Collection 815,54692,Repo 3892,Subversion
Client X,Org C,Project 70,Collection 5332,53588,Repo 2435,Subversion
Client X,Org C,Project 275,Collection 3433,52647,Repo 1262,Subversion
Client X,Org C,Project 275,Collection 4423,53141,Repo 4410,Subversion
Client X,Org C,Project 275,Collection 5442,43047,Repo 2495,Subversion
Client X,Org C,Project 275,Collection 5442,45461,Repo 7619,Jira
Client X,Org C,Project 276,Collection 3499,52679,Repo 1313,Subversion
Client X,Org C,Project 276,Collection 4469,53169,Repo 1974,Subversion
Client X,Org C,Project 276,Collection 4470,53170,Repo 1975,Subversion
Client X,Org C,Project 276,Collection 4471,53171,Repo 1976,Subversion
Client X,Org C,Project 276,Collection 5586,53721,Repo 2597,Subversion
Client X,Org C,Project 71,Collection 1659,63785,Repo 2718,Subversion
Client X,Org C,Project 71,Collection 1660,51855,Repo 57,Subversion
Client X,Org C,Project 71,Collection 2523,79442,Repo 3293,Subversion
Client X,Org C,Project 71,Collection 2529,63856,Repo 3296,Subversion
Client X,Org C,Project 71,Collection 2781,82564,Repo 3462,Subversion
Client X,Org C,Project 71,Collection 708,42005,Repo 1155,Subversion
Client X,Org C,Project 71,Collection 708,44419,Repo 6633,Jira
Client X,Org C,Project 71,Collection 3510,42130,Repo 1324,Subversion
Client X,Org C,Project 71,Collection 3510,44544,Repo 6753,Jira
Client X,Org C,Project 71,Collection 3515,52691,Repo 1326,Subversion
Client X,Org C,Project 71,Collection 3551,52717,Repo 1344,Subversion
Client X,Org C,Project 71,Collection 3557,52723,Repo 1350,Subversion
Client X,Org C,Project 71,Collection 3558,52724,Repo 1351,Subversion
Client X,Org C,Project 71,Collection 3560,52725,Repo 1352,Subversion
Client X,Org C,Project 71,Collection 3561,52726,Repo 1353,Subversion
Client X,Org C,Project 71,Collection 3562,42144,Repo 1354,Subversion
Client X,Org C,Project 71,Collection 3562,44558,Repo 6767,Jira
Client X,Org C,Project 71,Collection 3645,52772,Repo 1418,Subversion
Client X,Org C,Project 71,Collection 3976,52948,Repo 1664,Subversion
Client X,Org C,Project 71,Collection 4080,54708,Repo 4182,Subversion
Client X,Org C,Project 71,Collection 4180,42455,Repo 1786,Subversion
Client X,Org C,Project 71,Collection 4180,44869,Repo 7077,Jira
Client X,Org C,Project 71,Collection 5008,42780,Repo 2189,Subversion
Client X,Org C,Project 71,Collection 5008,45194,Repo 7398,Jira
Client X,Org C,Project 71,Collection 5621,53736,Repo 2617,Subversion
Client X,Org C,Project 71,Collection 5622,85056,Repo 5245,Subversion
Client X,Org C,Project 72,Collection 1953,51989,Repo 2909,Subversion
Client X,Org C,Project 72,Collection 2151,52100,Repo 367,Subversion
Client X,Org C,Project 72,Collection 341,54670,Repo 3248,Subversion
Client X,Org C,Project 72,Collection 342,63849,Repo 3249,Subversion
Client X,Org C,Project 72,Collection 2433,52210,Repo 522,Subversion
Client X,Org C,Project 72,Collection 2464,83874,Repo 3267,Subversion
Client X,Org C,Project 72,Collection 2477,41515,Repo 557,Subversion
Client X,Org C,Project 72,Collection 2477,43929,Repo 6129,Jira
Client X,Org C,Project 72,Collection 2519,41531,Repo 585,Subversion
Client X,Org C,Project 72,Collection 2519,43945,Repo 6143,Jira
Client X,Org C,Project 72,Collection 371,41532,Repo 586,Subversion
Client X,Org C,Project 72,Collection 371,43946,Repo 6144,Jira
Client X,Org C,Project 72,Collection 391,83949,Repo 3345,Subversion
Client X,Org C,Project 72,Collection 485,41686,Repo 758,Subversion
Client X,Org C,Project 72,Collection 485,44100,Repo 6306,Jira
Client X,Org C,Project 72,Collection 486,41687,Repo 759,Subversion
Client X,Org C,Project 72,Collection 486,44101,Repo 6307,Jira
Client X,Org C,Project 72,Collection 487,41688,Repo 760,Subversion
Client X,Org C,Project 72,Collection 487,44102,Repo 6308,Jira
Client X,Org C,Project 72,Collection 2792,41708,Repo 780,Subversion
Client X,Org C,Project 72,Collection 2792,44122,Repo 6326,Jira
Client X,Org C,Project 72,Collection 3028,41883,Repo 987,Subversion
Client X,Org C,Project 72,Collection 3028,44297,Repo 6511,Jira
Client X,Org C,Project 72,Collection 3143,82579,Repo 3631,Subversion
Client X,Org C,Project 72,Collection 3331,42032,Repo 1198,Subversion
Client X,Org C,Project 72,Collection 3331,44446,Repo 6660,Jira
Client X,Org C,Project 72,Collection 736,42035,Repo 1202,Subversion
Client X,Org C,Project 72,Collection 736,44449,Repo 6663,Jira
Client X,Org C,Project 72,Collection 3425,52645,Repo 1253,Subversion
Client X,Org C,Project 72,Collection 3981,42363,Repo 1668,Subversion
Client X,Org C,Project 72,Collection 3981,44777,Repo 6989,Jira
Client X,Org C,Project 72,Collection 3982,52952,Repo 1669,Subversion
Client X,Org C,Project 72,Collection 1004,52991,Repo 1721,Subversion
Client X,Org C,Project 72,Collection 4081,42405,Repo 1727,Subversion
Client X,Org C,Project 72,Collection 4081,44819,Repo 7027,Jira
Client X,Org C,Project 72,Collection 5103,53441,Repo 2255,Subversion
Client X,Org C,Project 72,Collection 1390,42899,Repo 2302,Subversion
Client X,Org C,Project 72,Collection 1390,45313,Repo 7479,Jira
Client X,Org C,Project 72,Collection 5441,53635,Repo 2494,Subversion
Client X,Org C,Project 72,Collection 5490,43084,Repo 2542,Subversion
Client X,Org C,Project 72,Collection 5490,45498,Repo 7657,Jira
Client X,Org C,Project 72,Collection 1520,53671,Repo 2543,Subversion
Client X,Org C,Project 72,Collection 5509,53678,Repo 2550,Subversion
Client X,Org C,Project 72,Collection 5561,53708,Repo 5209,Subversion
Client X,Org C,Project 72,Collection 5577,53714,Repo 2590,Subversion
Client X,Org C,Project 73,Collection 2568,52252,Repo 603,Subversion
Client X,Org C,Project 73,Collection 378,41548,Repo 604,Subversion
Client X,Org C,Project 73,Collection 378,43962,Repo 6158,Jira
Client X,Org C,Project 73,Collection 3299,52579,Repo 3748,Subversion
Client X,Org C,Project 74,Collection 1891,51953,Repo 2873,Subversion
Client X,Org C,Project 74,Collection 685,43214,Repo 5330,Subversion
Client X,Org C,Project 74,Collection 685,45628,Repo 6611,Jira
Client X,Org C,Project 74,Collection 3374,84203,Repo 3787,Subversion
Client X,Org C,Project 74,Collection 1044,79607,Repo 4241,Subversion
Client X,Org C,Project 74,Collection 4976,42762,Repo 2171,Subversion
Client X,Org C,Project 74,Collection 4976,45176,Repo 7379,Jira
Client X,Org C,Project 74,Collection 5125,42875,Repo 2272,Subversion
Client X,Org C,Project 74,Collection 5125,45289,Repo 7458,Jira
Client X,Org C,Project 74,Collection 5304,82674,Repo 5033,Subversion
Client X,Org C,Project 74,Collection 5305,64097,Repo 5034,Subversion
Client X,Org C,Project 277,Collection 1678,51860,Repo 74,Subversion
Client X,Org C,Project 277,Collection 1680,51862,Repo 76,Subversion
Client X,Org C,Project 277,Collection 1715,64133,Repo 2756,Subversion
Client X,Org C,Project 277,Collection 2082,43304,Repo 5416,Subversion
Client X,Org C,Project 277,Collection 2082,45718,Repo 5927,Jira
Client X,Org C,Project 277,Collection 2944,52388,Repo 925,Subversion
Client X,Org C,Project 277,Collection 3127,52491,Repo 1061,Subversion
Client X,Org C,Project 277,Collection 3355,52612,Repo 3775,Subversion
Client X,Org C,Project 277,Collection 4456,42593,Repo 1960,Subversion
Client X,Org C,Project 277,Collection 4456,45007,Repo 7216,Jira
Client X,Org C,Project 278,Collection 2098,63818,Repo 3024,Subversion
Client X,Org C,Project 278,Collection 2116,52080,Repo 334,Subversion
Client X,Org C,Project 278,Collection 2987,41866,Repo 959,Subversion
Client X,Org C,Project 278,Collection 2987,44280,Repo 6491,Jira
Client X,Org C,Project 278,Collection 3371,84199,Repo 3783,Subversion
Client X,Org C,Project 278,Collection 3372,84200,Repo 3784,Subversion
Client X,Org C,Project 278,Collection 3962,64240,Repo 4111,Subversion
Client X,Org C,Project 278,Collection 4259,53075,Repo 1831,Subversion
Client X,Org C,Project 278,Collection 4352,42540,Repo 1886,Subversion
Client X,Org C,Project 278,Collection 4352,44954,Repo 7157,Jira
Client X,Org C,Project 278,Collection 5668,85081,Repo 5274,Subversion
Client X,Org C,Project 279,Collection 2782,82565,Repo 3463,Subversion
Client X,Org C,Project 75,Collection 2355,52176,Repo 3180,Subversion
Client X,Org C,Project 75,Collection 3295,52575,Repo 1171,Subversion
Client X,Org C,Project 75,Collection 3547,52716,Repo 3893,Subversion
Client X,Org C,Project 75,Collection 3559,84329,Repo 3897,Subversion
Client X,Org C,Project 75,Collection 816,84330,Repo 3898,Subversion
Client X,Org C,Project 75,Collection 3563,84331,Repo 3900,Subversion
Client X,Org C,Project 75,Collection 3565,84333,Repo 3902,Subversion
Client X,Org C,Project 75,Collection 4305,53089,Repo 1862,Subversion
Client X,Org C,Project 76,Collection 1662,41128,Repo 59,Subversion
Client X,Org C,Project 76,Collection 1662,43542,Repo 5733,Jira
Client X,Org C,Project 76,Collection 1802,83609,Repo 2814,Subversion
Client X,Org C,Project 76,Collection 1911,63805,Repo 2885,Subversion
Client X,Org C,Project 76,Collection 2106,52071,Repo 3029,Subversion
Client X,Org C,Project 76,Collection 2143,52095,Repo 3046,Subversion
Client X,Org C,Project 76,Collection 2412,41478,Repo 512,Subversion
Client X,Org C,Project 76,Collection 2412,43892,Repo 6087,Jira
Client X,Org C,Project 76,Collection 2419,79436,Repo 3242,Subversion
Client X,Org C,Project 76,Collection 2420,63848,Repo 3243,Subversion
Client X,Org C,Project 76,Collection 2487,41520,Repo 562,Subversion
Client X,Org C,Project 76,Collection 2487,43934,Repo 6133,Jira
Client X,Org C,Project 76,Collection 2490,52227,Repo 564,Subversion
Client X,Org C,Project 76,Collection 2491,97261,Repo 3284,Subversion
Client X,Org C,Project 76,Collection 2492,41521,Repo 565,Subversion
Client X,Org C,Project 76,Collection 2492,43935,Repo 6134,Jira
Client X,Org C,Project 76,Collection 2495,52229,Repo 567,Subversion
Client X,Org C,Project 76,Collection 2496,83879,Repo 3285,Subversion
Client X,Org C,Project 76,Collection 2497,83880,Repo 3286,Subversion
Client X,Org C,Project 76,Collection 2556,83927,Repo 3320,Subversion
Client X,Org C,Project 76,Collection 2580,41560,Repo 614,Subversion
Client X,Org C,Project 76,Collection 2580,43974,Repo 6167,Jira
Client X,Org C,Project 76,Collection 2604,83956,Repo 3354,Subversion
Client X,Org C,Project 76,Collection 2627,52282,Repo 636,Subversion
Client X,Org C,Project 76,Collection 2669,84033,Repo 3414,Subversion
Client X,Org C,Project 76,Collection 2687,54672,Repo 3423,Subversion
Client X,Org C,Project 76,Collection 2954,52392,Repo 5462,Subversion
Client X,Org C,Project 76,Collection 3349,52609,Repo 3773,Subversion
Client X,Org C,Project 76,Collection 3474,52670,Repo 5491,Subversion
Client X,Org C,Project 76,Collection 3550,84328,Repo 3896,Subversion
Client X,Org C,Project 76,Collection 3564,84332,Repo 3901,Subversion
Client X,Org C,Project 76,Collection 818,84334,Repo 3903,Subversion
Client X,Org C,Project 76,Collection 3566,84335,Repo 3904,Subversion
Client X,Org C,Project 76,Collection 823,79482,Repo 3907,Subversion
Client X,Org C,Project 76,Collection 3650,52774,Repo 1423,Subversion
Client X,Org C,Project 76,Collection 3692,63945,Repo 3967,Subversion
Client X,Org C,Project 76,Collection 3693,52794,Repo 3968,Subversion
Client X,Org C,Project 76,Collection 3694,63946,Repo 3969,Subversion
Client X,Org C,Project 76,Collection 3708,52802,Repo 1468,Subversion
Client X,Org C,Project 76,Collection 3735,52827,Repo 3984,Subversion
Client X,Org C,Project 76,Collection 4051,42392,Repo 1706,Subversion
Client X,Org C,Project 76,Collection 4051,44806,Repo 7013,Jira
Client X,Org C,Project 76,Collection 4052,42393,Repo 1707,Subversion
Client X,Org C,Project 76,Collection 4052,44807,Repo 7014,Jira
Client X,Org C,Project 76,Collection 4053,42394,Repo 1708,Subversion
Client X,Org C,Project 76,Collection 4053,44808,Repo 7015,Jira
Client X,Org C,Project 76,Collection 4104,52997,Repo 4202,Subversion
Client X,Org C,Project 76,Collection 4455,42592,Repo 1959,Subversion
Client X,Org C,Project 76,Collection 4455,45006,Repo 7215,Jira
Client X,Org C,Project 76,Collection 4920,53360,Repo 2144,Subversion
Client X,Org C,Project 76,Collection 4999,53394,Repo 5558,Subversion
Client X,Org C,Project 76,Collection 5000,64280,Repo 4866,Subversion
Client X,Org C,Project 76,Collection 5001,64281,Repo 4867,Subversion
Client X,Org C,Project 76,Collection 5078,53427,Repo 4920,Subversion
Client X,Org C,Project 76,Collection 5079,54738,Repo 4919,Subversion
Client X,Org C,Project 76,Collection 5080,53428,Repo 4921,Subversion
Client X,Org C,Project 76,Collection 5177,84900,Repo 4977,Subversion
Client X,Org C,Project 76,Collection 1395,84901,Repo 4978,Subversion
Client X,Org C,Project 76,Collection 5275,53560,Repo 5011,Subversion
Client X,Org C,Project 76,Collection 5406,53620,Repo 5097,Subversion
Client X,Org C,Project 76,Collection 5541,53698,Repo 5194,Subversion
Client X,Org C,Project 76,Collection 5548,53702,Repo 5198,Subversion
Client X,Org C,Project 76,Collection 5620,85055,Repo 5244,Subversion
Client X,Org C,Project 76,Collection 5631,97513,Repo 5248,Subversion
Client X,Org C,Project 76,Collection 5661,53751,Repo 5270,Subversion
Client X,Org C,Project 76,Collection 5662,85079,Repo 5268,Subversion
Client X,Org C,Project 76,Collection 5663,85080,Repo 5269,Subversion
Client X,Org C,Project 76,Collection 5664,53752,Repo 5271,Subversion
Client X,Org C,Project 280,Collection 2427,52208,Repo 3250,Subversion
Client X,Org C,Project 280,Collection 4885,53347,Repo 2115,Subversion
Client X,Org C,Project 77,Collection 4050,52985,Repo 4165,Subversion
Client X,Org C,Project 77,Collection 1027,53003,Repo 1747,Subversion
Client X,Org C,Project 77,Collection 4125,63982,Repo 4220,Subversion
Client X,Org C,Project 78,Collection 47,82515,Repo 2725,Subversion
Client X,Org C,Project 78,Collection 52,41141,Repo 72,Subversion
Client X,Org C,Project 78,Collection 52,43555,Repo 5746,Jira
Client X,Org C,Project 78,Collection 1789,63793,Repo 2656,Subversion
Client X,Org C,Project 78,Collection 1790,54653,Repo 2806,Subversion
Client X,Org C,Project 78,Collection 314,83828,Repo 3193,Subversion
Client X,Org C,Project 78,Collection 2399,52195,Repo 505,Subversion
Client X,Org C,Project 78,Collection 2401,52196,Repo 506,Subversion
Client X,Org C,Project 78,Collection 2428,83863,Repo 3251,Subversion
Client X,Org C,Project 78,Collection 421,43321,Repo 5445,Subversion
Client X,Org C,Project 78,Collection 421,45735,Repo 6185,Jira
Client X,Org C,Project 78,Collection 2700,41631,Repo 699,Subversion
Client X,Org C,Project 78,Collection 2700,44045,Repo 6240,Jira
Client X,Org C,Project 78,Collection 3246,54685,Repo 3709,Subversion
Client X,Org C,Project 78,Collection 3265,42000,Repo 1148,Subversion
Client X,Org C,Project 78,Collection 3265,44414,Repo 6625,Jira
Client X,Org C,Project 78,Collection 3352,42048,Repo 1211,Subversion
Client X,Org C,Project 78,Collection 3352,44462,Repo 6669,Jira
Client X,Org C,Project 78,Collection 4181,42457,Repo 1788,Subversion
Client X,Org C,Project 78,Collection 4181,44871,Repo 7079,Jira
Client X,Org C,Project 78,Collection 4907,84796,Repo 4797,Subversion
Client X,Org C,Project 78,Collection 5310,53576,Repo 5036,Subversion
Client X,Org C,Project 78,Collection 5385,64107,Repo 5083,Subversion
Client X,Org C,Project 78,Collection 5386,54750,Repo 5084,Subversion
Client X,Org C,Project 78,Collection 5574,53712,Repo 2587,Subversion
Client X,Org C,Project 281,Collection 2588,79449,Repo 3343,Subversion
Client X,Org C,Project 281,Collection 3778,42271,Repo 1528,Subversion
Client X,Org C,Project 281,Collection 3778,44685,Repo 6887,Jira
Client X,Org C,Project 282,Collection 3972,52945,Repo 1663,Subversion
Client X,Org C,Project 79,Collection 1877,51947,Repo 2862,Subversion
Client X,Org C,Project 79,Collection 2385,53768,Repo 3212,Subversion
Client X,Org C,Project 79,Collection 2646,41594,Repo 653,Subversion
Client X,Org C,Project 79,Collection 2646,44008,Repo 6203,Jira
Client X,Org C,Project 79,Collection 2962,41849,Repo 939,Subversion
Client X,Org C,Project 79,Collection 2962,44263,Repo 6473,Jira
Client X,Org C,Project 79,Collection 3228,41976,Repo 1117,Subversion
Client X,Org C,Project 79,Collection 3228,44390,Repo 6600,Jira
Client X,Org C,Project 79,Collection 3293,52573,Repo 1170,Subversion
Client X,Org C,Project 79,Collection 3332,52596,Repo 3766,Subversion
Client X,Org C,Project 79,Collection 3335,42034,Repo 1201,Subversion
Client X,Org C,Project 79,Collection 3335,44448,Repo 6662,Jira
Client X,Org C,Project 79,Collection 3421,52642,Repo 1249,Subversion
Client X,Org C,Project 79,Collection 3422,42076,Repo 1250,Subversion
Client X,Org C,Project 79,Collection 3422,44490,Repo 6695,Jira
Client X,Org C,Project 79,Collection 3589,82607,Repo 3912,Subversion
Client X,Org C,Project 79,Collection 3638,97488,Repo 3942,Subversion
Client X,Org C,Project 79,Collection 3722,42243,Repo 1485,Subversion
Client X,Org C,Project 79,Collection 3722,44657,Repo 6855,Jira
Client X,Org C,Project 79,Collection 3970,52944,Repo 1662,Subversion
Client X,Org C,Project 79,Collection 4448,64016,Repo 4416,Subversion
Client X,Org C,Project 79,Collection 4449,64254,Repo 4417,Subversion
Client X,Org C,Project 79,Collection 4450,53155,Repo 1953,Subversion
Client X,Org C,Project 79,Collection 4982,53389,Repo 4858,Subversion
Client X,Org C,Project 79,Collection 5119,42871,Repo 2266,Subversion
Client X,Org C,Project 79,Collection 5119,45285,Repo 7454,Jira
Client X,Org C,Project 79,Collection 5484,53664,Repo 5587,Subversion
Client X,Org C,Project 79,Collection 5572,43420,Repo 5590,Subversion
Client X,Org C,Project 79,Collection 5572,45834,Repo 7687,Jira
Client X,Org C,Project 79,Collection 1576,43145,Repo 2636,Subversion
Client X,Org C,Project 79,Collection 1576,45559,Repo 7716,Jira
Client X,Org C,Project 79,Collection 5651,53748,Repo 5264,Subversion
Client X,Org C,Project 80,Collection 1693,64130,Repo 2738,Subversion
Client X,Org C,Project 80,Collection 1844,79412,Repo 2842,Subversion
Client X,Org C,Project 80,Collection 1917,41241,Repo 199,Subversion
Client X,Org C,Project 80,Collection 1917,43655,Repo 5839,Jira
Client X,Org C,Project 80,Collection 116,51984,Repo 2907,Subversion
Client X,Org C,Project 80,Collection 2349,79585,Repo 3173,Subversion
Client X,Org C,Project 80,Collection 2360,83822,Repo 3188,Subversion
Client X,Org C,Project 80,Collection 321,41468,Repo 498,Subversion
Client X,Org C,Project 80,Collection 321,43882,Repo 6077,Jira
Client X,Org C,Project 80,Collection 2391,83849,Repo 3220,Subversion
Client X,Org C,Project 80,Collection 2429,41484,Repo 518,Subversion
Client X,Org C,Project 80,Collection 2429,43898,Repo 6092,Jira
Client X,Org C,Project 80,Collection 2493,43317,Repo 5439,Subversion
Client X,Org C,Project 80,Collection 2493,45731,Repo 6135,Jira
Client X,Org C,Project 80,Collection 2530,43319,Repo 5442,Subversion
Client X,Org C,Project 80,Collection 2530,45733,Repo 6151,Jira
Client X,Org C,Project 80,Collection 2600,52272,Repo 623,Subversion
Client X,Org C,Project 80,Collection 2625,82560,Repo 3377,Subversion
Client X,Org C,Project 80,Collection 2642,43322,Repo 5446,Subversion
Client X,Org C,Project 80,Collection 2642,45736,Repo 6200,Jira
Client X,Org C,Project 80,Collection 2960,52397,Repo 3523,Subversion
Client X,Org C,Project 80,Collection 2963,52398,Repo 3525,Subversion
Client X,Org C,Project 80,Collection 2965,41852,Repo 942,Subversion
Client X,Org C,Project 80,Collection 2965,44266,Repo 6477,Jira
Client X,Org C,Project 80,Collection 2966,41853,Repo 943,Subversion
Client X,Org C,Project 80,Collection 2966,44267,Repo 6478,Jira
Client X,Org C,Project 80,Collection 3292,52571,Repo 3738,Subversion
Client X,Org C,Project 80,Collection 747,42058,Repo 1228,Subversion
Client X,Org C,Project 80,Collection 747,44472,Repo 6678,Jira
Client X,Org C,Project 80,Collection 3418,97276,Repo 3825,Subversion
Client X,Org C,Project 80,Collection 3401,97278,Repo 3805,Subversion
Client X,Org C,Project 80,Collection 3404,82593,Repo 3810,Subversion
Client X,Org C,Project 80,Collection 3406,82594,Repo 3812,Subversion
Client X,Org C,Project 80,Collection 766,43351,Repo 5489,Subversion
Client X,Org C,Project 80,Collection 766,45765,Repo 6694,Jira
Client X,Org C,Project 80,Collection 3424,42077,Repo 1252,Subversion
Client X,Org C,Project 80,Collection 3424,44491,Repo 6696,Jira
Client X,Org C,Project 80,Collection 794,79344,Repo 3849,Subversion
Client X,Org C,Project 80,Collection 804,42123,Repo 1316,Subversion
Client X,Org C,Project 80,Collection 804,44537,Repo 6746,Jira
Client X,Org C,Project 80,Collection 3624,42183,Repo 1409,Subversion
Client X,Org C,Project 80,Collection 3624,44597,Repo 6803,Jira
Client X,Org C,Project 80,Collection 883,82611,Repo 3983,Subversion
Client X,Org C,Project 80,Collection 3775,79489,Repo 4009,Subversion
Client X,Org C,Project 80,Collection 3893,42320,Repo 1613,Subversion
Client X,Org C,Project 80,Collection 3893,44734,Repo 6944,Jira
Client X,Org C,Project 80,Collection 3894,42321,Repo 1614,Subversion
Client X,Org C,Project 80,Collection 3894,44735,Repo 6945,Jira
Client X,Org C,Project 80,Collection 3895,42322,Repo 1615,Subversion
Client X,Org C,Project 80,Collection 3895,44736,Repo 6946,Jira
Client X,Org C,Project 80,Collection 3896,42323,Repo 1616,Subversion
Client X,Org C,Project 80,Collection 3896,44737,Repo 6947,Jira
Client X,Org C,Project 80,Collection 3900,52917,Repo 1619,Subversion
Client X,Org C,Project 80,Collection 3944,42351,Repo 1649,Subversion
Client X,Org C,Project 80,Collection 3944,44765,Repo 6975,Jira
Client X,Org C,Project 80,Collection 3953,63968,Repo 4105,Subversion
Client X,Org C,Project 80,Collection 979,43368,Repo 5513,Subversion
Client X,Org C,Project 80,Collection 979,45782,Repo 6985,Jira
Client X,Org C,Project 80,Collection 3966,42359,Repo 1660,Subversion
Client X,Org C,Project 80,Collection 3966,44773,Repo 6986,Jira
Client X,Org C,Project 80,Collection 3971,54701,Repo 4117,Subversion
Client X,Org C,Project 80,Collection 3973,79356,Repo 4118,Subversion
Client X,Org C,Project 80,Collection 981,52949,Repo 5515,Subversion
Client X,Org C,Project 80,Collection 3979,52950,Repo 1666,Subversion
Client X,Org C,Project 80,Collection 3980,79357,Repo 4122,Subversion
Client X,Org C,Project 80,Collection 1074,82636,Repo 4288,Subversion
Client X,Org C,Project 80,Collection 4393,53126,Repo 4390,Subversion
Client X,Org C,Project 80,Collection 1132,64013,Repo 4393,Subversion
Client X,Org C,Project 80,Collection 4582,42676,Repo 2055,Subversion
Client X,Org C,Project 80,Collection 4582,45090,Repo 7292,Jira
Client X,Org C,Project 80,Collection 4841,42705,Repo 2087,Subversion
Client X,Org C,Project 80,Collection 4841,45119,Repo 7322,Jira
Client X,Org C,Project 80,Collection 4845,42708,Repo 2090,Subversion
Client X,Org C,Project 80,Collection 4845,45122,Repo 7324,Jira
Client X,Org C,Project 80,Collection 1290,79621,Repo 4827,Subversion
Client X,Org C,Project 80,Collection 5019,53400,Repo 2197,Subversion
Client X,Org C,Project 80,Collection 5027,42790,Repo 2203,Subversion
Client X,Org C,Project 80,Collection 5027,45204,Repo 7411,Jira
Client X,Org C,Project 80,Collection 5039,42798,Repo 2211,Subversion
Client X,Org C,Project 80,Collection 5039,45212,Repo 7418,Jira
Client X,Org C,Project 80,Collection 5050,53410,Repo 2219,Subversion
Client X,Org C,Project 80,Collection 5054,84855,Repo 4904,Subversion
Client X,Org C,Project 80,Collection 5065,79385,Repo 4908,Subversion
Client X,Org C,Project 80,Collection 5102,64285,Repo 4935,Subversion
Client X,Org C,Project 80,Collection 5121,42872,Repo 2268,Subversion
Client X,Org C,Project 80,Collection 5121,45286,Repo 7455,Jira
Client X,Org C,Project 80,Collection 5124,42874,Repo 2271,Subversion
Client X,Org C,Project 80,Collection 5124,45288,Repo 7457,Jira
Client X,Org C,Project 80,Collection 5141,79391,Repo 4954,Subversion
Client X,Org C,Project 80,Collection 5272,64094,Repo 5009,Subversion
Client X,Org C,Project 80,Collection 1439,43411,Repo 5574,Subversion
Client X,Org C,Project 80,Collection 1439,45825,Repo 7562,Jira
Client X,Org C,Project 80,Collection 5278,53561,Repo 5575,Subversion
Client X,Org C,Project 80,Collection 5279,64300,Repo 5013,Subversion
Client X,Org C,Project 80,Collection 5280,53562,Repo 5014,Subversion
Client X,Org C,Project 80,Collection 5282,53564,Repo 2409,Subversion
Client X,Org C,Project 80,Collection 5283,64301,Repo 5015,Subversion
Client X,Org C,Project 80,Collection 5284,42979,Repo 2410,Subversion
Client X,Org C,Project 80,Collection 5284,45393,Repo 7563,Jira
Client X,Org C,Project 80,Collection 5285,64302,Repo 5016,Subversion
Client X,Org C,Project 80,Collection 5288,79394,Repo 5019,Subversion
Client X,Org C,Project 80,Collection 5296,79534,Repo 5027,Subversion
Client X,Org C,Project 80,Collection 5312,42990,Repo 2423,Subversion
Client X,Org C,Project 80,Collection 5312,45404,Repo 7573,Jira
Client X,Org C,Project 80,Collection 5317,53580,Repo 5577,Subversion
Client X,Org C,Project 80,Collection 5339,53591,Repo 2440,Subversion
Client X,Org C,Project 80,Collection 1457,43012,Repo 2441,Subversion
Client X,Org C,Project 80,Collection 1457,45426,Repo 7585,Jira
Client X,Org C,Project 80,Collection 1547,43109,Repo 2579,Subversion
Client X,Org C,Project 80,Collection 1547,45523,Repo 7680,Jira
Client X,Org C,Project 80,Collection 1554,53719,Repo 5221,Subversion
Client X,Org C,Project 80,Collection 5629,53738,Repo 5595,Subversion
Client X,Org C,Project 80,Collection 1579,79402,Repo 5266,Subversion
Client X,Org C,Project 80,Collection 5659,43150,Repo 2642,Subversion
Client X,Org C,Project 80,Collection 5659,45564,Repo 7724,Jira
Client X,Org C,Project 80,Collection 1581,97303,Repo 5272,Subversion
Client X,Org C,Project 80,Collection 5665,43154,Repo 2645,Subversion
Client X,Org C,Project 80,Collection 5665,45568,Repo 7727,Jira
Client X,Org C,Project 283,Collection 2961,82568,Repo 3524,Subversion
Client X,Org C,Project 283,Collection 4960,79378,Repo 4819,Subversion
Client X,Org C,Project 283,Collection 5038,84845,Repo 4892,Subversion
Client X,Org C,Project 283,Collection 5101,79387,Repo 4934,Subversion
Client X,Org C,Project 283,Collection 5108,54739,Repo 4937,Subversion
Client X,Org C,Project 283,Collection 5315,79395,Repo 5043,Subversion
Client X,Org C,Project 283,Collection 5316,79396,Repo 5044,Subversion
Client X,Org C,Project 284,Collection 3256,52551,Repo 5481,Subversion
Client X,Org C,Project 285,Collection 3423,52644,Repo 1251,Subversion
Client X,Org C,Project 286,Collection 4014,52970,Repo 5516,Subversion
Client X,Org C,Project 81,Collection 1686,83563,Repo 2734,Subversion
Client X,Org C,Project 81,Collection 2112,83743,Repo 3034,Subversion
Client X,Org C,Project 81,Collection 2376,79430,Repo 3200,Subversion
Client X,Org C,Project 81,Collection 2377,79431,Repo 3201,Subversion
Client X,Org C,Project 81,Collection 2378,79586,Repo 3202,Subversion
Client X,Org C,Project 81,Collection 316,83833,Repo 3203,Subversion
Client X,Org C,Project 81,Collection 2379,79432,Repo 3204,Subversion
Client X,Org C,Project 81,Collection 2380,64170,Repo 3205,Subversion
Client X,Org C,Project 81,Collection 2381,79433,Repo 3206,Subversion
Client X,Org C,Project 81,Collection 2382,79587,Repo 3207,Subversion
Client X,Org C,Project 81,Collection 2425,97258,Repo 3247,Subversion
Client X,Org C,Project 81,Collection 2465,79319,Repo 3268,Subversion
Client X,Org C,Project 82,Collection 996,84485,Repo 4148,Subversion
Client X,Org C,Project 82,Collection 1051,42452,Repo 1779,Subversion
Client X,Org C,Project 82,Collection 1051,44866,Repo 7074,Jira
Client X,Org C,Project 82,Collection 5042,42800,Repo 2213,Subversion
Client X,Org C,Project 82,Collection 5042,45214,Repo 7420,Jira
Client X,Org C,Project 82,Collection 5044,53409,Repo 2215,Subversion
Client X,Org C,Project 83,Collection 1593,51831,Repo 2676,Subversion
Client X,Org C,Project 83,Collection 1619,82510,Repo 2699,Subversion
Client X,Org C,Project 83,Collection 1847,41205,Repo 162,Subversion
Client X,Org C,Project 83,Collection 1847,43619,Repo 5811,Jira
Client X,Org C,Project 83,Collection 1907,51958,Repo 193,Subversion
Client X,Org C,Project 83,Collection 3363,52615,Repo 1218,Subversion
Client X,Org C,Project 83,Collection 3528,64219,Repo 3881,Subversion
Client X,Org C,Project 83,Collection 3943,64239,Repo 4099,Subversion
Client X,Org C,Project 83,Collection 1093,84577,Repo 4325,Subversion
Client X,Org C,Project 83,Collection 1094,79648,Repo 4326,Subversion
Client X,Org C,Project 83,Collection 4275,79649,Repo 4327,Subversion
Client X,Org C,Project 83,Collection 4373,42559,Repo 1901,Subversion
Client X,Org C,Project 83,Collection 4373,44973,Repo 7177,Jira
Client X,Org C,Project 83,Collection 1393,42900,Repo 2306,Subversion
Client X,Org C,Project 83,Collection 1393,45314,Repo 7482,Jira
Client X,Org C,Project 83,Collection 5367,53600,Repo 2454,Subversion
Client X,Org C,Project 83,Collection 5507,79548,Repo 5165,Subversion
Client X,Org C,Project 83,Collection 5508,79636,Repo 5166,Subversion
Client X,Org C,Project 287,Collection 5138,53468,Repo 2280,Subversion
Client X,Org C,Project 287,Collection 5506,64115,Repo 5164,Subversion
Client X,Org C,Project 84,Collection 4,82508,Repo 2678,Subversion
Client X,Org C,Project 84,Collection 1607,64125,Repo 2687,Subversion
Client X,Org C,Project 84,Collection 1621,41096,Repo 16,Subversion
Client X,Org C,Project 84,Collection 1621,43510,Repo 5698,Jira
Client X,Org C,Project 84,Collection 1623,41098,Repo 18,Subversion
Client X,Org C,Project 84,Collection 1623,43512,Repo 5700,Jira
Client X,Org C,Project 84,Collection 1625,41099,Repo 19,Subversion
Client X,Org C,Project 84,Collection 1625,43513,Repo 5701,Jira
Client X,Org C,Project 84,Collection 1626,41100,Repo 20,Subversion
Client X,Org C,Project 84,Collection 1626,43514,Repo 5702,Jira
Client X,Org C,Project 84,Collection 17,41101,Repo 21,Subversion
Client X,Org C,Project 84,Collection 17,43515,Repo 5703,Jira
Client X,Org C,Project 84,Collection 1627,41102,Repo 22,Subversion
Client X,Org C,Project 84,Collection 1627,43516,Repo 5704,Jira
Client X,Org C,Project 84,Collection 1799,64139,Repo 2813,Subversion
Client X,Org C,Project 84,Collection 1805,83611,Repo 2817,Subversion
Client X,Org C,Project 84,Collection 1806,83612,Repo 2818,Subversion
Client X,Org C,Project 84,Collection 93,83613,Repo 2819,Subversion
Client X,Org C,Project 84,Collection 1869,41209,Repo 172,Subversion
Client X,Org C,Project 84,Collection 1869,43623,Repo 5815,Jira
Client X,Org C,Project 84,Collection 1938,83661,Repo 2900,Subversion
Client X,Org C,Project 84,Collection 182,41308,Repo 293,Subversion
Client X,Org C,Project 84,Collection 182,43722,Repo 5907,Jira
Client X,Org C,Project 84,Collection 2062,64154,Repo 2992,Subversion
Client X,Org C,Project 84,Collection 2065,79419,Repo 2994,Subversion
Client X,Org C,Project 84,Collection 2140,64158,Repo 3045,Subversion
Client X,Org C,Project 84,Collection 2206,63829,Repo 3082,Subversion
Client X,Org C,Project 84,Collection 2210,82539,Repo 3084,Subversion
Client X,Org C,Project 84,Collection 302,52175,Repo 3177,Subversion
Client X,Org C,Project 84,Collection 2374,83831,Repo 3199,Subversion
Client X,Org C,Project 84,Collection 326,63844,Repo 3221,Subversion
Client X,Org C,Project 84,Collection 2476,41514,Repo 556,Subversion
Client X,Org C,Project 84,Collection 2476,43928,Repo 6128,Jira
Client X,Org C,Project 84,Collection 2478,41516,Repo 558,Subversion
Client X,Org C,Project 84,Collection 2478,43930,Repo 6130,Jira
Client X,Org C,Project 84,Collection 2479,41517,Repo 559,Subversion
Client X,Org C,Project 84,Collection 2479,43931,Repo 6131,Jira
Client X,Org C,Project 84,Collection 2553,83914,Repo 3317,Subversion
Client X,Org C,Project 84,Collection 432,41591,Repo 650,Subversion
Client X,Org C,Project 84,Collection 432,44005,Repo 6199,Jira
Client X,Org C,Project 84,Collection 2721,41647,Repo 717,Subversion
Client X,Org C,Project 84,Collection 2721,44061,Repo 6256,Jira
Client X,Org C,Project 84,Collection 2793,41709,Repo 781,Subversion
Client X,Org C,Project 84,Collection 2793,44123,Repo 6327,Jira
Client X,Org C,Project 84,Collection 2795,52346,Repo 3464,Subversion
Client X,Org C,Project 84,Collection 2967,41854,Repo 944,Subversion
Client X,Org C,Project 84,Collection 2967,44268,Repo 6479,Jira
Client X,Org C,Project 84,Collection 584,41880,Repo 981,Subversion
Client X,Org C,Project 84,Collection 584,44294,Repo 6506,Jira
Client X,Org C,Project 84,Collection 3119,63886,Repo 3616,Subversion
Client X,Org C,Project 84,Collection 3148,63890,Repo 3635,Subversion
Client X,Org C,Project 84,Collection 3187,63898,Repo 3669,Subversion
Client X,Org C,Project 84,Collection 3234,63904,Repo 3702,Subversion
Client X,Org C,Project 84,Collection 3239,63905,Repo 3705,Subversion
Client X,Org C,Project 84,Collection 3358,42051,Repo 1215,Subversion
Client X,Org C,Project 84,Collection 3358,44465,Repo 6671,Jira
Client X,Org C,Project 84,Collection 3359,84191,Repo 3776,Subversion
Client X,Org C,Project 84,Collection 3360,52614,Repo 1216,Subversion
Client X,Org C,Project 84,Collection 738,54689,Repo 3777,Subversion
Client X,Org C,Project 84,Collection 3361,84192,Repo 3778,Subversion
Client X,Org C,Project 84,Collection 3362,42052,Repo 1217,Subversion
Client X,Org C,Project 84,Collection 3362,44466,Repo 6672,Jira
Client X,Org C,Project 84,Collection 3464,63926,Repo 3845,Subversion
Client X,Org C,Project 84,Collection 817,82605,Repo 3899,Subversion
Client X,Org C,Project 84,Collection 3648,42187,Repo 1421,Subversion
Client X,Org C,Project 84,Collection 3648,44601,Repo 6806,Jira
Client X,Org C,Project 84,Collection 3651,42189,Repo 1424,Subversion
Client X,Org C,Project 84,Collection 3651,44603,Repo 6808,Jira
Client X,Org C,Project 84,Collection 851,79604,Repo 3950,Subversion
Client X,Org C,Project 84,Collection 3710,63948,Repo 3976,Subversion
Client X,Org C,Project 84,Collection 3737,63951,Repo 3985,Subversion
Client X,Org C,Project 84,Collection 3748,63952,Repo 3992,Subversion
Client X,Org C,Project 84,Collection 3967,63971,Repo 4115,Subversion
Client X,Org C,Project 84,Collection 4012,52968,Repo 1688,Subversion
Client X,Org C,Project 84,Collection 4026,52979,Repo 4147,Subversion
Client X,Org C,Project 84,Collection 4064,42400,Repo 1717,Subversion
Client X,Org C,Project 84,Collection 4064,44814,Repo 7021,Jira
Client X,Org C,Project 84,Collection 4084,42408,Repo 1729,Subversion
Client X,Org C,Project 84,Collection 4084,44822,Repo 7028,Jira
Client X,Org C,Project 84,Collection 4085,79500,Repo 4184,Subversion
Client X,Org C,Project 84,Collection 4105,52998,Repo 1741,Subversion
Client X,Org C,Project 84,Collection 1111,42536,Repo 1881,Subversion
Client X,Org C,Project 84,Collection 1111,44950,Repo 7155,Jira
Client X,Org C,Project 84,Collection 4354,64010,Repo 4374,Subversion
Client X,Org C,Project 84,Collection 1152,42596,Repo 1962,Subversion
Client X,Org C,Project 84,Collection 1152,45010,Repo 7220,Jira
Client X,Org C,Project 84,Collection 4545,42652,Repo 2021,Subversion
Client X,Org C,Project 84,Collection 4545,45066,Repo 7267,Jira
Client X,Org C,Project 84,Collection 4909,53355,Repo 2135,Subversion
Client X,Org C,Project 84,Collection 4989,42765,Repo 2175,Subversion
Client X,Org C,Project 84,Collection 4989,45179,Repo 7382,Jira
Client X,Org C,Project 84,Collection 5060,42807,Repo 2225,Subversion
Client X,Org C,Project 84,Collection 5060,45221,Repo 7428,Jira
Client X,Org C,Project 84,Collection 5075,84862,Repo 4917,Subversion
Client X,Org C,Project 84,Collection 5169,53488,Repo 2303,Subversion
Client X,Org C,Project 84,Collection 5289,64095,Repo 5020,Subversion
Client X,Org C,Project 84,Collection 5505,85012,Repo 5162,Subversion
Client X,Org C,Project 84,Collection 1538,43092,Repo 2559,Subversion
Client X,Org C,Project 84,Collection 1538,45506,Repo 7664,Jira
Client X,Org C,Project 84,Collection 5523,43093,Repo 2560,Subversion
Client X,Org C,Project 84,Collection 5523,45507,Repo 7665,Jira
Client X,Org C,Project 84,Collection 5524,43094,Repo 2561,Subversion
Client X,Org C,Project 84,Collection 5524,45508,Repo 7666,Jira
Client X,Org C,Project 84,Collection 5526,43095,Repo 2562,Subversion
Client X,Org C,Project 84,Collection 5526,45509,Repo 7667,Jira
Client X,Org C,Project 84,Collection 1539,43096,Repo 2563,Subversion
Client X,Org C,Project 84,Collection 1539,45510,Repo 7668,Jira
Client X,Org C,Project 85,Collection 2001,82521,Repo 2953,Subversion
Client X,Org C,Project 85,Collection 320,79588,Repo 3211,Subversion
Client X,Org C,Project 85,Collection 2596,52268,Repo 621,Subversion
Client X,Org C,Project 85,Collection 407,52277,Repo 630,Subversion
Client X,Org C,Project 85,Collection 577,52422,Repo 963,Subversion
Client X,Org C,Project 85,Collection 762,84224,Repo 3823,Subversion
Client X,Org C,Project 85,Collection 3434,42086,Repo 1263,Subversion
Client X,Org C,Project 85,Collection 3434,44500,Repo 6704,Jira
Client X,Org C,Project 85,Collection 3435,42087,Repo 1264,Subversion
Client X,Org C,Project 85,Collection 3435,44501,Repo 6705,Jira
Client X,Org C,Project 85,Collection 768,42088,Repo 1265,Subversion
Client X,Org C,Project 85,Collection 768,44502,Repo 6706,Jira
Client X,Org C,Project 85,Collection 769,42089,Repo 1266,Subversion
Client X,Org C,Project 85,Collection 769,44503,Repo 6707,Jira
Client X,Org C,Project 85,Collection 4015,84472,Repo 4142,Subversion
Client X,Org C,Project 85,Collection 4288,42509,Repo 1852,Subversion
Client X,Org C,Project 85,Collection 4288,44923,Repo 7126,Jira
Client X,Org C,Project 85,Collection 4289,53086,Repo 4334,Subversion
Client X,Org C,Project 85,Collection 4290,53087,Repo 4335,Subversion
Client X,Org C,Project 85,Collection 1136,84645,Repo 4401,Subversion
Client X,Org C,Project 85,Collection 5074,53424,Repo 2235,Subversion
Client X,Org C,Project 85,Collection 5502,54756,Repo 5159,Subversion
Client X,Org C,Project 85,Collection 5503,79546,Repo 5160,Subversion
Client X,Org C,Project 85,Collection 5504,79547,Repo 5161,Subversion
Client X,Org C,Project 85,Collection 5656,43149,Repo 2641,Subversion
Client X,Org C,Project 85,Collection 5656,45563,Repo 7721,Jira
Client X,Org C,Project 86,Collection 1688,51865,Repo 78,Subversion
Client X,Org C,Project 86,Collection 1751,51897,Repo 115,Subversion
Client X,Org C,Project 86,Collection 1756,79564,Repo 2781,Subversion
Client X,Org C,Project 86,Collection 1812,83615,Repo 2822,Subversion
Client X,Org C,Project 86,Collection 2119,52081,Repo 3040,Subversion
Client X,Org C,Project 86,Collection 2332,64167,Repo 3160,Subversion
Client X,Org C,Project 86,Collection 2392,41473,Repo 501,Subversion
Client X,Org C,Project 86,Collection 2392,43887,Repo 6080,Jira
Client X,Org C,Project 86,Collection 2396,79435,Repo 3225,Subversion
Client X,Org C,Project 86,Collection 2432,41487,Repo 521,Subversion
Client X,Org C,Project 86,Collection 2432,43901,Repo 6094,Jira
Client X,Org C,Project 86,Collection 2461,52219,Repo 3265,Subversion
Client X,Org C,Project 86,Collection 2463,64171,Repo 3266,Subversion
Client X,Org C,Project 86,Collection 2688,52309,Repo 689,Subversion
Client X,Org C,Project 86,Collection 2765,52331,Repo 761,Subversion
Client X,Org C,Project 86,Collection 2801,52350,Repo 3465,Subversion
Client X,Org C,Project 86,Collection 2807,52353,Repo 790,Subversion
Client X,Org C,Project 86,Collection 3019,84100,Repo 3555,Subversion
Client X,Org C,Project 86,Collection 3296,52576,Repo 1172,Subversion
Client X,Org C,Project 86,Collection 3420,79478,Repo 3826,Subversion
Client X,Org C,Project 86,Collection 3749,52832,Repo 1506,Subversion
Client X,Org C,Project 86,Collection 3948,52937,Repo 4101,Subversion
Client X,Org C,Project 86,Collection 3956,97285,Repo 4108,Subversion
Client X,Org C,Project 86,Collection 4178,42454,Repo 1784,Subversion
Client X,Org C,Project 86,Collection 4178,44868,Repo 7076,Jira
Client X,Org C,Project 86,Collection 4251,53070,Repo 1825,Subversion
Client X,Org C,Project 86,Collection 4266,53080,Repo 5524,Subversion
Client X,Org C,Project 86,Collection 4486,42618,Repo 1988,Subversion
Client X,Org C,Project 86,Collection 4486,45032,Repo 7238,Jira
Client X,Org C,Project 86,Collection 1262,53333,Repo 2093,Subversion
Client X,Org C,Project 86,Collection 5043,53408,Repo 2214,Subversion
Client X,Org C,Project 86,Collection 1343,53416,Repo 2227,Subversion
Client X,Org C,Project 86,Collection 5224,42952,Repo 2368,Subversion
Client X,Org C,Project 86,Collection 5224,45366,Repo 7535,Jira
Client X,Org C,Project 86,Collection 5453,53645,Repo 5124,Subversion
Client X,Org C,Project 86,Collection 1510,43078,Repo 2535,Subversion
Client X,Org C,Project 86,Collection 1510,45492,Repo 7650,Jira
Client X,Org C,Project 86,Collection 5580,53717,Repo 2591,Subversion
Client X,Org C,Project 86,Collection 5593,82692,Repo 5230,Subversion
Client X,Org C,Project 86,Collection 5608,53729,Repo 2609,Subversion
Client X,Org C,Project 288,Collection 2370,83829,Repo 3194,Subversion
Client X,Org C,Project 288,Collection 2458,41502,Repo 540,Subversion
Client X,Org C,Project 288,Collection 2458,43916,Repo 6115,Jira
Client X,Org C,Project 288,Collection 3493,84286,Repo 3860,Subversion
Client X,Org C,Project 288,Collection 3883,42318,Repo 1608,Subversion
Client X,Org C,Project 288,Collection 3883,44732,Repo 6941,Jira
Client X,Org C,Project 289,Collection 1628,51837,Repo 23,Subversion
Client X,Org C,Project 289,Collection 2080,52060,Repo 315,Subversion
Client X,Org C,Project 289,Collection 4023,52977,Repo 1695,Subversion
Client X,Org C,Project 289,Collection 4141,84518,Repo 4236,Subversion
Client X,Org C,Project 289,Collection 4433,53145,Repo 1940,Subversion
Client X,Org C,Project 289,Collection 4847,84785,Repo 4770,Subversion
Client X,Org C,Project 289,Collection 4848,54730,Repo 4771,Subversion
Client X,Org C,Project 289,Collection 4849,84786,Repo 4772,Subversion
Client X,Org C,Project 289,Collection 4965,53385,Repo 4826,Subversion
Client X,Org C,Project 289,Collection 5118,54741,Repo 4945,Subversion
Client X,Org C,Project 289,Collection 5126,53461,Repo 2273,Subversion
Client X,Org C,Project 289,Collection 5127,53462,Repo 4947,Subversion
Client X,Org C,Project 289,Collection 5128,53463,Repo 2274,Subversion
Client X,Org C,Project 289,Collection 5130,64083,Repo 4949,Subversion
Client X,Org C,Project 87,Collection 67,51888,Repo 102,Subversion
Client X,Org C,Project 87,Collection 69,51890,Repo 2770,Subversion
Client X,Org C,Project 87,Collection 1737,83587,Repo 2771,Subversion
Client X,Org C,Project 87,Collection 140,41268,Repo 238,Subversion
Client X,Org C,Project 87,Collection 140,43682,Repo 5863,Jira
Client X,Org C,Project 87,Collection 2049,52044,Repo 284,Subversion
Client X,Org C,Project 87,Collection 2178,52115,Repo 384,Subversion
Client X,Org C,Project 87,Collection 2808,52354,Repo 791,Subversion
Client X,Org C,Project 87,Collection 807,42134,Repo 1330,Subversion
Client X,Org C,Project 87,Collection 807,44548,Repo 6756,Jira
Client X,Org C,Project 87,Collection 809,52700,Repo 3883,Subversion
Client X,Org C,Project 87,Collection 3696,64226,Repo 3970,Subversion
Client X,Org C,Project 87,Collection 1037,42440,Repo 1757,Subversion
Client X,Org C,Project 87,Collection 1037,44854,Repo 7059,Jira
Client X,Org C,Project 87,Collection 4463,53163,Repo 4421,Subversion
Client X,Org C,Project 87,Collection 4565,42670,Repo 2042,Subversion
Client X,Org C,Project 87,Collection 4565,45084,Repo 7286,Jira
Client X,Org C,Project 87,Collection 1365,79389,Repo 4941,Subversion
Client X,Org C,Project 87,Collection 1366,53456,Repo 4942,Subversion
Client X,Org C,Project 87,Collection 1367,53457,Repo 4943,Subversion
Client X,Org C,Project 87,Collection 5116,64081,Repo 4944,Subversion
Client X,Org C,Project 87,Collection 5129,53464,Repo 4948,Subversion
Client X,Org C,Project 87,Collection 1440,42980,Repo 2411,Subversion
Client X,Org C,Project 87,Collection 1440,45394,Repo 7564,Jira
Client X,Org C,Project 87,Collection 5359,54748,Repo 5071,Subversion
Client X,Org C,Project 87,Collection 1464,82682,Repo 5075,Subversion
Client X,Org C,Project 87,Collection 5491,79400,Repo 5152,Subversion
Client X,Org C,Project 87,Collection 1572,64123,Repo 5257,Subversion
Client X,Org C,Project 88,Collection 1744,64136,Repo 2774,Subversion
Client X,Org C,Project 88,Collection 98,51928,Repo 2838,Subversion
Client X,Org C,Project 88,Collection 1856,64142,Repo 2848,Subversion
Client X,Org C,Project 88,Collection 1934,64148,Repo 2899,Subversion
Client X,Org C,Project 88,Collection 2938,52387,Repo 3508,Subversion
Client X,Org C,Project 88,Collection 3124,64200,Repo 3618,Subversion
Client X,Org C,Project 88,Collection 3675,64225,Repo 3958,Subversion
Client X,Org C,Project 88,Collection 1158,53167,Repo 1971,Subversion
Client X,Org C,Project 290,Collection 3463,52667,Repo 1291,Subversion
Client X,Org C,Project 290,Collection 4843,53331,Repo 2088,Subversion
Client X,Org C,Project 291,Collection 3646,42186,Repo 1419,Subversion
Client X,Org C,Project 291,Collection 3646,44600,Repo 6805,Jira
Client X,Org C,Project 291,Collection 4020,52974,Repo 1692,Subversion
Client X,Org C,Project 291,Collection 5114,82665,Repo 4939,Subversion
Client X,Org C,Project 292,Collection 2933,52382,Repo 914,Subversion
Client X,Org C,Project 292,Collection 3540,52704,Repo 1338,Subversion
Client X,Org C,Project 292,Collection 5058,53413,Repo 2223,Subversion
Client X,Org C,Project 292,Collection 5117,53458,Repo 2265,Subversion
Client X,Org C,Project 292,Collection 5269,79533,Repo 5005,Subversion
Client X,Org C,Project 89,Collection 1787,83601,Repo 2804,Subversion
Client X,Org C,Project 89,Collection 1884,83636,Repo 2868,Subversion
Client X,Org C,Project 89,Collection 1903,83644,Repo 2881,Subversion
Client X,Org C,Project 89,Collection 1974,83685,Repo 2930,Subversion
Client X,Org C,Project 89,Collection 2114,82535,Repo 3035,Subversion
Client X,Org C,Project 89,Collection 2251,83785,Repo 3108,Subversion
Client X,Org C,Project 89,Collection 303,83820,Repo 3178,Subversion
Client X,Org C,Project 89,Collection 322,83844,Repo 3214,Subversion
Client X,Org C,Project 89,Collection 332,83853,Repo 3230,Subversion
Client X,Org C,Project 89,Collection 2409,83855,Repo 3231,Subversion
Client X,Org C,Project 89,Collection 2415,52205,Repo 3237,Subversion
Client X,Org C,Project 89,Collection 2551,83907,Repo 3316,Subversion
Client X,Org C,Project 89,Collection 2552,52246,Repo 3315,Subversion
Client X,Org C,Project 89,Collection 377,83928,Repo 3321,Subversion
Client X,Org C,Project 89,Collection 2565,83936,Repo 3327,Subversion
Client X,Org C,Project 89,Collection 2566,83937,Repo 3328,Subversion
Client X,Org C,Project 89,Collection 380,83941,Repo 3333,Subversion
Client X,Org C,Project 89,Collection 2655,84020,Repo 3401,Subversion
Client X,Org C,Project 89,Collection 2660,84022,Repo 3405,Subversion
Client X,Org C,Project 89,Collection 2715,84047,Repo 3432,Subversion
Client X,Org C,Project 89,Collection 3000,84095,Repo 3547,Subversion
Client X,Org C,Project 89,Collection 3046,84110,Repo 3573,Subversion
Client X,Org C,Project 89,Collection 603,84112,Repo 3575,Subversion
Client X,Org C,Project 89,Collection 3089,84130,Repo 3598,Subversion
Client X,Org C,Project 89,Collection 3091,84133,Repo 3601,Subversion
Client X,Org C,Project 89,Collection 695,41995,Repo 1140,Subversion
Client X,Org C,Project 89,Collection 695,44409,Repo 6620,Jira
Client X,Org C,Project 89,Collection 3263,41998,Repo 1146,Subversion
Client X,Org C,Project 89,Collection 3263,44412,Repo 6623,Jira
Client X,Org C,Project 89,Collection 3318,82592,Repo 3758,Subversion
Client X,Org C,Project 89,Collection 3472,84275,Repo 3852,Subversion
Client X,Org C,Project 89,Collection 799,84283,Repo 3859,Subversion
Client X,Org C,Project 89,Collection 808,84314,Repo 3882,Subversion
Client X,Org C,Project 89,Collection 3529,42135,Repo 1331,Subversion
Client X,Org C,Project 89,Collection 3529,44549,Repo 6757,Jira
Client X,Org C,Project 89,Collection 810,84315,Repo 3884,Subversion
Client X,Org C,Project 89,Collection 3549,84327,Repo 3895,Subversion
Client X,Org C,Project 89,Collection 3599,84340,Repo 3916,Subversion
Client X,Org C,Project 89,Collection 3605,84344,Repo 3921,Subversion
Client X,Org C,Project 89,Collection 3685,84364,Repo 3962,Subversion
Client X,Org C,Project 89,Collection 893,84387,Repo 3997,Subversion
Client X,Org C,Project 89,Collection 902,82614,Repo 4008,Subversion
Client X,Org C,Project 89,Collection 3897,84426,Repo 4068,Subversion
Client X,Org C,Project 89,Collection 3923,84439,Repo 4085,Subversion
Client X,Org C,Project 89,Collection 3939,52936,Repo 1646,Subversion
Client X,Org C,Project 89,Collection 3955,84446,Repo 4107,Subversion
Client X,Org C,Project 89,Collection 999,84488,Repo 4170,Subversion
Client X,Org C,Project 89,Collection 1026,84508,Repo 4209,Subversion
Client X,Org C,Project 89,Collection 4126,84512,Repo 4221,Subversion
Client X,Org C,Project 89,Collection 1059,97493,Repo 4264,Subversion
Client X,Org C,Project 89,Collection 4249,84566,Repo 4309,Subversion
Client X,Org C,Project 89,Collection 4339,84610,Repo 4360,Subversion
Client X,Org C,Project 89,Collection 4428,84655,Repo 4411,Subversion
Client X,Org C,Project 89,Collection 4468,84660,Repo 4424,Subversion
Client X,Org C,Project 89,Collection 4918,84801,Repo 4798,Subversion
Client X,Org C,Project 89,Collection 4932,84812,Repo 4807,Subversion
Client X,Org C,Project 89,Collection 5064,84857,Repo 4907,Subversion
Client X,Org C,Project 89,Collection 5176,84899,Repo 4976,Subversion
Client X,Org C,Project 89,Collection 5245,84913,Repo 4991,Subversion
Client X,Org C,Project 89,Collection 5258,53529,Repo 2397,Subversion
Client X,Org C,Project 89,Collection 1451,53586,Repo 5047,Subversion
Client X,Org C,Project 89,Collection 5344,84962,Repo 5058,Subversion
Client X,Org C,Project 89,Collection 5397,53616,Repo 5092,Subversion
Client X,Org C,Project 89,Collection 5428,84993,Repo 5113,Subversion
Client X,Org C,Project 89,Collection 5514,85015,Repo 5176,Subversion
Client X,Org C,Project 89,Collection 5626,85060,Repo 5247,Subversion
Client X,Org C,Project 89,Collection 1574,85074,Repo 5262,Subversion
Client X,Org C,Project 293,Collection 5396,79539,Repo 5091,Subversion
Client X,Org C,Project 294,Collection 5460,85003,Repo 5128,Subversion
Client X,Org C,Project 90,Collection 2666,84028,Repo 3410,Subversion
Client X,Org C,Project 90,Collection 484,41685,Repo 757,Subversion
Client X,Org C,Project 90,Collection 484,44099,Repo 6305,Jira
Client X,Org C,Project 90,Collection 3033,52436,Repo 991,Subversion
Client X,Org C,Project 90,Collection 3207,52525,Repo 3681,Subversion
Client X,Org C,Project 90,Collection 663,41967,Repo 1104,Subversion
Client X,Org C,Project 90,Collection 663,44381,Repo 6591,Jira
Client X,Org C,Project 90,Collection 3801,79353,Repo 4016,Subversion
Client X,Org C,Project 90,Collection 3802,52863,Repo 1545,Subversion
Client X,Org C,Project 90,Collection 3804,52864,Repo 1547,Subversion
Client X,Org C,Project 90,Collection 3805,52865,Repo 1548,Subversion
Client X,Org C,Project 90,Collection 3806,52866,Repo 1549,Subversion
Client X,Org C,Project 90,Collection 3807,42284,Repo 1550,Subversion
Client X,Org C,Project 90,Collection 3807,44698,Repo 6903,Jira
Client X,Org C,Project 90,Collection 3808,52867,Repo 1551,Subversion
Client X,Org C,Project 90,Collection 3809,42285,Repo 1552,Subversion
Client X,Org C,Project 90,Collection 3809,44699,Repo 6905,Jira
Client X,Org C,Project 90,Collection 3810,53779,Repo 4018,Subversion
Client X,Org C,Project 90,Collection 3811,52868,Repo 2662,Subversion
Client X,Org C,Project 90,Collection 3812,52869,Repo 1553,Subversion
Client X,Org C,Project 90,Collection 3814,52871,Repo 1555,Subversion
Client X,Org C,Project 90,Collection 3815,42289,Repo 1556,Subversion
Client X,Org C,Project 90,Collection 3815,44703,Repo 6906,Jira
Client X,Org C,Project 90,Collection 3816,52874,Repo 1557,Subversion
Client X,Org C,Project 90,Collection 3817,63960,Repo 4020,Subversion
Client X,Org C,Project 90,Collection 3819,52875,Repo 1558,Subversion
Client X,Org C,Project 90,Collection 3820,52876,Repo 1559,Subversion
Client X,Org C,Project 90,Collection 3821,42290,Repo 1560,Subversion
Client X,Org C,Project 90,Collection 3821,44704,Repo 6907,Jira
Client X,Org C,Project 90,Collection 3822,42291,Repo 1561,Subversion
Client X,Org C,Project 90,Collection 3822,44705,Repo 6908,Jira
Client X,Org C,Project 90,Collection 3826,52881,Repo 1568,Subversion
Client X,Org C,Project 90,Collection 3833,52884,Repo 1574,Subversion
Client X,Org C,Project 90,Collection 3834,52885,Repo 1575,Subversion
Client X,Org C,Project 90,Collection 3836,52886,Repo 1577,Subversion
Client X,Org C,Project 90,Collection 3839,63962,Repo 4028,Subversion
Client X,Org C,Project 90,Collection 925,42303,Repo 1579,Subversion
Client X,Org C,Project 90,Collection 925,44717,Repo 6923,Jira
Client X,Org C,Project 90,Collection 3840,52887,Repo 1580,Subversion
Client X,Org C,Project 90,Collection 3841,42304,Repo 1581,Subversion
Client X,Org C,Project 90,Collection 3841,44718,Repo 6924,Jira
Client X,Org C,Project 90,Collection 3842,84401,Repo 4029,Subversion
Client X,Org C,Project 90,Collection 3843,52888,Repo 1582,Subversion
Client X,Org C,Project 90,Collection 3844,42305,Repo 1583,Subversion
Client X,Org C,Project 90,Collection 3844,44719,Repo 6925,Jira
Client X,Org C,Project 90,Collection 3864,52901,Repo 1596,Subversion
Client X,Org C,Project 295,Collection 2142,52094,Repo 359,Subversion
Client X,Org C,Project 295,Collection 2822,53770,Repo 3474,Subversion
Client X,Org C,Project 295,Collection 3153,54681,Repo 3641,Subversion
Client X,Org C,Project 295,Collection 3626,54695,Repo 3932,Subversion
Client X,Org C,Project 295,Collection 3827,54697,Repo 4024,Subversion
Client X,Org C,Project 295,Collection 3978,84451,Repo 4121,Subversion
Client X,Org C,Project 295,Collection 4048,82626,Repo 4163,Subversion
Client X,Org C,Project 295,Collection 4049,63972,Repo 4164,Subversion
Client X,Org C,Project 295,Collection 4238,64000,Repo 4298,Subversion
Client X,Org C,Project 295,Collection 4348,53106,Repo 5528,Subversion
Client X,Org C,Project 295,Collection 5286,79393,Repo 5017,Subversion
Client X,Org C,Project 296,Collection 1735,51889,Repo 2769,Subversion
Client X,Org C,Project 296,Collection 1738,64135,Repo 2772,Subversion
Client X,Org C,Project 296,Collection 1748,51893,Repo 112,Subversion
Client X,Org C,Project 296,Collection 2605,52275,Repo 3356,Subversion
Client X,Org C,Project 296,Collection 4163,84526,Repo 4249,Subversion
Client X,Org C,Project 296,Collection 4459,53162,Repo 1964,Subversion
Client X,Org C,Project 296,Collection 4530,84673,Repo 4472,Subversion
Client X,Org C,Project 296,Collection 5030,53402,Repo 2205,Subversion
Client X,Org C,Project 296,Collection 5320,53581,Repo 2426,Subversion
Client X,Org C,Project 296,Collection 5322,53582,Repo 2428,Subversion
Client X,Org C,Project 297,Collection 5217,53506,Repo 4982,Subversion
Client X,Org C,Project 298,Collection 1785,41179,Repo 131,Subversion
Client X,Org C,Project 298,Collection 1785,43593,Repo 5783,Jira
Client X,Org C,Project 298,Collection 2232,41400,Repo 413,Subversion
Client X,Org C,Project 298,Collection 2232,43814,Repo 6000,Jira
Client X,Org C,Project 298,Collection 5236,42956,Repo 2376,Subversion
Client X,Org C,Project 298,Collection 5236,45370,Repo 7540,Jira
Client X,Org C,Project 298,Collection 5248,53522,Repo 2387,Subversion
Client X,Org C,Project 298,Collection 5290,42983,Repo 2414,Subversion
Client X,Org C,Project 298,Collection 5290,45397,Repo 7567,Jira
Client X,Org C,Project 299,Collection 3142,82578,Repo 3630,Subversion
Client X,Org C,Project 300,Collection 1881,51950,Repo 179,Subversion
Client X,Org C,Project 301,Collection 2028,52032,Repo 273,Subversion
Client X,Org C,Project 301,Collection 2055,52049,Repo 289,Subversion
Client X,Org C,Project 301,Collection 2537,52245,Repo 596,Subversion
Client X,Org C,Project 301,Collection 2569,52253,Repo 605,Subversion
Client X,Org C,Project 301,Collection 3393,52628,Repo 1238,Subversion
Client X,Org C,Project 301,Collection 3432,52646,Repo 1261,Subversion
Client X,Org C,Project 301,Collection 3441,52655,Repo 1274,Subversion
Client X,Org C,Project 301,Collection 3447,52658,Repo 1278,Subversion
Client X,Org C,Project 301,Collection 3784,52857,Repo 1530,Subversion
Client X,Org C,Project 301,Collection 3892,52916,Repo 1612,Subversion
Client X,Org C,Project 301,Collection 3961,52942,Repo 1659,Subversion
Client X,Org C,Project 301,Collection 4943,53373,Repo 2159,Subversion
Client X,Org C,Project 301,Collection 5035,53404,Repo 2208,Subversion
Client X,Org C,Project 301,Collection 5171,53489,Repo 2304,Subversion
Client X,Org C,Project 301,Collection 5413,97300,Repo 5102,Subversion
Client X,Org C,Project 301,Collection 5416,82683,Repo 5104,Subversion
Client X,Org C,Project 302,Collection 2111,83742,Repo 3033,Subversion
Client X,Org C,Project 302,Collection 2347,83818,Repo 3172,Subversion
Client X,Org C,Project 302,Collection 2450,97476,Repo 3258,Subversion
Client X,Org C,Project 302,Collection 3661,84355,Repo 3952,Subversion
Client X,Org C,Project 302,Collection 3905,84429,Repo 4075,Subversion
Client X,Org C,Project 302,Collection 3906,84430,Repo 4076,Subversion
Client X,Org C,Project 302,Collection 3907,84431,Repo 4077,Subversion
Client X,Org C,Project 302,Collection 3908,84432,Repo 4078,Subversion
Client X,Org C,Project 302,Collection 5384,84971,Repo 5081,Subversion
Client X,Org C,Project 303,Collection 2350,82548,Repo 3175,Subversion
Client X,Org C,Project 303,Collection 2501,52233,Repo 5440,Subversion
Client X,Org C,Project 304,Collection 4065,54706,Repo 2664,Subversion
Client X,Org C,Project 304,Collection 4066,63974,Repo 2665,Subversion
Client X,Org C,Project 305,Collection 1603,83533,Repo 2685,Subversion
Client X,Org C,Project 305,Collection 1608,83534,Repo 2690,Subversion
Client X,Org C,Project 305,Collection 2602,83955,Repo 3353,Subversion
Client X,Org C,Project 305,Collection 3035,84106,Repo 3565,Subversion
Client X,Org C,Project 305,Collection 4037,84487,Repo 4154,Subversion
Client X,Org C,Project 305,Collection 4328,84602,Repo 4352,Subversion
Client X,Org C,Project 305,Collection 4551,53204,Repo 2667,Subversion
Client X,Org C,Project 305,Collection 5105,84876,Repo 4936,Subversion
Client X,Org C,Project 305,Collection 5633,85062,Repo 5250,Subversion
Client X,Org C,Project 305,Collection 5634,85064,Repo 5252,Subversion
Client X,Org C,Project 305,Collection 5635,85065,Repo 5253,Subversion
Client X,Org C,Project 305,Collection 5636,85066,Repo 5254,Subversion
Client X,Org C,Project 306,Collection 3536,52703,Repo 3888,Subversion
Client X,Org C,Project 307,Collection 2663,79320,Repo 3406,Subversion
Client X,Org C,Project 308,Collection 3161,52503,Repo 3648,Subversion
Client X,Org C,Project 308,Collection 3497,63929,Repo 3863,Subversion
Client X,Org C,Project 309,Collection 2662,64179,Repo 3407,Subversion
Client X,Org D,Project 91,Collection 13,41090,Repo 11,Subversion
Client X,Org D,Project 91,Collection 13,43504,Repo 5691,Jira
Client X,Org D,Project 91,Collection 18,41103,Repo 24,Subversion
Client X,Org D,Project 91,Collection 18,43517,Repo 5705,Jira
Client X,Org D,Project 91,Collection 19,41104,Repo 25,Subversion
Client X,Org D,Project 91,Collection 19,43518,Repo 5706,Jira
Client X,Org D,Project 91,Collection 21,41106,Repo 27,Subversion
Client X,Org D,Project 91,Collection 21,43520,Repo 5708,Jira
Client X,Org D,Project 91,Collection 25,41107,Repo 30,Subversion
Client X,Org D,Project 91,Collection 25,43521,Repo 5711,Jira
Client X,Org D,Project 91,Collection 33,43293,Repo 5398,Subversion
Client X,Org D,Project 91,Collection 33,45707,Repo 5718,Jira
Client X,Org D,Project 91,Collection 1645,41116,Repo 42,Subversion
Client X,Org D,Project 91,Collection 1645,43530,Repo 5721,Jira
Client X,Org D,Project 91,Collection 1647,41117,Repo 43,Subversion
Client X,Org D,Project 91,Collection 1647,43531,Repo 5722,Jira
Client X,Org D,Project 91,Collection 49,41135,Repo 67,Subversion
Client X,Org D,Project 91,Collection 49,43549,Repo 5741,Jira
Client X,Org D,Project 91,Collection 1673,41136,Repo 68,Subversion
Client X,Org D,Project 91,Collection 1673,43550,Repo 5742,Jira
Client X,Org D,Project 91,Collection 51,41138,Repo 70,Subversion
Client X,Org D,Project 91,Collection 51,43552,Repo 5744,Jira
Client X,Org D,Project 91,Collection 55,41144,Repo 85,Subversion
Client X,Org D,Project 91,Collection 55,43558,Repo 5749,Jira
Client X,Org D,Project 91,Collection 56,41145,Repo 86,Subversion
Client X,Org D,Project 91,Collection 56,43559,Repo 5750,Jira
Client X,Org D,Project 91,Collection 64,41149,Repo 94,Subversion
Client X,Org D,Project 91,Collection 64,43563,Repo 5754,Jira
Client X,Org D,Project 91,Collection 1725,41150,Repo 95,Subversion
Client X,Org D,Project 91,Collection 1725,43564,Repo 5755,Jira
Client X,Org D,Project 91,Collection 1726,41153,Repo 96,Subversion
Client X,Org D,Project 91,Collection 1726,43567,Repo 5756,Jira
Client X,Org D,Project 91,Collection 1728,41154,Repo 99,Subversion
Client X,Org D,Project 91,Collection 1728,43568,Repo 5757,Jira
Client X,Org D,Project 91,Collection 1733,41156,Repo 103,Subversion
Client X,Org D,Project 91,Collection 1733,43570,Repo 5759,Jira
Client X,Org D,Project 91,Collection 76,41170,Repo 120,Subversion
Client X,Org D,Project 91,Collection 76,43584,Repo 5774,Jira
Client X,Org D,Project 91,Collection 1792,41181,Repo 132,Subversion
Client X,Org D,Project 91,Collection 1792,43595,Repo 5785,Jira
Client X,Org D,Project 91,Collection 92,41190,Repo 138,Subversion
Client X,Org D,Project 91,Collection 92,43604,Repo 5795,Jira
Client X,Org D,Project 91,Collection 1823,41199,Repo 151,Subversion
Client X,Org D,Project 91,Collection 1823,43613,Repo 5804,Jira
Client X,Org D,Project 91,Collection 99,43298,Repo 5405,Subversion
Client X,Org D,Project 91,Collection 99,45712,Repo 5807,Jira
Client X,Org D,Project 91,Collection 100,41203,Repo 157,Subversion
Client X,Org D,Project 91,Collection 100,43617,Repo 5809,Jira
Client X,Org D,Project 91,Collection 1871,41210,Repo 173,Subversion
Client X,Org D,Project 91,Collection 1871,43624,Repo 5816,Jira
Client X,Org D,Project 91,Collection 110,41230,Repo 189,Subversion
Client X,Org D,Project 91,Collection 110,43644,Repo 5831,Jira
Client X,Org D,Project 91,Collection 111,41231,Repo 190,Subversion
Client X,Org D,Project 91,Collection 111,43645,Repo 5832,Jira
Client X,Org D,Project 91,Collection 1913,41237,Repo 196,Subversion
Client X,Org D,Project 91,Collection 1913,43651,Repo 5836,Jira
Client X,Org D,Project 91,Collection 1915,41238,Repo 197,Subversion
Client X,Org D,Project 91,Collection 1915,43652,Repo 5837,Jira
Client X,Org D,Project 91,Collection 1928,41244,Repo 202,Subversion
Client X,Org D,Project 91,Collection 1928,43658,Repo 5841,Jira
Client X,Org D,Project 91,Collection 117,41249,Repo 215,Subversion
Client X,Org D,Project 91,Collection 117,43663,Repo 5846,Jira
Client X,Org D,Project 91,Collection 136,41266,Repo 236,Subversion
Client X,Org D,Project 91,Collection 136,43680,Repo 5861,Jira
Client X,Org D,Project 91,Collection 149,41280,Repo 253,Subversion
Client X,Org D,Project 91,Collection 149,43694,Repo 5874,Jira
Client X,Org D,Project 91,Collection 165,41297,Repo 272,Subversion
Client X,Org D,Project 91,Collection 165,43711,Repo 5893,Jira
Client X,Org D,Project 91,Collection 197,41326,Repo 316,Subversion
Client X,Org D,Project 91,Collection 197,43740,Repo 5928,Jira
Client X,Org D,Project 91,Collection 213,41336,Repo 325,Subversion
Client X,Org D,Project 91,Collection 213,43750,Repo 5936,Jira
Client X,Org D,Project 91,Collection 214,41337,Repo 326,Subversion
Client X,Org D,Project 91,Collection 214,43751,Repo 5937,Jira
Client X,Org D,Project 91,Collection 218,41339,Repo 331,Subversion
Client X,Org D,Project 91,Collection 218,43753,Repo 5939,Jira
Client X,Org D,Project 91,Collection 220,41344,Repo 337,Subversion
Client X,Org D,Project 91,Collection 220,43758,Repo 5943,Jira
Client X,Org D,Project 91,Collection 247,41381,Repo 390,Subversion
Client X,Org D,Project 91,Collection 247,43795,Repo 5981,Jira
Client X,Org D,Project 91,Collection 2188,41382,Repo 391,Subversion
Client X,Org D,Project 91,Collection 2188,43796,Repo 5982,Jira
Client X,Org D,Project 91,Collection 2189,41383,Repo 392,Subversion
Client X,Org D,Project 91,Collection 2189,43797,Repo 5983,Jira
Client X,Org D,Project 91,Collection 2221,41395,Repo 409,Subversion
Client X,Org D,Project 91,Collection 2221,43809,Repo 5996,Jira
Client X,Org D,Project 91,Collection 2236,41406,Repo 419,Subversion
Client X,Org D,Project 91,Collection 2236,43820,Repo 6006,Jira
Client X,Org D,Project 91,Collection 260,43427,Repo 5605,Subversion
Client X,Org D,Project 91,Collection 260,45841,Repo 6007,Jira
Client X,Org D,Project 91,Collection 261,41407,Repo 420,Subversion
Client X,Org D,Project 91,Collection 261,43821,Repo 6008,Jira
Client X,Org D,Project 91,Collection 2237,41408,Repo 421,Subversion
Client X,Org D,Project 91,Collection 2237,43822,Repo 6009,Jira
Client X,Org D,Project 91,Collection 2238,41409,Repo 422,Subversion
Client X,Org D,Project 91,Collection 2238,43823,Repo 6010,Jira
Client X,Org D,Project 91,Collection 2239,41410,Repo 423,Subversion
Client X,Org D,Project 91,Collection 2239,43824,Repo 6011,Jira
Client X,Org D,Project 91,Collection 2240,41411,Repo 424,Subversion
Client X,Org D,Project 91,Collection 2240,43825,Repo 6012,Jira
Client X,Org D,Project 91,Collection 262,41412,Repo 425,Subversion
Client X,Org D,Project 91,Collection 262,43826,Repo 6013,Jira
Client X,Org D,Project 91,Collection 263,41413,Repo 426,Subversion
Client X,Org D,Project 91,Collection 263,43827,Repo 6014,Jira
Client X,Org D,Project 91,Collection 264,43178,Repo 5297,Subversion
Client X,Org D,Project 91,Collection 264,45592,Repo 6015,Jira
Client X,Org D,Project 91,Collection 2246,41416,Repo 429,Subversion
Client X,Org D,Project 91,Collection 2246,43830,Repo 6019,Jira
Client X,Org D,Project 91,Collection 2254,41420,Repo 433,Subversion
Client X,Org D,Project 91,Collection 2254,43834,Repo 6023,Jira
Client X,Org D,Project 91,Collection 271,41421,Repo 434,Subversion
Client X,Org D,Project 91,Collection 271,43835,Repo 6024,Jira
Client X,Org D,Project 91,Collection 272,41422,Repo 435,Subversion
Client X,Org D,Project 91,Collection 272,43836,Repo 6025,Jira
Client X,Org D,Project 91,Collection 275,41424,Repo 437,Subversion
Client X,Org D,Project 91,Collection 275,43838,Repo 6027,Jira
Client X,Org D,Project 91,Collection 2259,41426,Repo 440,Subversion
Client X,Org D,Project 91,Collection 2259,43840,Repo 6029,Jira
Client X,Org D,Project 91,Collection 2456,41500,Repo 539,Subversion
Client X,Org D,Project 91,Collection 2456,43914,Repo 6113,Jira
Client X,Org D,Project 91,Collection 368,41523,Repo 568,Subversion
Client X,Org D,Project 91,Collection 368,43937,Repo 6136,Jira
Client X,Org D,Project 91,Collection 2499,41524,Repo 570,Subversion
Client X,Org D,Project 91,Collection 2499,43938,Repo 6137,Jira
Client X,Org D,Project 91,Collection 2525,41536,Repo 591,Subversion
Client X,Org D,Project 91,Collection 2525,43950,Repo 6149,Jira
Client X,Org D,Project 91,Collection 2533,41539,Repo 594,Subversion
Client X,Org D,Project 91,Collection 2533,43953,Repo 6153,Jira
Client X,Org D,Project 91,Collection 383,43191,Repo 5310,Subversion
Client X,Org D,Project 91,Collection 383,45605,Repo 6163,Jira
Client X,Org D,Project 91,Collection 2587,41564,Repo 616,Subversion
Client X,Org D,Project 91,Collection 2587,43978,Repo 6171,Jira
Client X,Org D,Project 91,Collection 2599,41569,Repo 622,Subversion
Client X,Org D,Project 91,Collection 2599,43983,Repo 6174,Jira
Client X,Org D,Project 91,Collection 399,41571,Repo 626,Subversion
Client X,Org D,Project 91,Collection 399,43985,Repo 6177,Jira
Client X,Org D,Project 91,Collection 2608,41572,Repo 627,Subversion
Client X,Org D,Project 91,Collection 2608,43986,Repo 6178,Jira
Client X,Org D,Project 91,Collection 402,41573,Repo 628,Subversion
Client X,Org D,Project 91,Collection 402,43987,Repo 6180,Jira
Client X,Org D,Project 91,Collection 441,43324,Repo 5448,Subversion
Client X,Org D,Project 91,Collection 441,45738,Repo 6217,Jira
Client X,Org D,Project 91,Collection 446,41612,Repo 674,Subversion
Client X,Org D,Project 91,Collection 446,44026,Repo 6222,Jira
Client X,Org D,Project 91,Collection 2699,41630,Repo 698,Subversion
Client X,Org D,Project 91,Collection 2699,44044,Repo 6239,Jira
Client X,Org D,Project 91,Collection 494,41695,Repo 768,Subversion
Client X,Org D,Project 91,Collection 494,44109,Repo 6314,Jira
Client X,Org D,Project 91,Collection 495,43439,Repo 5620,Subversion
Client X,Org D,Project 91,Collection 495,45853,Repo 6315,Jira
Client X,Org D,Project 91,Collection 2783,41697,Repo 770,Subversion
Client X,Org D,Project 91,Collection 2783,44111,Repo 6317,Jira
Client X,Org D,Project 91,Collection 2785,41699,Repo 772,Subversion
Client X,Org D,Project 91,Collection 2785,44113,Repo 6318,Jira
Client X,Org D,Project 91,Collection 2799,41713,Repo 786,Subversion
Client X,Org D,Project 91,Collection 2799,44127,Repo 6329,Jira
Client X,Org D,Project 91,Collection 505,41721,Repo 802,Subversion
Client X,Org D,Project 91,Collection 505,44135,Repo 6339,Jira
Client X,Org D,Project 91,Collection 2841,41744,Repo 828,Subversion
Client X,Org D,Project 91,Collection 2841,44158,Repo 6362,Jira
Client X,Org D,Project 91,Collection 517,41745,Repo 3480,Subversion
Client X,Org D,Project 91,Collection 517,44159,Repo 6363,Jira
Client X,Org D,Project 91,Collection 518,41746,Repo 829,Subversion
Client X,Org D,Project 91,Collection 518,44160,Repo 6364,Jira
Client X,Org D,Project 91,Collection 519,43204,Repo 5321,Subversion
Client X,Org D,Project 91,Collection 519,45618,Repo 6365,Jira
Client X,Org D,Project 91,Collection 2846,41748,Repo 834,Subversion
Client X,Org D,Project 91,Collection 2846,44162,Repo 6368,Jira
Client X,Org D,Project 91,Collection 3002,41869,Repo 967,Subversion
Client X,Org D,Project 91,Collection 3002,44283,Repo 6495,Jira
Client X,Org D,Project 91,Collection 3026,41881,Repo 985,Subversion
Client X,Org D,Project 91,Collection 3026,44295,Repo 6509,Jira
Client X,Org D,Project 91,Collection 594,43337,Repo 5468,Subversion
Client X,Org D,Project 91,Collection 594,45751,Repo 6520,Jira
Client X,Org D,Project 91,Collection 617,43445,Repo 5627,Subversion
Client X,Org D,Project 91,Collection 617,45859,Repo 6547,Jira
Client X,Org D,Project 91,Collection 618,41928,Repo 1037,Subversion
Client X,Org D,Project 91,Collection 618,44342,Repo 6548,Jira
Client X,Org D,Project 91,Collection 619,43446,Repo 5628,Subversion
Client X,Org D,Project 91,Collection 619,45860,Repo 6550,Jira
Client X,Org D,Project 91,Collection 3229,41977,Repo 1118,Subversion
Client X,Org D,Project 91,Collection 3229,44391,Repo 6601,Jira
Client X,Org D,Project 91,Collection 686,43448,Repo 5630,Subversion
Client X,Org D,Project 91,Collection 686,45862,Repo 6613,Jira
Client X,Org D,Project 91,Collection 701,42003,Repo 1153,Subversion
Client X,Org D,Project 91,Collection 701,44417,Repo 6629,Jira
Client X,Org D,Project 91,Collection 743,43220,Repo 5336,Subversion
Client X,Org D,Project 91,Collection 743,45634,Repo 6676,Jira
Client X,Org D,Project 91,Collection 772,42091,Repo 1268,Subversion
Client X,Org D,Project 91,Collection 772,44505,Repo 6709,Jira
Client X,Org D,Project 91,Collection 805,42126,Repo 1318,Subversion
Client X,Org D,Project 91,Collection 805,44540,Repo 6749,Jira
Client X,Org D,Project 91,Collection 3507,52683,Repo 1322,Subversion
Client X,Org D,Project 91,Collection 822,42153,Repo 1364,Subversion
Client X,Org D,Project 91,Collection 822,44567,Repo 6775,Jira
Client X,Org D,Project 91,Collection 828,42166,Repo 1382,Subversion
Client X,Org D,Project 91,Collection 828,44580,Repo 6786,Jira
Client X,Org D,Project 91,Collection 830,42167,Repo 1386,Subversion
Client X,Org D,Project 91,Collection 830,44581,Repo 6787,Jira
Client X,Org D,Project 91,Collection 3606,42168,Repo 1388,Subversion
Client X,Org D,Project 91,Collection 3606,44582,Repo 6788,Jira
Client X,Org D,Project 91,Collection 3617,42173,Repo 1398,Subversion
Client X,Org D,Project 91,Collection 3617,44587,Repo 6792,Jira
Client X,Org D,Project 91,Collection 3620,42176,Repo 1401,Subversion
Client X,Org D,Project 91,Collection 3620,44590,Repo 6795,Jira
Client X,Org D,Project 91,Collection 836,43229,Repo 5344,Subversion
Client X,Org D,Project 91,Collection 836,45643,Repo 6796,Jira
Client X,Org D,Project 91,Collection 838,42177,Repo 1402,Subversion
Client X,Org D,Project 91,Collection 838,44591,Repo 6797,Jira
Client X,Org D,Project 91,Collection 839,42178,Repo 1403,Subversion
Client X,Org D,Project 91,Collection 839,44592,Repo 6798,Jira
Client X,Org D,Project 91,Collection 840,42179,Repo 1404,Subversion
Client X,Org D,Project 91,Collection 840,44593,Repo 6799,Jira
Client X,Org D,Project 91,Collection 3621,42182,Repo 1407,Subversion
Client X,Org D,Project 91,Collection 3621,44596,Repo 6802,Jira
Client X,Org D,Project 91,Collection 3682,42208,Repo 1449,Subversion
Client X,Org D,Project 91,Collection 3682,44622,Repo 6822,Jira
Client X,Org D,Project 91,Collection 858,42210,Repo 1452,Subversion
Client X,Org D,Project 91,Collection 858,44624,Repo 6825,Jira
Client X,Org D,Project 91,Collection 3690,42212,Repo 1455,Subversion
Client X,Org D,Project 91,Collection 3690,44626,Repo 6827,Jira
Client X,Org D,Project 91,Collection 3699,42219,Repo 1462,Subversion
Client X,Org D,Project 91,Collection 3699,44633,Repo 6834,Jira
Client X,Org D,Project 91,Collection 3738,42247,Repo 1499,Subversion
Client X,Org D,Project 91,Collection 3738,44661,Repo 6860,Jira
Client X,Org D,Project 91,Collection 3739,42248,Repo 1500,Subversion
Client X,Org D,Project 91,Collection 3739,44662,Repo 6861,Jira
Client X,Org D,Project 91,Collection 3783,42272,Repo 1529,Subversion
Client X,Org D,Project 91,Collection 3783,44686,Repo 6888,Jira
Client X,Org D,Project 91,Collection 3785,42273,Repo 1531,Subversion
Client X,Org D,Project 91,Collection 3785,44687,Repo 6889,Jira
Client X,Org D,Project 91,Collection 3788,42276,Repo 1534,Subversion
Client X,Org D,Project 91,Collection 3788,44690,Repo 6891,Jira
Client X,Org D,Project 91,Collection 3790,43236,Repo 5348,Subversion
Client X,Org D,Project 91,Collection 3790,45650,Repo 6892,Jira
Client X,Org D,Project 91,Collection 3791,42277,Repo 1536,Subversion
Client X,Org D,Project 91,Collection 3791,44691,Repo 6893,Jira
Client X,Org D,Project 91,Collection 3793,42278,Repo 1537,Subversion
Client X,Org D,Project 91,Collection 3793,44692,Repo 6895,Jira
Client X,Org D,Project 91,Collection 3797,42280,Repo 1540,Subversion
Client X,Org D,Project 91,Collection 3797,44694,Repo 6898,Jira
Client X,Org D,Project 91,Collection 3798,42281,Repo 1541,Subversion
Client X,Org D,Project 91,Collection 3798,44695,Repo 6899,Jira
Client X,Org D,Project 91,Collection 3799,42282,Repo 1542,Subversion
Client X,Org D,Project 91,Collection 3799,44696,Repo 6900,Jira
Client X,Org D,Project 91,Collection 926,43242,Repo 5354,Subversion
Client X,Org D,Project 91,Collection 926,45656,Repo 6926,Jira
Client X,Org D,Project 91,Collection 3871,42313,Repo 1597,Subversion
Client X,Org D,Project 91,Collection 3871,44727,Repo 6935,Jira
Client X,Org D,Project 91,Collection 3912,42333,Repo 1628,Subversion
Client X,Org D,Project 91,Collection 3912,44747,Repo 6957,Jira
Client X,Org D,Project 91,Collection 3915,42336,Repo 1631,Subversion
Client X,Org D,Project 91,Collection 3915,44750,Repo 6961,Jira
Client X,Org D,Project 91,Collection 3949,42354,Repo 1652,Subversion
Client X,Org D,Project 91,Collection 3949,44768,Repo 6978,Jira
Client X,Org D,Project 91,Collection 3977,42362,Repo 1665,Subversion
Client X,Org D,Project 91,Collection 3977,44776,Repo 6988,Jira
Client X,Org D,Project 91,Collection 3992,42368,Repo 1674,Subversion
Client X,Org D,Project 91,Collection 3992,44782,Repo 6992,Jira
Client X,Org D,Project 91,Collection 4006,42374,Repo 1684,Subversion
Client X,Org D,Project 91,Collection 4006,44788,Repo 6997,Jira
Client X,Org D,Project 91,Collection 4032,43248,Repo 5359,Subversion
Client X,Org D,Project 91,Collection 4032,45662,Repo 7009,Jira
Client X,Org D,Project 91,Collection 4068,42401,Repo 1719,Subversion
Client X,Org D,Project 91,Collection 4068,44815,Repo 7022,Jira
Client X,Org D,Project 91,Collection 4121,42434,Repo 1750,Subversion
Client X,Org D,Project 91,Collection 4121,44848,Repo 7052,Jira
Client X,Org D,Project 91,Collection 1055,42456,Repo 1787,Subversion
Client X,Org D,Project 91,Collection 1055,44870,Repo 7078,Jira
Client X,Org D,Project 91,Collection 1068,42465,Repo 1802,Subversion
Client X,Org D,Project 91,Collection 1068,44879,Repo 7089,Jira
Client X,Org D,Project 91,Collection 1069,42467,Repo 1803,Subversion
Client X,Org D,Project 91,Collection 1069,44881,Repo 7090,Jira
Client X,Org D,Project 91,Collection 1077,42480,Repo 1823,Subversion
Client X,Org D,Project 91,Collection 1077,44894,Repo 7100,Jira
Client X,Org D,Project 91,Collection 1078,43252,Repo 5363,Subversion
Client X,Org D,Project 91,Collection 1078,45666,Repo 7101,Jira
Client X,Org D,Project 91,Collection 4257,42483,Repo 1829,Subversion
Client X,Org D,Project 91,Collection 4257,44897,Repo 7103,Jira
Client X,Org D,Project 91,Collection 4267,42486,Repo 1833,Subversion
Client X,Org D,Project 91,Collection 4267,44900,Repo 7106,Jira
Client X,Org D,Project 91,Collection 4268,42488,Repo 1834,Subversion
Client X,Org D,Project 91,Collection 4268,44902,Repo 7107,Jira
Client X,Org D,Project 91,Collection 1083,42490,Repo 1836,Subversion
Client X,Org D,Project 91,Collection 1083,44904,Repo 7109,Jira
Client X,Org D,Project 91,Collection 4295,42513,Repo 1856,Subversion
Client X,Org D,Project 91,Collection 4295,44927,Repo 7131,Jira
Client X,Org D,Project 91,Collection 4383,42565,Repo 1909,Subversion
Client X,Org D,Project 91,Collection 4383,44979,Repo 7183,Jira
Client X,Org D,Project 91,Collection 4477,42609,Repo 1980,Subversion
Client X,Org D,Project 91,Collection 4477,45023,Repo 7231,Jira
Client X,Org D,Project 91,Collection 4483,42613,Repo 1984,Subversion
Client X,Org D,Project 91,Collection 4483,45027,Repo 7234,Jira
Client X,Org D,Project 91,Collection 4493,42621,Repo 1992,Subversion
Client X,Org D,Project 91,Collection 4493,45035,Repo 7243,Jira
Client X,Org D,Project 91,Collection 1171,43471,Repo 5662,Subversion
Client X,Org D,Project 91,Collection 1171,45885,Repo 7245,Jira
Client X,Org D,Project 91,Collection 1184,42635,Repo 2001,Subversion
Client X,Org D,Project 91,Collection 1184,45049,Repo 7252,Jira
Client X,Org D,Project 91,Collection 1187,42637,Repo 2004,Subversion
Client X,Org D,Project 91,Collection 1187,45051,Repo 7254,Jira
Client X,Org D,Project 91,Collection 4581,42675,Repo 2054,Subversion
Client X,Org D,Project 91,Collection 4581,45089,Repo 7291,Jira
Client X,Org D,Project 91,Collection 4990,43392,Repo 5556,Subversion
Client X,Org D,Project 91,Collection 4990,45806,Repo 7384,Jira
Client X,Org D,Project 91,Collection 1313,43393,Repo 5557,Subversion
Client X,Org D,Project 91,Collection 1313,45807,Repo 7392,Jira
Client X,Org D,Project 91,Collection 1319,43394,Repo 5559,Subversion
Client X,Org D,Project 91,Collection 1319,45808,Repo 7399,Jira
Client X,Org D,Project 91,Collection 1320,42781,Repo 2191,Subversion
Client X,Org D,Project 91,Collection 1320,45195,Repo 7400,Jira
Client X,Org D,Project 91,Collection 5013,42782,Repo 2192,Subversion
Client X,Org D,Project 91,Collection 5013,45196,Repo 7401,Jira
Client X,Org D,Project 91,Collection 5020,42786,Repo 2198,Subversion
Client X,Org D,Project 91,Collection 5020,45200,Repo 7406,Jira
Client X,Org D,Project 91,Collection 1335,42799,Repo 2212,Subversion
Client X,Org D,Project 91,Collection 1335,45213,Repo 7419,Jira
Client X,Org D,Project 91,Collection 1351,42813,Repo 2236,Subversion
Client X,Org D,Project 91,Collection 1351,45227,Repo 7433,Jira
Client X,Org D,Project 91,Collection 1353,42818,Repo 2242,Subversion
Client X,Org D,Project 91,Collection 1353,45232,Repo 7437,Jira
Client X,Org D,Project 91,Collection 1369,42877,Repo 5671,Subversion
Client X,Org D,Project 91,Collection 1369,45291,Repo 7459,Jira
Client X,Org D,Project 91,Collection 5131,42878,Repo 2275,Subversion
Client X,Org D,Project 91,Collection 5131,45292,Repo 7460,Jira
Client X,Org D,Project 91,Collection 5148,42883,Repo 2287,Subversion
Client X,Org D,Project 91,Collection 5148,45297,Repo 7464,Jira
Client X,Org D,Project 91,Collection 5149,42884,Repo 2288,Subversion
Client X,Org D,Project 91,Collection 5149,45298,Repo 7465,Jira
Client X,Org D,Project 91,Collection 1383,42889,Repo 2297,Subversion
Client X,Org D,Project 91,Collection 1383,45303,Repo 7472,Jira
Client X,Org D,Project 91,Collection 1384,43401,Repo 5566,Subversion
Client X,Org D,Project 91,Collection 1384,45815,Repo 7473,Jira
Client X,Org D,Project 91,Collection 1398,42905,Repo 2312,Subversion
Client X,Org D,Project 91,Collection 1398,45319,Repo 7487,Jira
Client X,Org D,Project 91,Collection 1399,42906,Repo 2313,Subversion
Client X,Org D,Project 91,Collection 1399,45320,Repo 7488,Jira
Client X,Org D,Project 91,Collection 1421,42958,Repo 2378,Subversion
Client X,Org D,Project 91,Collection 1421,45372,Repo 7542,Jira
Client X,Org D,Project 91,Collection 1423,43486,Repo 5676,Subversion
Client X,Org D,Project 91,Collection 1423,45900,Repo 7545,Jira
Client X,Org D,Project 91,Collection 1434,42975,Repo 2404,Subversion
Client X,Org D,Project 91,Collection 1434,45389,Repo 7556,Jira
Client X,Org D,Project 91,Collection 5318,42991,Repo 2424,Subversion
Client X,Org D,Project 91,Collection 5318,45405,Repo 7574,Jira
Client X,Org D,Project 91,Collection 1462,43280,Repo 5386,Subversion
Client X,Org D,Project 91,Collection 1462,45694,Repo 7597,Jira
Client X,Org D,Project 91,Collection 5376,43024,Repo 2460,Subversion
Client X,Org D,Project 91,Collection 5376,45438,Repo 7599,Jira
Client X,Org D,Project 91,Collection 5433,43037,Repo 2482,Subversion
Client X,Org D,Project 91,Collection 5433,45451,Repo 7610,Jira
Client X,Org D,Project 91,Collection 1474,43039,Repo 2485,Subversion
Client X,Org D,Project 91,Collection 1474,45453,Repo 7612,Jira
Client X,Org D,Project 91,Collection 1477,43044,Repo 2490,Subversion
Client X,Org D,Project 91,Collection 1477,45458,Repo 7616,Jira
Client X,Org D,Project 91,Collection 5456,43056,Repo 2510,Subversion
Client X,Org D,Project 91,Collection 5456,45470,Repo 7629,Jira
Client X,Org D,Project 91,Collection 1504,43072,Repo 2528,Subversion
Client X,Org D,Project 91,Collection 1504,45486,Repo 7643,Jira
Client X,Org D,Project 91,Collection 5479,43076,Repo 2533,Subversion
Client X,Org D,Project 91,Collection 5479,45490,Repo 7647,Jira
Client X,Org D,Project 91,Collection 5482,43080,Repo 2537,Subversion
Client X,Org D,Project 91,Collection 5482,45494,Repo 7652,Jira
Client X,Org D,Project 91,Collection 1534,43089,Repo 2555,Subversion
Client X,Org D,Project 91,Collection 1534,45503,Repo 7662,Jira
Client X,Org D,Project 91,Collection 5613,43132,Repo 2613,Subversion
Client X,Org D,Project 91,Collection 5613,45546,Repo 7704,Jira
Client X,Org D,Project 91,Collection 1569,43141,Repo 2625,Subversion
Client X,Org D,Project 91,Collection 1569,45555,Repo 7712,Jira
Client X,Org D,Project 91,Collection 5658,43287,Repo 5392,Subversion
Client X,Org D,Project 91,Collection 5658,45701,Repo 7723,Jira
Client X,Org D,Project 92,Collection 1672,41134,Repo 66,Subversion
Client X,Org D,Project 92,Collection 1672,43548,Repo 5740,Jira
Client X,Org D,Project 92,Collection 313,41466,Repo 496,Subversion
Client X,Org D,Project 92,Collection 313,43880,Repo 6074,Jira
Client X,Org D,Project 92,Collection 2609,41576,Repo 631,Subversion
Client X,Org D,Project 92,Collection 2609,43990,Repo 6182,Jira
Client X,Org D,Project 92,Collection 2621,41578,Repo 635,Subversion
Client X,Org D,Project 92,Collection 2621,43992,Repo 6184,Jira
Client X,Org D,Project 92,Collection 2622,83988,Repo 3374,Subversion
Client X,Org D,Project 92,Collection 429,41589,Repo 648,Subversion
Client X,Org D,Project 92,Collection 429,44003,Repo 6196,Jira
Client X,Org D,Project 92,Collection 3027,41882,Repo 986,Subversion
Client X,Org D,Project 92,Collection 3027,44296,Repo 6510,Jira
Client X,Org D,Project 92,Collection 3114,41934,Repo 1049,Subversion
Client X,Org D,Project 92,Collection 3114,44348,Repo 6554,Jira
Client X,Org D,Project 92,Collection 962,43244,Repo 5356,Subversion
Client X,Org D,Project 92,Collection 962,45658,Repo 6960,Jira
Client X,Org D,Project 92,Collection 968,42346,Repo 1642,Subversion
Client X,Org D,Project 92,Collection 968,44760,Repo 6970,Jira
Client X,Org D,Project 92,Collection 969,42347,Repo 1643,Subversion
Client X,Org D,Project 92,Collection 969,44761,Repo 6971,Jira
Client X,Org D,Project 92,Collection 4016,42379,Repo 1690,Subversion
Client X,Org D,Project 92,Collection 4016,44793,Repo 7000,Jira
Client X,Org D,Project 92,Collection 4273,84576,Repo 4324,Subversion
Client X,Org D,Project 92,Collection 4281,42504,Repo 1847,Subversion
Client X,Org D,Project 92,Collection 4281,44918,Repo 7121,Jira
Client X,Org D,Project 92,Collection 4285,42506,Repo 1849,Subversion
Client X,Org D,Project 92,Collection 4285,44920,Repo 7123,Jira
Client X,Org D,Project 92,Collection 5321,42993,Repo 2427,Subversion
Client X,Org D,Project 92,Collection 5321,45407,Repo 7576,Jira
Client X,Org D,Project 92,Collection 5329,43412,Repo 5578,Subversion
Client X,Org D,Project 92,Collection 5329,45826,Repo 7580,Jira
Client X,Org D,Project 92,Collection 5369,43413,Repo 5579,Subversion
Client X,Org D,Project 92,Collection 5369,45827,Repo 7596,Jira
Client X,Org D,Project 92,Collection 1508,43077,Repo 2534,Subversion
Client X,Org D,Project 92,Collection 1508,45491,Repo 7648,Jira
Client X,Org D,Project 92,Collection 5632,43142,Repo 2626,Subversion
Client X,Org D,Project 92,Collection 5632,45556,Repo 7713,Jira
Client X,Org D,Project 310,Collection 4169,42453,Repo 1781,Subversion
Client X,Org D,Project 310,Collection 4169,44867,Repo 7075,Jira
Client X,Org D,Project 310,Collection 5167,42890,Repo 2298,Subversion
Client X,Org D,Project 310,Collection 5167,45304,Repo 7474,Jira
Client X,Org D,Project 311,Collection 5154,53475,Repo 2292,Subversion
Client X,Org D,Project 312,Collection 1713,51880,Repo 2753,Subversion
Client X,Org D,Project 93,Collection 2132,83750,Repo 3043,Subversion
Client X,Org D,Project 93,Collection 2249,63833,Repo 3106,Subversion
Client X,Org D,Project 93,Collection 413,83999,Repo 3381,Subversion
Client X,Org D,Project 93,Collection 4042,97287,Repo 4157,Subversion
Client X,Org D,Project 94,Collection 3025,52434,Repo 984,Subversion
Client X,Org D,Project 94,Collection 1164,53180,Repo 5541,Subversion
Client X,Org D,Project 313,Collection 1598,79561,Repo 2682,Subversion
Client X,Org D,Project 314,Collection 1624,82511,Repo 2700,Subversion
Client X,Org D,Project 314,Collection 1926,79571,Repo 2896,Subversion
Client X,Org D,Project 314,Collection 4115,82632,Repo 4212,Subversion
Client X,Org D,Project 315,Collection 1921,79568,Repo 2891,Subversion
Client X,Org D,Project 315,Collection 2803,84066,Repo 3466,Subversion
Client X,Org D,Project 316,Collection 2198,79423,Repo 3079,Subversion
Client X,Org D,Project 317,Collection 1925,79570,Repo 2895,Subversion
Client X,Org D,Project 318,Collection 2225,83776,Repo 3091,Subversion
Client X,Org D,Project 319,Collection 1924,63806,Repo 2894,Subversion
Client X,Org D,Project 320,Collection 3479,63928,Repo 3855,Subversion
Client X,Org D,Project 95,Collection 1594,63779,Repo 2677,Subversion
Client X,Org D,Project 95,Collection 5,79300,Repo 2679,Subversion
Client X,Org D,Project 95,Collection 9,63780,Repo 2686,Subversion
Client X,Org D,Project 95,Collection 15,63781,Repo 2697,Subversion
Client X,Org D,Project 95,Collection 24,82512,Repo 2702,Subversion
Client X,Org D,Project 95,Collection 26,51842,Repo 2703,Subversion
Client X,Org D,Project 95,Collection 27,97468,Repo 2704,Subversion
Client X,Org D,Project 95,Collection 1632,51843,Repo 2705,Subversion
Client X,Org D,Project 95,Collection 1637,51847,Repo 36,Subversion
Client X,Org D,Project 95,Collection 1639,63782,Repo 2708,Subversion
Client X,Org D,Project 95,Collection 1648,82514,Repo 2713,Subversion
Client X,Org D,Project 95,Collection 1657,51853,Repo 55,Subversion
Client X,Org D,Project 95,Collection 1675,97254,Repo 2728,Subversion
Client X,Org D,Project 95,Collection 54,51863,Repo 2735,Subversion
Client X,Org D,Project 95,Collection 1702,79563,Repo 2743,Subversion
Client X,Org D,Project 95,Collection 59,83576,Repo 2748,Subversion
Client X,Org D,Project 95,Collection 1705,63787,Repo 2749,Subversion
Client X,Org D,Project 95,Collection 1710,51878,Repo 89,Subversion
Client X,Org D,Project 95,Collection 60,63788,Repo 2752,Subversion
Client X,Org D,Project 95,Collection 1714,51881,Repo 2754,Subversion
Client X,Org D,Project 95,Collection 1720,53761,Repo 2761,Subversion
Client X,Org D,Project 95,Collection 65,51885,Repo 98,Subversion
Client X,Org D,Project 95,Collection 66,54652,Repo 2766,Subversion
Client X,Org D,Project 95,Collection 1768,64138,Repo 2791,Subversion
Client X,Org D,Project 95,Collection 1797,51915,Repo 5404,Subversion
Client X,Org D,Project 95,Collection 1841,51931,Repo 160,Subversion
Client X,Org D,Project 95,Collection 109,79415,Repo 2878,Subversion
Client X,Org D,Project 95,Collection 1900,51957,Repo 2879,Subversion
Client X,Org D,Project 95,Collection 1912,83647,Repo 2886,Subversion
Client X,Org D,Project 95,Collection 113,79416,Repo 2887,Subversion
Client X,Org D,Project 95,Collection 1919,51961,Repo 200,Subversion
Client X,Org D,Project 95,Collection 1922,51962,Repo 2892,Subversion
Client X,Org D,Project 95,Collection 1929,51964,Repo 203,Subversion
Client X,Org D,Project 95,Collection 1936,51972,Repo 208,Subversion
Client X,Org D,Project 95,Collection 1950,97471,Repo 2908,Subversion
Client X,Org D,Project 95,Collection 1965,52000,Repo 2923,Subversion
Client X,Org D,Project 95,Collection 1977,52005,Repo 2933,Subversion
Client X,Org D,Project 95,Collection 1982,52008,Repo 2937,Subversion
Client X,Org D,Project 95,Collection 1983,52009,Repo 2938,Subversion
Client X,Org D,Project 95,Collection 215,52070,Repo 3028,Subversion
Client X,Org D,Project 95,Collection 217,52074,Repo 3030,Subversion
Client X,Org D,Project 95,Collection 2182,52117,Repo 388,Subversion
Client X,Org D,Project 95,Collection 245,52118,Repo 3071,Subversion
Client X,Org D,Project 95,Collection 2241,54664,Repo 3099,Subversion
Client X,Org D,Project 95,Collection 269,82541,Repo 3109,Subversion
Client X,Org D,Project 95,Collection 270,82542,Repo 3110,Subversion
Client X,Org D,Project 95,Collection 2255,79425,Repo 3111,Subversion
Client X,Org D,Project 95,Collection 2256,63834,Repo 3112,Subversion
Client X,Org D,Project 95,Collection 273,82543,Repo 3113,Subversion
Client X,Org D,Project 95,Collection 2257,52140,Repo 438,Subversion
Client X,Org D,Project 95,Collection 2260,64163,Repo 3114,Subversion
Client X,Org D,Project 95,Collection 2262,79426,Repo 3116,Subversion
Client X,Org D,Project 95,Collection 276,82544,Repo 3117,Subversion
Client X,Org D,Project 95,Collection 296,82547,Repo 3154,Subversion
Client X,Org D,Project 95,Collection 2365,79429,Repo 3190,Subversion
Client X,Org D,Project 95,Collection 2372,64168,Repo 3197,Subversion
Client X,Org D,Project 95,Collection 2373,64169,Repo 3198,Subversion
Client X,Org D,Project 95,Collection 2451,52216,Repo 537,Subversion
Client X,Org D,Project 95,Collection 2488,52225,Repo 3283,Subversion
Client X,Org D,Project 95,Collection 2631,64175,Repo 3390,Subversion
Client X,Org D,Project 95,Collection 2820,52361,Repo 3472,Subversion
Client X,Org D,Project 95,Collection 2821,52362,Repo 3473,Subversion
Client X,Org D,Project 95,Collection 2844,52367,Repo 830,Subversion
Client X,Org D,Project 95,Collection 522,52368,Repo 832,Subversion
Client X,Org D,Project 95,Collection 2847,52370,Repo 835,Subversion
Client X,Org D,Project 95,Collection 2937,52386,Repo 917,Subversion
Client X,Org D,Project 95,Collection 3004,79640,Repo 3549,Subversion
Client X,Org D,Project 95,Collection 578,82569,Repo 3550,Subversion
Client X,Org D,Project 95,Collection 3009,52429,Repo 973,Subversion
Client X,Org D,Project 95,Collection 3010,52430,Repo 974,Subversion
Client X,Org D,Project 95,Collection 586,79460,Repo 3557,Subversion
Client X,Org D,Project 95,Collection 3042,52439,Repo 997,Subversion
Client X,Org D,Project 95,Collection 595,79462,Repo 3569,Subversion
Client X,Org D,Project 95,Collection 3056,54677,Repo 3585,Subversion
Client X,Org D,Project 95,Collection 613,64196,Repo 3599,Subversion
Client X,Org D,Project 95,Collection 3097,52469,Repo 1034,Subversion
Client X,Org D,Project 95,Collection 3100,52472,Repo 3606,Subversion
Client X,Org D,Project 95,Collection 3109,97274,Repo 3609,Subversion
Client X,Org D,Project 95,Collection 3111,52481,Repo 1046,Subversion
Client X,Org D,Project 95,Collection 626,63885,Repo 3614,Subversion
Client X,Org D,Project 95,Collection 3126,52490,Repo 5471,Subversion
Client X,Org D,Project 95,Collection 3135,63887,Repo 3623,Subversion
Client X,Org D,Project 95,Collection 632,52494,Repo 3625,Subversion
Client X,Org D,Project 95,Collection 3138,79596,Repo 3627,Subversion
Client X,Org D,Project 95,Collection 3185,52513,Repo 1087,Subversion
Client X,Org D,Project 95,Collection 3192,64204,Repo 3672,Subversion
Client X,Org D,Project 95,Collection 672,54684,Repo 3697,Subversion
Client X,Org D,Project 95,Collection 683,64207,Repo 3707,Subversion
Client X,Org D,Project 95,Collection 3275,97485,Repo 3724,Subversion
Client X,Org D,Project 95,Collection 710,84179,Repo 3731,Subversion
Client X,Org D,Project 95,Collection 3282,52565,Repo 3734,Subversion
Client X,Org D,Project 95,Collection 714,54688,Repo 3737,Subversion
Client X,Org D,Project 95,Collection 716,82588,Repo 3740,Subversion
Client X,Org D,Project 95,Collection 3308,82590,Repo 3751,Subversion
Client X,Org D,Project 95,Collection 725,52585,Repo 1182,Subversion
Client X,Org D,Project 95,Collection 728,82591,Repo 3757,Subversion
Client X,Org D,Project 95,Collection 3351,52610,Repo 1210,Subversion
Client X,Org D,Project 95,Collection 3516,64218,Repo 3872,Subversion
Client X,Org D,Project 95,Collection 3543,52711,Repo 1341,Subversion
Client X,Org D,Project 95,Collection 829,79483,Repo 3915,Subversion
Client X,Org D,Project 95,Collection 3601,52743,Repo 1387,Subversion
Client X,Org D,Project 95,Collection 831,79346,Repo 3922,Subversion
Client X,Org D,Project 95,Collection 833,64222,Repo 3925,Subversion
Client X,Org D,Project 95,Collection 835,82608,Repo 3927,Subversion
Client X,Org D,Project 95,Collection 837,79485,Repo 3928,Subversion
Client X,Org D,Project 95,Collection 3631,54696,Repo 3936,Subversion
Client X,Org D,Project 95,Collection 879,52814,Repo 3982,Subversion
Client X,Org D,Project 95,Collection 3740,52828,Repo 1501,Subversion
Client X,Org D,Project 95,Collection 3755,52835,Repo 1510,Subversion
Client X,Org D,Project 95,Collection 899,82613,Repo 4002,Subversion
Client X,Org D,Project 95,Collection 3782,52856,Repo 4015,Subversion
Client X,Org D,Project 95,Collection 3789,52859,Repo 1535,Subversion
Client X,Org D,Project 95,Collection 3813,52870,Repo 1554,Subversion
Client X,Org D,Project 95,Collection 3861,54698,Repo 4035,Subversion
Client X,Org D,Project 95,Collection 963,64238,Repo 4081,Subversion
Client X,Org D,Project 95,Collection 976,63970,Repo 4110,Subversion
Client X,Org D,Project 95,Collection 3990,52954,Repo 1673,Subversion
Client X,Org D,Project 95,Collection 4009,82624,Repo 4139,Subversion
Client X,Org D,Project 95,Collection 991,52972,Repo 4144,Subversion
Client X,Org D,Project 95,Collection 4021,52975,Repo 1693,Subversion
Client X,Org D,Project 95,Collection 4043,82627,Repo 4158,Subversion
Client X,Org D,Project 95,Collection 4044,82628,Repo 4159,Subversion
Client X,Org D,Project 95,Collection 4170,53034,Repo 4252,Subversion
Client X,Org D,Project 95,Collection 4177,82633,Repo 4258,Subversion
Client X,Org D,Project 95,Collection 1054,54709,Repo 4259,Subversion
Client X,Org D,Project 95,Collection 4243,82639,Repo 4304,Subversion
Client X,Org D,Project 95,Collection 4262,64002,Repo 4313,Subversion
Client X,Org D,Project 95,Collection 4282,84580,Repo 4330,Subversion
Client X,Org D,Project 95,Collection 1097,84584,Repo 4333,Subversion
Client X,Org D,Project 95,Collection 1099,54711,Repo 4338,Subversion
Client X,Org D,Project 95,Collection 4331,53099,Repo 1878,Subversion
Client X,Org D,Project 95,Collection 1108,64008,Repo 4355,Subversion
Client X,Org D,Project 95,Collection 4356,53108,Repo 1887,Subversion
Client X,Org D,Project 95,Collection 1119,53112,Repo 4380,Subversion
Client X,Org D,Project 95,Collection 4397,53128,Repo 5533,Subversion
Client X,Org D,Project 95,Collection 4417,64015,Repo 4406,Subversion
Client X,Org D,Project 95,Collection 4420,64252,Repo 4408,Subversion
Client X,Org D,Project 95,Collection 4440,53149,Repo 4414,Subversion
Client X,Org D,Project 95,Collection 4517,53194,Repo 4463,Subversion
Client X,Org D,Project 95,Collection 4518,53195,Repo 4464,Subversion
Client X,Org D,Project 95,Collection 1228,79518,Repo 4517,Subversion
Client X,Org D,Project 95,Collection 4940,53370,Repo 2156,Subversion
Client X,Org D,Project 95,Collection 1289,79528,Repo 4825,Subversion
Client X,Org D,Project 95,Collection 4981,64067,Repo 4857,Subversion
Client X,Org D,Project 95,Collection 4997,64068,Repo 4864,Subversion
Client X,Org D,Project 95,Collection 1318,64282,Repo 4874,Subversion
Client X,Org D,Project 95,Collection 5011,82663,Repo 4875,Subversion
Client X,Org D,Project 95,Collection 1327,64071,Repo 4882,Subversion
Client X,Org D,Project 95,Collection 1355,53431,Repo 2245,Subversion
Client X,Org D,Project 95,Collection 1356,79532,Repo 4923,Subversion
Client X,Org D,Project 95,Collection 5090,53439,Repo 4927,Subversion
Client X,Org D,Project 95,Collection 5115,53455,Repo 4940,Subversion
Client X,Org D,Project 95,Collection 5163,53483,Repo 4969,Subversion
Client X,Org D,Project 95,Collection 1391,79635,Repo 4974,Subversion
Client X,Org D,Project 95,Collection 1394,64293,Repo 4975,Subversion
Client X,Org D,Project 95,Collection 1420,64086,Repo 4986,Subversion
Client X,Org D,Project 95,Collection 1433,82673,Repo 5003,Subversion
Client X,Org D,Project 95,Collection 1447,82675,Repo 5037,Subversion
Client X,Org D,Project 95,Collection 5351,53595,Repo 5064,Subversion
Client X,Org D,Project 95,Collection 1459,79397,Repo 5068,Subversion
Client X,Org D,Project 95,Collection 5373,79538,Repo 5073,Subversion
Client X,Org D,Project 95,Collection 5431,53628,Repo 2480,Subversion
Client X,Org D,Project 95,Collection 5436,53633,Repo 2487,Subversion
Client X,Org D,Project 95,Collection 5454,53646,Repo 5125,Subversion
Client X,Org D,Project 95,Collection 1492,54753,Repo 5127,Subversion
Client X,Org D,Project 95,Collection 5455,53647,Repo 2509,Subversion
Client X,Org D,Project 95,Collection 1493,53649,Repo 2512,Subversion
Client X,Org D,Project 95,Collection 5477,53660,Repo 2527,Subversion
Client X,Org D,Project 95,Collection 1533,97512,Repo 5177,Subversion
Client X,Org D,Project 95,Collection 1562,53728,Repo 5593,Subversion
Client X,Org D,Project 95,Collection 1563,53730,Repo 5237,Subversion
Client X,Org D,Project 95,Collection 5609,82693,Repo 5238,Subversion
Client X,Org D,Project 95,Collection 1585,53756,Repo 5278,Subversion
Client X,Org D,Project 95,Collection 1586,82696,Repo 5279,Subversion
Client X,Org D,Project 95,Collection 5675,53757,Repo 2651,Subversion
Client X,Org D,Project 96,Collection 48,83555,Repo 2726,Subversion
Client X,Org D,Project 96,Collection 1692,83568,Repo 2737,Subversion
Client X,Org D,Project 96,Collection 58,83573,Repo 2745,Subversion
Client X,Org D,Project 96,Collection 1703,83574,Repo 2746,Subversion
Client X,Org D,Project 96,Collection 1704,83575,Repo 2747,Subversion
Client X,Org D,Project 96,Collection 61,83578,Repo 2755,Subversion
Client X,Org D,Project 96,Collection 1718,79303,Repo 2758,Subversion
Client X,Org D,Project 96,Collection 62,83580,Repo 2759,Subversion
Client X,Org D,Project 96,Collection 63,83581,Repo 2760,Subversion
Client X,Org D,Project 96,Collection 1719,51883,Repo 93,Subversion
Client X,Org D,Project 96,Collection 1722,79304,Repo 2763,Subversion
Client X,Org D,Project 96,Collection 1724,83582,Repo 2765,Subversion
Client X,Org D,Project 96,Collection 1731,83584,Repo 2768,Subversion
Client X,Org D,Project 96,Collection 72,83589,Repo 2777,Subversion
Client X,Org D,Project 96,Collection 1807,51918,Repo 141,Subversion
Client X,Org D,Project 96,Collection 97,83618,Repo 2828,Subversion
Client X,Org D,Project 96,Collection 1824,83620,Repo 2829,Subversion
Client X,Org D,Project 96,Collection 1870,79414,Repo 2858,Subversion
Client X,Org D,Project 96,Collection 104,83632,Repo 2860,Subversion
Client X,Org D,Project 96,Collection 1885,83637,Repo 2869,Subversion
Client X,Org D,Project 96,Collection 1904,83645,Repo 2882,Subversion
Client X,Org D,Project 96,Collection 1905,63803,Repo 2883,Subversion
Client X,Org D,Project 96,Collection 1975,54660,Repo 2931,Subversion
Client X,Org D,Project 96,Collection 138,83687,Repo 2941,Subversion
Client X,Org D,Project 96,Collection 158,83698,Repo 2960,Subversion
Client X,Org D,Project 96,Collection 2019,64152,Repo 2962,Subversion
Client X,Org D,Project 96,Collection 2031,52033,Repo 276,Subversion
Client X,Org D,Project 96,Collection 2038,83713,Repo 2980,Subversion
Client X,Org D,Project 96,Collection 2104,83734,Repo 3026,Subversion
Client X,Org D,Project 96,Collection 2146,63821,Repo 3047,Subversion
Client X,Org D,Project 96,Collection 2220,83775,Repo 3090,Subversion
Client X,Org D,Project 96,Collection 2247,83782,Repo 3105,Subversion
Client X,Org D,Project 96,Collection 2250,83783,Repo 3107,Subversion
Client X,Org D,Project 96,Collection 2368,83826,Repo 3192,Subversion
Client X,Org D,Project 96,Collection 324,83845,Repo 3216,Subversion
Client X,Org D,Project 96,Collection 2389,83846,Repo 3217,Subversion
Client X,Org D,Project 96,Collection 325,83847,Repo 3218,Subversion
Client X,Org D,Project 96,Collection 2532,83887,Repo 3297,Subversion
Client X,Org D,Project 96,Collection 379,83938,Repo 3329,Subversion
Client X,Org D,Project 96,Collection 404,63860,Repo 3361,Subversion
Client X,Org D,Project 96,Collection 2610,52278,Repo 632,Subversion
Client X,Org D,Project 96,Collection 2613,52279,Repo 633,Subversion
Client X,Org D,Project 96,Collection 2616,83975,Repo 3367,Subversion
Client X,Org D,Project 96,Collection 2617,83976,Repo 3368,Subversion
Client X,Org D,Project 96,Collection 2618,83977,Repo 3369,Subversion
Client X,Org D,Project 96,Collection 408,83979,Repo 3370,Subversion
Client X,Org D,Project 96,Collection 2619,83985,Repo 3372,Subversion
Client X,Org D,Project 96,Collection 2620,83986,Repo 3373,Subversion
Client X,Org D,Project 96,Collection 2623,83989,Repo 3375,Subversion
Client X,Org D,Project 96,Collection 2624,83990,Repo 3376,Subversion
Client X,Org D,Project 96,Collection 410,83993,Repo 3378,Subversion
Client X,Org D,Project 96,Collection 411,83994,Repo 3379,Subversion
Client X,Org D,Project 96,Collection 412,83998,Repo 3380,Subversion
Client X,Org D,Project 96,Collection 414,84001,Repo 3382,Subversion
Client X,Org D,Project 96,Collection 415,84002,Repo 3383,Subversion
Client X,Org D,Project 96,Collection 416,84003,Repo 3384,Subversion
Client X,Org D,Project 96,Collection 417,84004,Repo 3385,Subversion
Client X,Org D,Project 96,Collection 418,84005,Repo 3386,Subversion
Client X,Org D,Project 96,Collection 419,84008,Repo 3387,Subversion
Client X,Org D,Project 96,Collection 420,84011,Repo 3389,Subversion
Client X,Org D,Project 96,Collection 2628,52283,Repo 637,Subversion
Client X,Org D,Project 96,Collection 433,84015,Repo 3399,Subversion
Client X,Org D,Project 96,Collection 2691,84046,Repo 3425,Subversion
Client X,Org D,Project 96,Collection 563,84084,Repo 3526,Subversion
Client X,Org D,Project 96,Collection 2976,52407,Repo 953,Subversion
Client X,Org D,Project 96,Collection 2985,84091,Repo 3539,Subversion
Client X,Org D,Project 96,Collection 3030,84104,Repo 3562,Subversion
Client X,Org D,Project 96,Collection 3031,84105,Repo 3563,Subversion
Client X,Org D,Project 96,Collection 3060,52452,Repo 1012,Subversion
Client X,Org D,Project 96,Collection 3061,52453,Repo 1013,Subversion
Client X,Org D,Project 96,Collection 3073,63883,Repo 3592,Subversion
Client X,Org D,Project 96,Collection 3090,63884,Repo 3600,Subversion
Client X,Org D,Project 96,Collection 635,84149,Repo 3637,Subversion
Client X,Org D,Project 96,Collection 3151,84151,Repo 3639,Subversion
Client X,Org D,Project 96,Collection 3152,84152,Repo 3640,Subversion
Client X,Org D,Project 96,Collection 718,84180,Repo 3741,Subversion
Client X,Org D,Project 96,Collection 3312,84187,Repo 3753,Subversion
Client X,Org D,Project 96,Collection 3313,63913,Repo 3754,Subversion
Client X,Org D,Project 96,Collection 3373,52621,Repo 1225,Subversion
Client X,Org D,Project 96,Collection 744,84201,Repo 3785,Subversion
Client X,Org D,Project 96,Collection 745,84202,Repo 3786,Subversion
Client X,Org D,Project 96,Collection 3465,84273,Repo 3846,Subversion
Client X,Org D,Project 96,Collection 811,84326,Repo 3889,Subversion
Client X,Org D,Project 96,Collection 3637,79347,Repo 3941,Subversion
Client X,Org D,Project 96,Collection 3667,84359,Repo 3955,Subversion
Client X,Org D,Project 96,Collection 861,84367,Repo 3966,Subversion
Client X,Org D,Project 96,Collection 3743,84381,Repo 3987,Subversion
Client X,Org D,Project 96,Collection 3769,52845,Repo 4003,Subversion
Client X,Org D,Project 96,Collection 954,84427,Repo 4071,Subversion
Client X,Org D,Project 96,Collection 3930,84440,Repo 4088,Subversion
Client X,Org D,Project 96,Collection 3954,63969,Repo 4106,Subversion
Client X,Org D,Project 96,Collection 3964,84448,Repo 4113,Subversion
Client X,Org D,Project 96,Collection 3965,84449,Repo 4114,Subversion
Client X,Org D,Project 96,Collection 3991,84457,Repo 4130,Subversion
Client X,Org D,Project 96,Collection 4017,84474,Repo 4143,Subversion
Client X,Org D,Project 96,Collection 4039,52983,Repo 4156,Subversion
Client X,Org D,Project 96,Collection 4071,84491,Repo 4176,Subversion
Client X,Org D,Project 96,Collection 4106,84505,Repo 4203,Subversion
Client X,Org D,Project 96,Collection 4107,52999,Repo 4206,Subversion
Client X,Org D,Project 96,Collection 1024,84507,Repo 4207,Subversion
Client X,Org D,Project 96,Collection 4129,84513,Repo 4225,Subversion
Client X,Org D,Project 96,Collection 1034,84516,Repo 4231,Subversion
Client X,Org D,Project 96,Collection 4159,84521,Repo 4244,Subversion
Client X,Org D,Project 96,Collection 4160,84522,Repo 4245,Subversion
Client X,Org D,Project 96,Collection 4161,84523,Repo 4246,Subversion
Client X,Org D,Project 96,Collection 1048,84524,Repo 4247,Subversion
Client X,Org D,Project 96,Collection 4162,84525,Repo 4248,Subversion
Client X,Org D,Project 96,Collection 4168,53033,Repo 1780,Subversion
Client X,Org D,Project 96,Collection 4185,63990,Repo 4261,Subversion
Client X,Org D,Project 96,Collection 4186,64246,Repo 4265,Subversion
Client X,Org D,Project 96,Collection 4187,63991,Repo 2666,Subversion
Client X,Org D,Project 96,Collection 4190,84534,Repo 4266,Subversion
Client X,Org D,Project 96,Collection 4191,53042,Repo 1794,Subversion
Client X,Org D,Project 96,Collection 1060,84535,Repo 4267,Subversion
Client X,Org D,Project 96,Collection 1061,84536,Repo 4268,Subversion
Client X,Org D,Project 96,Collection 1062,53043,Repo 4269,Subversion
Client X,Org D,Project 96,Collection 1063,84538,Repo 4271,Subversion
Client X,Org D,Project 96,Collection 4200,63992,Repo 4276,Subversion
Client X,Org D,Project 96,Collection 4201,63993,Repo 4277,Subversion
Client X,Org D,Project 96,Collection 4202,84543,Repo 4278,Subversion
Client X,Org D,Project 96,Collection 1070,84544,Repo 4280,Subversion
Client X,Org D,Project 96,Collection 4270,53082,Repo 4318,Subversion
Client X,Org D,Project 96,Collection 4271,84571,Repo 4320,Subversion
Client X,Org D,Project 96,Collection 1090,84572,Repo 4321,Subversion
Client X,Org D,Project 96,Collection 4272,84573,Repo 4322,Subversion
Client X,Org D,Project 96,Collection 1091,84574,Repo 4323,Subversion
Client X,Org D,Project 96,Collection 4279,84578,Repo 4328,Subversion
Client X,Org D,Project 96,Collection 4280,84579,Repo 4329,Subversion
Client X,Org D,Project 96,Collection 4284,84581,Repo 4331,Subversion
Client X,Org D,Project 96,Collection 1095,84582,Repo 4332,Subversion
Client X,Org D,Project 96,Collection 4341,84631,Repo 4362,Subversion
Client X,Org D,Project 96,Collection 4374,84636,Repo 4382,Subversion
Client X,Org D,Project 96,Collection 4395,84643,Repo 4391,Subversion
Client X,Org D,Project 96,Collection 1168,84663,Repo 4432,Subversion
Client X,Org D,Project 96,Collection 4496,54716,Repo 4439,Subversion
Client X,Org D,Project 96,Collection 4497,54717,Repo 4438,Subversion
Client X,Org D,Project 96,Collection 4921,84802,Repo 4800,Subversion
Client X,Org D,Project 96,Collection 4923,84806,Repo 4802,Subversion
Client X,Org D,Project 96,Collection 4979,84820,Repo 4856,Subversion
Client X,Org D,Project 96,Collection 4996,53786,Repo 4863,Subversion
Client X,Org D,Project 96,Collection 1317,84829,Repo 4872,Subversion
Client X,Org D,Project 96,Collection 5009,64070,Repo 4873,Subversion
Client X,Org D,Project 96,Collection 5033,64283,Repo 4889,Subversion
Client X,Org D,Project 96,Collection 5071,84860,Repo 4915,Subversion
Client X,Org D,Project 96,Collection 5089,53437,Repo 4925,Subversion
Client X,Org D,Project 96,Collection 1361,84870,Repo 4929,Subversion
Client X,Org D,Project 96,Collection 5145,84885,Repo 4956,Subversion
Client X,Org D,Project 96,Collection 1388,84897,Repo 4973,Subversion
Client X,Org D,Project 96,Collection 5172,53490,Repo 2305,Subversion
Client X,Org D,Project 96,Collection 5179,53493,Repo 4979,Subversion
Client X,Org D,Project 96,Collection 5180,84902,Repo 4980,Subversion
Client X,Org D,Project 96,Collection 5235,84909,Repo 4988,Subversion
Client X,Org D,Project 96,Collection 5240,84912,Repo 4990,Subversion
Client X,Org D,Project 96,Collection 1424,84914,Repo 4992,Subversion
Client X,Org D,Project 96,Collection 1443,84936,Repo 5021,Subversion
Client X,Org D,Project 96,Collection 1444,84937,Repo 5022,Subversion
Client X,Org D,Project 96,Collection 5291,84938,Repo 5023,Subversion
Client X,Org D,Project 96,Collection 5292,53568,Repo 5024,Subversion
Client X,Org D,Project 96,Collection 5293,84939,Repo 5025,Subversion
Client X,Org D,Project 96,Collection 5294,84940,Repo 5026,Subversion
Client X,Org D,Project 96,Collection 5341,84961,Repo 5055,Subversion
Client X,Org D,Project 96,Collection 5425,84989,Repo 5112,Subversion
Client X,Org D,Project 96,Collection 1502,85008,Repo 5139,Subversion
Client X,Org D,Project 96,Collection 5555,79555,Repo 5204,Subversion
Client X,Org D,Project 96,Collection 5564,85032,Repo 5211,Subversion
Client X,Org D,Project 96,Collection 5588,79557,Repo 5224,Subversion
Client X,Org D,Project 96,Collection 1564,79630,Repo 5239,Subversion
Client X,Org D,Project 96,Collection 1570,85061,Repo 5249,Subversion
Client X,Org D,Project 96,Collection 5637,53740,Repo 2627,Subversion
Client X,Org D,Project 96,Collection 5638,85068,Repo 5255,Subversion
Client X,Org D,Project 96,Collection 5639,53741,Repo 2628,Subversion
Client X,Org D,Project 96,Collection 5641,53743,Repo 2630,Subversion
Client X,Org D,Project 96,Collection 5644,85071,Repo 5258,Subversion
Client X,Org D,Project 321,Collection 1923,79569,Repo 2893,Subversion
Client X,Org D,Project 97,Collection 386,83943,Repo 3336,Subversion
Client X,Org D,Project 97,Collection 409,83982,Repo 3371,Subversion
Client X,Org D,Project 97,Collection 606,52450,Repo 3583,Subversion
Client X,Org D,Project 97,Collection 607,79463,Repo 3584,Subversion
Client X,Org D,Project 97,Collection 636,84150,Repo 3638,Subversion
Client X,Org D,Project 97,Collection 3163,52504,Repo 5474,Subversion
Client X,Org D,Project 97,Collection 897,82612,Repo 3999,Subversion
Client X,Org D,Project 97,Collection 4452,53157,Repo 4418,Subversion
Client X,Org D,Project 322,Collection 1687,51864,Repo 77,Subversion
Client X,Org D,Project 322,Collection 3288,52568,Repo 1165,Subversion
Client X,Org D,Project 322,Collection 3289,52569,Repo 1166,Subversion
Client X,Org D,Project 322,Collection 3290,52570,Repo 1167,Subversion
Client X,Org D,Project 323,Collection 1641,82513,Repo 2710,Subversion
Client X,Org D,Project 324,Collection 3001,52425,Repo 966,Subversion
Client X,Org D,Project 325,Collection 3204,41966,Repo 1102,Subversion
Client X,Org D,Project 325,Collection 3204,44380,Repo 6590,Jira
Client X,Org D,Project 326,Collection 2205,52129,Repo 401,Subversion
Client X,Org E,Project 98,Collection 1910,41235,Repo 195,Subversion
Client X,Org E,Project 98,Collection 1910,43649,Repo 5835,Jira
Client X,Org E,Project 98,Collection 767,42079,Repo 1254,Subversion
Client X,Org E,Project 98,Collection 767,44493,Repo 6697,Jira
Client X,Org E,Project 98,Collection 3426,42080,Repo 1255,Subversion
Client X,Org E,Project 98,Collection 3426,44494,Repo 6698,Jira
Client X,Org E,Project 98,Collection 3427,42081,Repo 1256,Subversion
Client X,Org E,Project 98,Collection 3427,44495,Repo 6699,Jira
Client X,Org E,Project 98,Collection 3428,42082,Repo 1257,Subversion
Client X,Org E,Project 98,Collection 3428,44496,Repo 6700,Jira
Client X,Org E,Project 98,Collection 3429,42083,Repo 1258,Subversion
Client X,Org E,Project 98,Collection 3429,44497,Repo 6701,Jira
Client X,Org E,Project 98,Collection 3430,42084,Repo 1259,Subversion
Client X,Org E,Project 98,Collection 3430,44498,Repo 6702,Jira
Client X,Org E,Project 98,Collection 3431,42085,Repo 1260,Subversion
Client X,Org E,Project 98,Collection 3431,44499,Repo 6703,Jira
Client X,Org E,Project 98,Collection 789,43224,Repo 5340,Subversion
Client X,Org E,Project 98,Collection 789,45638,Repo 6723,Jira
Client X,Org E,Project 98,Collection 3468,42103,Repo 1293,Subversion
Client X,Org E,Project 98,Collection 3468,44517,Repo 6725,Jira
Client X,Org E,Project 98,Collection 790,43453,Repo 5634,Subversion
Client X,Org E,Project 98,Collection 790,45867,Repo 6726,Jira
Client X,Org E,Project 98,Collection 791,42104,Repo 1294,Subversion
Client X,Org E,Project 98,Collection 791,44518,Repo 6727,Jira
Client X,Org E,Project 98,Collection 793,42106,Repo 1296,Subversion
Client X,Org E,Project 98,Collection 793,44520,Repo 6729,Jira
Client X,Org E,Project 327,Collection 3322,79474,Repo 3759,Subversion
Client X,Org E,Project 99,Collection 2166,52105,Repo 5420,Subversion
Client X,Org E,Project 99,Collection 373,79443,Repo 3298,Subversion
Client X,Org E,Project 99,Collection 3496,52677,Repo 5492,Subversion
Client X,Org E,Project 328,Collection 5123,53460,Repo 2270,Subversion
Client X,Org E,Project 328,Collection 5480,43285,Repo 5390,Subversion
Client X,Org E,Project 328,Collection 5480,45699,Repo 7649,Jira
Client X,Org E,Project 329,Collection 1822,41198,Repo 150,Subversion
Client X,Org E,Project 329,Collection 1822,43612,Repo 5803,Jira
Client X,Org E,Project 329,Collection 3059,41902,Repo 1011,Subversion
Client X,Org E,Project 329,Collection 3059,44316,Repo 6529,Jira
Client X,Org E,Project 329,Collection 3849,42307,Repo 1588,Subversion
Client X,Org E,Project 329,Collection 3849,44721,Repo 6929,Jira
Client X,Org E,Project 100,Collection 1426,42964,Repo 2393,Subversion
Client X,Org E,Project 100,Collection 1426,45378,Repo 7550,Jira
Client X,Org E,Project 101,Collection 601,41896,Repo 1005,Subversion
Client X,Org E,Project 101,Collection 601,44310,Repo 6525,Jira
Client X,Org E,Project 330,Collection 5222,84905,Repo 4983,Subversion
Client X,Org E,Project 102,Collection 1053,79647,Repo 4257,Subversion
Client X,Org E,Project 102,Collection 5227,82671,Repo 4987,Subversion
Client X,Org E,Project 103,Collection 459,52311,Repo 3426,Subversion
Client X,Org E,Project 103,Collection 3058,52451,Repo 1010,Subversion
Client X,Org E,Project 103,Collection 649,52512,Repo 1086,Subversion
Client X,Org E,Project 103,Collection 3848,52892,Repo 1587,Subversion
Client X,Org E,Project 103,Collection 5239,53516,Repo 2379,Subversion
Client X,Org E,Project 103,Collection 1422,53517,Repo 2380,Subversion
Client X,Org E,Project 103,Collection 5260,53532,Repo 2398,Subversion
Client X,Org E,Project 104,Collection 157,41289,Repo 263,Subversion
Client X,Org E,Project 104,Collection 157,43703,Repo 5884,Jira
Client X,Org E,Project 105,Collection 32,41112,Repo 37,Subversion
Client X,Org E,Project 105,Collection 32,43526,Repo 5717,Jira
Client X,Org E,Project 331,Collection 1795,41187,Repo 137,Subversion
Client X,Org E,Project 331,Collection 1795,43601,Repo 5792,Jira
Client X,Org E,Project 331,Collection 2139,41356,Repo 357,Subversion
Client X,Org E,Project 331,Collection 2139,43770,Repo 5956,Jira
Client X,Org E,Project 106,Collection 781,42098,Repo 1285,Subversion
Client X,Org E,Project 106,Collection 781,44512,Repo 6718,Jira
Client X,Org E,Project 107,Collection 867,42221,Repo 1463,Subversion
Client X,Org E,Project 107,Collection 867,44635,Repo 6835,Jira
Client X,Org E,Project 107,Collection 1441,42981,Repo 2412,Subversion
Client X,Org E,Project 107,Collection 1441,45395,Repo 7565,Jira
Client X,Org E,Project 332,Collection 5333,43010,Repo 2436,Subversion
Client X,Org E,Project 332,Collection 5333,45424,Repo 7583,Jira
Client X,Org E,Project 108,Collection 1163,42614,Repo 1985,Subversion
Client X,Org E,Project 108,Collection 1163,45028,Repo 7235,Jira
Client X,Org E,Project 108,Collection 4484,42616,Repo 1986,Subversion
Client X,Org E,Project 108,Collection 4484,45030,Repo 7236,Jira
Client X,Org E,Project 108,Collection 4485,42617,Repo 1987,Subversion
Client X,Org E,Project 108,Collection 4485,45031,Repo 7237,Jira
Client X,Org E,Project 109,Collection 1025,42430,Repo 1743,Subversion
Client X,Org E,Project 109,Collection 1025,44844,Repo 7048,Jira
Client X,Org E,Project 109,Collection 1157,42604,Repo 1970,Subversion
Client X,Org E,Project 109,Collection 1157,45018,Repo 7227,Jira
Client X,Org E,Project 109,Collection 5057,42806,Repo 2222,Subversion
Client X,Org E,Project 109,Collection 5057,45220,Repo 7427,Jira
Client X,Org E,Project 109,Collection 5354,43014,Repo 2444,Subversion
Client X,Org E,Project 109,Collection 5354,45428,Repo 7587,Jira
Client X,Org E,Project 110,Collection 562,41850,Repo 940,Subversion
Client X,Org E,Project 110,Collection 562,44264,Repo 6475,Jira
Client X,Org E,Project 110,Collection 3023,52432,Repo 3559,Subversion
Client X,Org E,Project 333,Collection 1732,41155,Repo 101,Subversion
Client X,Org E,Project 333,Collection 1732,43569,Repo 5758,Jira
Client X,Org E,Project 333,Collection 3029,41884,Repo 988,Subversion
Client X,Org E,Project 333,Collection 3029,44298,Repo 6512,Jira
Client X,Org E,Project 333,Collection 4992,42769,Repo 2179,Subversion
Client X,Org E,Project 333,Collection 4992,45183,Repo 7387,Jira
Client X,Org E,Project 333,Collection 5625,43137,Repo 2620,Subversion
Client X,Org E,Project 333,Collection 5625,45551,Repo 7708,Jira
Client X,Org E,Project 111,Collection 1754,41166,Repo 117,Subversion
Client X,Org E,Project 111,Collection 1754,43580,Repo 5769,Jira
Client X,Org E,Project 111,Collection 85,41182,Repo 133,Subversion
Client X,Org E,Project 111,Collection 85,43596,Repo 5786,Jira
Client X,Org E,Project 111,Collection 1820,41197,Repo 148,Subversion
Client X,Org E,Project 111,Collection 1820,43611,Repo 5802,Jira
Client X,Org E,Project 111,Collection 1889,41219,Repo 181,Subversion
Client X,Org E,Project 111,Collection 1889,43633,Repo 5822,Jira
Client X,Org E,Project 111,Collection 144,43171,Repo 5290,Subversion
Client X,Org E,Project 111,Collection 144,45585,Repo 5868,Jira
Client X,Org E,Project 111,Collection 2002,41277,Repo 250,Subversion
Client X,Org E,Project 111,Collection 2002,43691,Repo 5872,Jira
Client X,Org E,Project 111,Collection 2017,41291,Repo 265,Subversion
Client X,Org E,Project 111,Collection 2017,43705,Repo 5886,Jira
Client X,Org E,Project 111,Collection 2215,41393,Repo 406,Subversion
Client X,Org E,Project 111,Collection 2215,43807,Repo 5994,Jira
Client X,Org E,Project 111,Collection 2386,52190,Repo 3213,Subversion
Client X,Org E,Project 111,Collection 2405,83852,Repo 3229,Subversion
Client X,Org E,Project 111,Collection 2447,43189,Repo 5308,Subversion
Client X,Org E,Project 111,Collection 2447,45603,Repo 6109,Jira
Client X,Org E,Project 111,Collection 2449,41497,Repo 535,Subversion
Client X,Org E,Project 111,Collection 2449,43911,Repo 6110,Jira
Client X,Org E,Project 111,Collection 2562,83934,Repo 3325,Subversion
Client X,Org E,Project 111,Collection 2576,83942,Repo 3334,Subversion
Client X,Org E,Project 111,Collection 2578,52258,Repo 3335,Subversion
Client X,Org E,Project 111,Collection 2581,83944,Repo 3338,Subversion
Client X,Org E,Project 111,Collection 2640,41590,Repo 649,Subversion
Client X,Org E,Project 111,Collection 2640,44004,Repo 6198,Jira
Client X,Org E,Project 111,Collection 431,84013,Repo 3396,Subversion
Client X,Org E,Project 111,Collection 2641,84014,Repo 3397,Subversion
Client X,Org E,Project 111,Collection 2648,41595,Repo 654,Subversion
Client X,Org E,Project 111,Collection 2648,44009,Repo 6205,Jira
Client X,Org E,Project 111,Collection 2664,84024,Repo 3408,Subversion
Client X,Org E,Project 111,Collection 2665,84025,Repo 3409,Subversion
Client X,Org E,Project 111,Collection 2812,84069,Repo 3470,Subversion
Client X,Org E,Project 111,Collection 2814,41716,Repo 795,Subversion
Client X,Org E,Project 111,Collection 2814,44130,Repo 6332,Jira
Client X,Org E,Project 111,Collection 2825,79595,Repo 3475,Subversion
Client X,Org E,Project 111,Collection 2826,52363,Repo 806,Subversion
Client X,Org E,Project 111,Collection 2828,84071,Repo 3476,Subversion
Client X,Org E,Project 111,Collection 2829,41725,Repo 808,Subversion
Client X,Org E,Project 111,Collection 2829,44139,Repo 6343,Jira
Client X,Org E,Project 111,Collection 2830,41726,Repo 809,Subversion
Client X,Org E,Project 111,Collection 2830,44140,Repo 6344,Jira
Client X,Org E,Project 111,Collection 2831,41727,Repo 810,Subversion
Client X,Org E,Project 111,Collection 2831,44141,Repo 6345,Jira
Client X,Org E,Project 111,Collection 2832,84072,Repo 3477,Subversion
Client X,Org E,Project 111,Collection 2833,41728,Repo 811,Subversion
Client X,Org E,Project 111,Collection 2833,44142,Repo 6346,Jira
Client X,Org E,Project 111,Collection 2834,52365,Repo 812,Subversion
Client X,Org E,Project 111,Collection 2835,41729,Repo 813,Subversion
Client X,Org E,Project 111,Collection 2835,44143,Repo 6347,Jira
Client X,Org E,Project 111,Collection 547,41834,Repo 924,Subversion
Client X,Org E,Project 111,Collection 547,44248,Repo 6457,Jira
Client X,Org E,Project 111,Collection 2943,84079,Repo 3510,Subversion
Client X,Org E,Project 111,Collection 3069,41909,Repo 1018,Subversion
Client X,Org E,Project 111,Collection 3069,44323,Repo 6533,Jira
Client X,Org E,Project 111,Collection 3121,41939,Repo 1055,Subversion
Client X,Org E,Project 111,Collection 3121,44353,Repo 6559,Jira
Client X,Org E,Project 111,Collection 3149,84148,Repo 3636,Subversion
Client X,Org E,Project 111,Collection 3150,41947,Repo 1070,Subversion
Client X,Org E,Project 111,Collection 3150,44361,Repo 6568,Jira
Client X,Org E,Project 111,Collection 3188,52514,Repo 1089,Subversion
Client X,Org E,Project 111,Collection 3189,52515,Repo 1090,Subversion
Client X,Org E,Project 111,Collection 3190,52516,Repo 1091,Subversion
Client X,Org E,Project 111,Collection 3195,63899,Repo 2660,Subversion
Client X,Org E,Project 111,Collection 676,41979,Repo 1121,Subversion
Client X,Org E,Project 111,Collection 676,44393,Repo 6602,Jira
Client X,Org E,Project 111,Collection 3248,84175,Repo 3710,Subversion
Client X,Org E,Project 111,Collection 3255,41992,Repo 1137,Subversion
Client X,Org E,Project 111,Collection 3255,44406,Repo 6617,Jira
Client X,Org E,Project 111,Collection 3579,42156,Repo 1367,Subversion
Client X,Org E,Project 111,Collection 3579,44570,Repo 6778,Jira
Client X,Org E,Project 111,Collection 3680,42206,Repo 1447,Subversion
Client X,Org E,Project 111,Collection 3680,44620,Repo 6820,Jira
Client X,Org E,Project 111,Collection 904,82615,Repo 4010,Subversion
Client X,Org E,Project 111,Collection 905,52853,Repo 1526,Subversion
Client X,Org E,Project 111,Collection 3845,52889,Repo 1584,Subversion
Client X,Org E,Project 111,Collection 3854,42310,Repo 1592,Subversion
Client X,Org E,Project 111,Collection 3854,44724,Repo 6932,Jira
Client X,Org E,Project 111,Collection 3856,84406,Repo 4031,Subversion
Client X,Org E,Project 111,Collection 3857,52897,Repo 4032,Subversion
Client X,Org E,Project 111,Collection 3858,84407,Repo 4033,Subversion
Client X,Org E,Project 111,Collection 3869,84415,Repo 4046,Subversion
Client X,Org E,Project 111,Collection 3870,79492,Repo 4048,Subversion
Client X,Org E,Project 111,Collection 936,97490,Repo 4047,Subversion
Client X,Org E,Project 111,Collection 3950,52938,Repo 1653,Subversion
Client X,Org E,Project 111,Collection 3957,42355,Repo 1654,Subversion
Client X,Org E,Project 111,Collection 3957,44769,Repo 6980,Jira
Client X,Org E,Project 111,Collection 4008,42376,Repo 1686,Subversion
Client X,Org E,Project 111,Collection 4008,44790,Repo 6999,Jira
Client X,Org E,Project 111,Collection 4018,42380,Repo 1691,Subversion
Client X,Org E,Project 111,Collection 4018,44794,Repo 7001,Jira
Client X,Org E,Project 111,Collection 4024,42382,Repo 1696,Subversion
Client X,Org E,Project 111,Collection 4024,44796,Repo 7004,Jira
Client X,Org E,Project 111,Collection 4045,97288,Repo 4160,Subversion
Client X,Org E,Project 111,Collection 4072,42403,Repo 1722,Subversion
Client X,Org E,Project 111,Collection 4072,44817,Repo 7024,Jira
Client X,Org E,Project 111,Collection 4073,42404,Repo 1723,Subversion
Client X,Org E,Project 111,Collection 4073,44818,Repo 7025,Jira
Client X,Org E,Project 111,Collection 4074,52992,Repo 1724,Subversion
Client X,Org E,Project 111,Collection 4075,41052,Repo 1725,Subversion
Client X,Org E,Project 111,Collection 1006,41051,Repo 1726,Subversion
Client X,Org E,Project 111,Collection 4076,84492,Repo 4177,Subversion
Client X,Org E,Project 111,Collection 4077,84493,Repo 4178,Subversion
Client X,Org E,Project 111,Collection 4078,84494,Repo 4179,Subversion
Client X,Org E,Project 111,Collection 1008,43369,Repo 5518,Subversion
Client X,Org E,Project 111,Collection 1008,45783,Repo 7026,Jira
Client X,Org E,Project 111,Collection 4079,84496,Repo 4181,Subversion
Client X,Org E,Project 111,Collection 4087,42411,Repo 1730,Subversion
Client X,Org E,Project 111,Collection 4087,44825,Repo 7030,Jira
Client X,Org E,Project 111,Collection 4207,42472,Repo 1805,Subversion
Client X,Org E,Project 111,Collection 4207,44886,Repo 7092,Jira
Client X,Org E,Project 111,Collection 4242,84556,Repo 4303,Subversion
Client X,Org E,Project 111,Collection 4244,42478,Repo 1821,Subversion
Client X,Org E,Project 111,Collection 4244,44892,Repo 7098,Jira
Client X,Org E,Project 111,Collection 4264,54710,Repo 4316,Subversion
Client X,Org E,Project 111,Collection 4277,42502,Repo 1845,Subversion
Client X,Org E,Project 111,Collection 4277,44916,Repo 7119,Jira
Client X,Org E,Project 111,Collection 4312,42523,Repo 1864,Subversion
Client X,Org E,Project 111,Collection 4312,44937,Repo 7140,Jira
Client X,Org E,Project 111,Collection 4313,42524,Repo 1865,Subversion
Client X,Org E,Project 111,Collection 4313,44938,Repo 7141,Jira
Client X,Org E,Project 111,Collection 4314,42525,Repo 1866,Subversion
Client X,Org E,Project 111,Collection 4314,44939,Repo 7142,Jira
Client X,Org E,Project 111,Collection 4316,42527,Repo 1868,Subversion
Client X,Org E,Project 111,Collection 4316,44941,Repo 7144,Jira
Client X,Org E,Project 111,Collection 4317,42528,Repo 1869,Subversion
Client X,Org E,Project 111,Collection 4317,44942,Repo 7145,Jira
Client X,Org E,Project 111,Collection 4336,53102,Repo 1883,Subversion
Client X,Org E,Project 111,Collection 4358,53109,Repo 4377,Subversion
Client X,Org E,Project 111,Collection 4359,53110,Repo 4376,Subversion
Client X,Org E,Project 111,Collection 4360,42542,Repo 1889,Subversion
Client X,Org E,Project 111,Collection 4360,44956,Repo 7159,Jira
Client X,Org E,Project 111,Collection 4361,42543,Repo 1890,Subversion
Client X,Org E,Project 111,Collection 4361,44957,Repo 7160,Jira
Client X,Org E,Project 111,Collection 4390,53123,Repo 1914,Subversion
Client X,Org E,Project 111,Collection 4391,53124,Repo 1915,Subversion
Client X,Org E,Project 111,Collection 4442,53151,Repo 5537,Subversion
Client X,Org E,Project 111,Collection 4522,84671,Repo 4466,Subversion
Client X,Org E,Project 111,Collection 4594,84680,Repo 4518,Subversion
Client X,Org E,Project 111,Collection 4597,43383,Repo 5546,Subversion
Client X,Org E,Project 111,Collection 4597,45797,Repo 7301,Jira
Client X,Org E,Project 111,Collection 1236,84682,Repo 4523,Subversion
Client X,Org E,Project 111,Collection 1237,43384,Repo 5547,Subversion
Client X,Org E,Project 111,Collection 1237,45798,Repo 7302,Jira
Client X,Org E,Project 111,Collection 4600,42685,Repo 2069,Subversion
Client X,Org E,Project 111,Collection 4600,45099,Repo 7305,Jira
Client X,Org E,Project 111,Collection 4598,42686,Repo 2067,Subversion
Client X,Org E,Project 111,Collection 4598,45100,Repo 7303,Jira
Client X,Org E,Project 111,Collection 4599,42687,Repo 2068,Subversion
Client X,Org E,Project 111,Collection 4599,45101,Repo 7304,Jira
Client X,Org E,Project 111,Collection 4601,84684,Repo 4525,Subversion
Client X,Org E,Project 111,Collection 4602,64034,Repo 4526,Subversion
Client X,Org E,Project 111,Collection 4603,53231,Repo 4527,Subversion
Client X,Org E,Project 111,Collection 4604,53232,Repo 4528,Subversion
Client X,Org E,Project 111,Collection 4605,53233,Repo 4529,Subversion
Client X,Org E,Project 111,Collection 4606,53234,Repo 4530,Subversion
Client X,Org E,Project 111,Collection 4607,53235,Repo 4531,Subversion
Client X,Org E,Project 111,Collection 4608,53236,Repo 4532,Subversion
Client X,Org E,Project 111,Collection 4609,53237,Repo 4533,Subversion
Client X,Org E,Project 111,Collection 4610,53238,Repo 4534,Subversion
Client X,Org E,Project 111,Collection 4611,53239,Repo 4535,Subversion
Client X,Org E,Project 111,Collection 4612,53240,Repo 4536,Subversion
Client X,Org E,Project 111,Collection 4613,53241,Repo 4537,Subversion
Client X,Org E,Project 111,Collection 4614,53242,Repo 4538,Subversion
Client X,Org E,Project 111,Collection 4615,53243,Repo 4539,Subversion
Client X,Org E,Project 111,Collection 4616,53244,Repo 4540,Subversion
Client X,Org E,Project 111,Collection 4617,53245,Repo 4541,Subversion
Client X,Org E,Project 111,Collection 4618,53246,Repo 4542,Subversion
Client X,Org E,Project 111,Collection 4619,53247,Repo 4543,Subversion
Client X,Org E,Project 111,Collection 4620,53248,Repo 2668,Subversion
Client X,Org E,Project 111,Collection 4621,53249,Repo 4544,Subversion
Client X,Org E,Project 111,Collection 4622,53250,Repo 4545,Subversion
Client X,Org E,Project 111,Collection 4623,53251,Repo 4546,Subversion
Client X,Org E,Project 111,Collection 4624,53252,Repo 4547,Subversion
Client X,Org E,Project 111,Collection 4625,53253,Repo 4548,Subversion
Client X,Org E,Project 111,Collection 4626,53254,Repo 4549,Subversion
Client X,Org E,Project 111,Collection 4627,53255,Repo 4550,Subversion
Client X,Org E,Project 111,Collection 4628,53256,Repo 4551,Subversion
Client X,Org E,Project 111,Collection 4629,53257,Repo 4552,Subversion
Client X,Org E,Project 111,Collection 4630,53258,Repo 4553,Subversion
Client X,Org E,Project 111,Collection 4631,53259,Repo 4554,Subversion
Client X,Org E,Project 111,Collection 4632,53260,Repo 4555,Subversion
Client X,Org E,Project 111,Collection 4633,53261,Repo 4556,Subversion
Client X,Org E,Project 111,Collection 4634,53262,Repo 4557,Subversion
Client X,Org E,Project 111,Collection 4635,53263,Repo 4558,Subversion
Client X,Org E,Project 111,Collection 4636,53264,Repo 4559,Subversion
Client X,Org E,Project 111,Collection 4637,53265,Repo 4560,Subversion
Client X,Org E,Project 111,Collection 4638,53266,Repo 4561,Subversion
Client X,Org E,Project 111,Collection 4639,53267,Repo 4562,Subversion
Client X,Org E,Project 111,Collection 4640,53268,Repo 4563,Subversion
Client X,Org E,Project 111,Collection 4641,53269,Repo 4564,Subversion
Client X,Org E,Project 111,Collection 4642,53270,Repo 4565,Subversion
Client X,Org E,Project 111,Collection 4643,53271,Repo 4566,Subversion
Client X,Org E,Project 111,Collection 4644,53272,Repo 4567,Subversion
Client X,Org E,Project 111,Collection 4645,53273,Repo 4568,Subversion
Client X,Org E,Project 111,Collection 4646,53274,Repo 4569,Subversion
Client X,Org E,Project 111,Collection 4647,53275,Repo 4570,Subversion
Client X,Org E,Project 111,Collection 4648,53276,Repo 4571,Subversion
Client X,Org E,Project 111,Collection 4649,53277,Repo 4572,Subversion
Client X,Org E,Project 111,Collection 4650,53278,Repo 4573,Subversion
Client X,Org E,Project 111,Collection 4651,53279,Repo 4574,Subversion
Client X,Org E,Project 111,Collection 4652,53280,Repo 4575,Subversion
Client X,Org E,Project 111,Collection 4653,53281,Repo 4576,Subversion
Client X,Org E,Project 111,Collection 4654,53282,Repo 4577,Subversion
Client X,Org E,Project 111,Collection 4655,53283,Repo 4578,Subversion
Client X,Org E,Project 111,Collection 4656,53284,Repo 4579,Subversion
Client X,Org E,Project 111,Collection 4657,53285,Repo 4580,Subversion
Client X,Org E,Project 111,Collection 4658,53286,Repo 4581,Subversion
Client X,Org E,Project 111,Collection 4659,53287,Repo 4582,Subversion
Client X,Org E,Project 111,Collection 4660,53288,Repo 4583,Subversion
Client X,Org E,Project 111,Collection 4661,53289,Repo 4584,Subversion
Client X,Org E,Project 111,Collection 4662,53290,Repo 4585,Subversion
Client X,Org E,Project 111,Collection 4663,53291,Repo 4586,Subversion
Client X,Org E,Project 111,Collection 4664,53292,Repo 4587,Subversion
Client X,Org E,Project 111,Collection 4665,53293,Repo 4588,Subversion
Client X,Org E,Project 111,Collection 4666,53294,Repo 4589,Subversion
Client X,Org E,Project 111,Collection 4667,53295,Repo 4590,Subversion
Client X,Org E,Project 111,Collection 4668,53296,Repo 4591,Subversion
Client X,Org E,Project 111,Collection 4669,53297,Repo 4592,Subversion
Client X,Org E,Project 111,Collection 4670,53298,Repo 4593,Subversion
Client X,Org E,Project 111,Collection 4671,53299,Repo 2669,Subversion
Client X,Org E,Project 111,Collection 4672,53300,Repo 4594,Subversion
Client X,Org E,Project 111,Collection 4673,53301,Repo 4595,Subversion
Client X,Org E,Project 111,Collection 4674,53302,Repo 4596,Subversion
Client X,Org E,Project 111,Collection 4675,53303,Repo 4597,Subversion
Client X,Org E,Project 111,Collection 4676,53304,Repo 4598,Subversion
Client X,Org E,Project 111,Collection 4677,53305,Repo 4599,Subversion
Client X,Org E,Project 111,Collection 4678,53306,Repo 4600,Subversion
Client X,Org E,Project 111,Collection 4679,53307,Repo 4601,Subversion
Client X,Org E,Project 111,Collection 4680,53308,Repo 4602,Subversion
Client X,Org E,Project 111,Collection 4681,53309,Repo 4603,Subversion
Client X,Org E,Project 111,Collection 4682,53310,Repo 4604,Subversion
Client X,Org E,Project 111,Collection 4683,53311,Repo 4605,Subversion
Client X,Org E,Project 111,Collection 4684,53312,Repo 4606,Subversion
Client X,Org E,Project 111,Collection 4685,53313,Repo 4607,Subversion
Client X,Org E,Project 111,Collection 4686,53314,Repo 4608,Subversion
Client X,Org E,Project 111,Collection 4687,53315,Repo 4609,Subversion
Client X,Org E,Project 111,Collection 4688,53316,Repo 4610,Subversion
Client X,Org E,Project 111,Collection 4689,53317,Repo 4611,Subversion
Client X,Org E,Project 111,Collection 4690,53318,Repo 4612,Subversion
Client X,Org E,Project 111,Collection 4691,53319,Repo 4613,Subversion
Client X,Org E,Project 111,Collection 4692,53320,Repo 4614,Subversion
Client X,Org E,Project 111,Collection 4693,53321,Repo 4615,Subversion
Client X,Org E,Project 111,Collection 4694,53322,Repo 4616,Subversion
Client X,Org E,Project 111,Collection 4695,53323,Repo 4617,Subversion
Client X,Org E,Project 111,Collection 4696,54725,Repo 4618,Subversion
Client X,Org E,Project 111,Collection 4697,54726,Repo 4619,Subversion
Client X,Org E,Project 111,Collection 4698,54727,Repo 4620,Subversion
Client X,Org E,Project 111,Collection 4699,54728,Repo 4621,Subversion
Client X,Org E,Project 111,Collection 1239,54729,Repo 4622,Subversion
Client X,Org E,Project 111,Collection 4700,64035,Repo 4623,Subversion
Client X,Org E,Project 111,Collection 4701,64036,Repo 4624,Subversion
Client X,Org E,Project 111,Collection 4702,64037,Repo 4625,Subversion
Client X,Org E,Project 111,Collection 4703,64038,Repo 4626,Subversion
Client X,Org E,Project 111,Collection 4704,64039,Repo 4627,Subversion
Client X,Org E,Project 111,Collection 4705,64040,Repo 4628,Subversion
Client X,Org E,Project 111,Collection 4706,64041,Repo 4629,Subversion
Client X,Org E,Project 111,Collection 4707,64042,Repo 4630,Subversion
Client X,Org E,Project 111,Collection 4708,64043,Repo 4631,Subversion
Client X,Org E,Project 111,Collection 4709,64044,Repo 4632,Subversion
Client X,Org E,Project 111,Collection 4710,64045,Repo 4633,Subversion
Client X,Org E,Project 111,Collection 4711,64046,Repo 4634,Subversion
Client X,Org E,Project 111,Collection 4712,64047,Repo 4635,Subversion
Client X,Org E,Project 111,Collection 4713,64265,Repo 4636,Subversion
Client X,Org E,Project 111,Collection 4714,64266,Repo 4637,Subversion
Client X,Org E,Project 111,Collection 4715,64267,Repo 4638,Subversion
Client X,Org E,Project 111,Collection 4716,64268,Repo 4639,Subversion
Client X,Org E,Project 111,Collection 4717,64269,Repo 4640,Subversion
Client X,Org E,Project 111,Collection 4718,64270,Repo 4641,Subversion
Client X,Org E,Project 111,Collection 4719,64271,Repo 4642,Subversion
Client X,Org E,Project 111,Collection 4720,64272,Repo 4643,Subversion
Client X,Org E,Project 111,Collection 4721,79519,Repo 4644,Subversion
Client X,Org E,Project 111,Collection 4722,79520,Repo 4645,Subversion
Client X,Org E,Project 111,Collection 4723,79521,Repo 4646,Subversion
Client X,Org E,Project 111,Collection 4724,79522,Repo 4647,Subversion
Client X,Org E,Project 111,Collection 4725,79523,Repo 4648,Subversion
Client X,Org E,Project 111,Collection 4726,79373,Repo 4649,Subversion
Client X,Org E,Project 111,Collection 4727,79619,Repo 4650,Subversion
Client X,Org E,Project 111,Collection 4728,79620,Repo 4651,Subversion
Client X,Org E,Project 111,Collection 1240,82653,Repo 4652,Subversion
Client X,Org E,Project 111,Collection 1241,84685,Repo 4653,Subversion
Client X,Org E,Project 111,Collection 1242,84686,Repo 4654,Subversion
Client X,Org E,Project 111,Collection 1243,84687,Repo 4655,Subversion
Client X,Org E,Project 111,Collection 1244,84688,Repo 4656,Subversion
Client X,Org E,Project 111,Collection 1245,84689,Repo 4657,Subversion
Client X,Org E,Project 111,Collection 1246,97297,Repo 4658,Subversion
Client X,Org E,Project 111,Collection 4729,97498,Repo 4659,Subversion
Client X,Org E,Project 111,Collection 1247,97499,Repo 4660,Subversion
Client X,Org E,Project 111,Collection 1248,97500,Repo 4661,Subversion
Client X,Org E,Project 111,Collection 4730,64273,Repo 4662,Subversion
Client X,Org E,Project 111,Collection 4731,53324,Repo 4663,Subversion
Client X,Org E,Project 111,Collection 4732,53325,Repo 4664,Subversion
Client X,Org E,Project 111,Collection 4733,53326,Repo 4665,Subversion
Client X,Org E,Project 111,Collection 4734,64048,Repo 4666,Subversion
Client X,Org E,Project 111,Collection 4735,53327,Repo 4667,Subversion
Client X,Org E,Project 111,Collection 4736,84690,Repo 4668,Subversion
Client X,Org E,Project 111,Collection 4737,84691,Repo 4669,Subversion
Client X,Org E,Project 111,Collection 4738,84692,Repo 4670,Subversion
Client X,Org E,Project 111,Collection 4739,84693,Repo 4671,Subversion
Client X,Org E,Project 111,Collection 4740,84694,Repo 4672,Subversion
Client X,Org E,Project 111,Collection 4741,84695,Repo 4673,Subversion
Client X,Org E,Project 111,Collection 4742,84696,Repo 4674,Subversion
Client X,Org E,Project 111,Collection 4743,84697,Repo 4675,Subversion
Client X,Org E,Project 111,Collection 4744,84698,Repo 4676,Subversion
Client X,Org E,Project 111,Collection 4745,84699,Repo 4677,Subversion
Client X,Org E,Project 111,Collection 4746,84700,Repo 4678,Subversion
Client X,Org E,Project 111,Collection 4747,84701,Repo 4679,Subversion
Client X,Org E,Project 111,Collection 4748,84702,Repo 4680,Subversion
Client X,Org E,Project 111,Collection 4749,84703,Repo 4681,Subversion
Client X,Org E,Project 111,Collection 4750,84704,Repo 4682,Subversion
Client X,Org E,Project 111,Collection 4751,84705,Repo 4683,Subversion
Client X,Org E,Project 111,Collection 4752,84706,Repo 4684,Subversion
Client X,Org E,Project 111,Collection 4753,84707,Repo 4685,Subversion
Client X,Org E,Project 111,Collection 4754,84708,Repo 4686,Subversion
Client X,Org E,Project 111,Collection 4755,84709,Repo 4687,Subversion
Client X,Org E,Project 111,Collection 4756,84710,Repo 4688,Subversion
Client X,Org E,Project 111,Collection 4757,84711,Repo 4689,Subversion
Client X,Org E,Project 111,Collection 4758,84712,Repo 4690,Subversion
Client X,Org E,Project 111,Collection 4759,84713,Repo 4691,Subversion
Client X,Org E,Project 111,Collection 4760,84714,Repo 4692,Subversion
Client X,Org E,Project 111,Collection 4761,84715,Repo 4693,Subversion
Client X,Org E,Project 111,Collection 4762,84716,Repo 4694,Subversion
Client X,Org E,Project 111,Collection 4763,84717,Repo 4695,Subversion
Client X,Org E,Project 111,Collection 4764,84718,Repo 4696,Subversion
Client X,Org E,Project 111,Collection 4765,84719,Repo 4697,Subversion
Client X,Org E,Project 111,Collection 4766,84720,Repo 4698,Subversion
Client X,Org E,Project 111,Collection 4767,84721,Repo 4699,Subversion
Client X,Org E,Project 111,Collection 4768,84722,Repo 4700,Subversion
Client X,Org E,Project 111,Collection 4769,84723,Repo 4701,Subversion
Client X,Org E,Project 111,Collection 4770,84724,Repo 4702,Subversion
Client X,Org E,Project 111,Collection 4771,84725,Repo 4703,Subversion
Client X,Org E,Project 111,Collection 4772,84726,Repo 4704,Subversion
Client X,Org E,Project 111,Collection 4773,84727,Repo 4705,Subversion
Client X,Org E,Project 111,Collection 4774,84728,Repo 4706,Subversion
Client X,Org E,Project 111,Collection 4775,84729,Repo 4707,Subversion
Client X,Org E,Project 111,Collection 4776,84730,Repo 4708,Subversion
Client X,Org E,Project 111,Collection 4777,84731,Repo 4709,Subversion
Client X,Org E,Project 111,Collection 4778,84732,Repo 4710,Subversion
Client X,Org E,Project 111,Collection 4779,84733,Repo 4711,Subversion
Client X,Org E,Project 111,Collection 4780,84734,Repo 4712,Subversion
Client X,Org E,Project 111,Collection 4781,84735,Repo 4713,Subversion
Client X,Org E,Project 111,Collection 4782,84736,Repo 4714,Subversion
Client X,Org E,Project 111,Collection 4783,84737,Repo 4715,Subversion
Client X,Org E,Project 111,Collection 4784,84738,Repo 4716,Subversion
Client X,Org E,Project 111,Collection 4785,84739,Repo 4717,Subversion
Client X,Org E,Project 111,Collection 4786,84740,Repo 4718,Subversion
Client X,Org E,Project 111,Collection 4787,84741,Repo 4719,Subversion
Client X,Org E,Project 111,Collection 4788,84742,Repo 4720,Subversion
Client X,Org E,Project 111,Collection 4789,84743,Repo 4721,Subversion
Client X,Org E,Project 111,Collection 4790,84744,Repo 4722,Subversion
Client X,Org E,Project 111,Collection 4791,84745,Repo 4723,Subversion
Client X,Org E,Project 111,Collection 4792,84746,Repo 4724,Subversion
Client X,Org E,Project 111,Collection 4793,84747,Repo 4725,Subversion
Client X,Org E,Project 111,Collection 4794,84748,Repo 4726,Subversion
Client X,Org E,Project 111,Collection 4795,84749,Repo 4727,Subversion
Client X,Org E,Project 111,Collection 4796,84750,Repo 4728,Subversion
Client X,Org E,Project 111,Collection 4797,84751,Repo 4729,Subversion
Client X,Org E,Project 111,Collection 4798,84752,Repo 4730,Subversion
Client X,Org E,Project 111,Collection 4799,84753,Repo 4731,Subversion
Client X,Org E,Project 111,Collection 4800,84754,Repo 4732,Subversion
Client X,Org E,Project 111,Collection 4801,84755,Repo 4733,Subversion
Client X,Org E,Project 111,Collection 4802,84756,Repo 4734,Subversion
Client X,Org E,Project 111,Collection 4803,84757,Repo 4735,Subversion
Client X,Org E,Project 111,Collection 4804,84758,Repo 4736,Subversion
Client X,Org E,Project 111,Collection 4805,84759,Repo 4737,Subversion
Client X,Org E,Project 111,Collection 4806,84760,Repo 4738,Subversion
Client X,Org E,Project 111,Collection 4807,84761,Repo 4739,Subversion
Client X,Org E,Project 111,Collection 4808,84762,Repo 4740,Subversion
Client X,Org E,Project 111,Collection 4809,84763,Repo 4741,Subversion
Client X,Org E,Project 111,Collection 4810,84764,Repo 4742,Subversion
Client X,Org E,Project 111,Collection 4811,84765,Repo 4743,Subversion
Client X,Org E,Project 111,Collection 4812,84766,Repo 4744,Subversion
Client X,Org E,Project 111,Collection 4813,84767,Repo 4745,Subversion
Client X,Org E,Project 111,Collection 4814,84768,Repo 4746,Subversion
Client X,Org E,Project 111,Collection 4815,84769,Repo 4747,Subversion
Client X,Org E,Project 111,Collection 4816,84770,Repo 4748,Subversion
Client X,Org E,Project 111,Collection 1249,84771,Repo 4749,Subversion
Client X,Org E,Project 111,Collection 4817,84772,Repo 4750,Subversion
Client X,Org E,Project 111,Collection 1250,84773,Repo 4751,Subversion
Client X,Org E,Project 111,Collection 1251,84774,Repo 4752,Subversion
Client X,Org E,Project 111,Collection 1252,84775,Repo 4753,Subversion
Client X,Org E,Project 111,Collection 1253,84776,Repo 4754,Subversion
Client X,Org E,Project 111,Collection 1254,84777,Repo 4755,Subversion
Client X,Org E,Project 111,Collection 1255,84778,Repo 4756,Subversion
Client X,Org E,Project 111,Collection 1256,97298,Repo 4757,Subversion
Client X,Org E,Project 111,Collection 1257,97501,Repo 4758,Subversion
Client X,Org E,Project 111,Collection 4818,42688,Repo 2070,Subversion
Client X,Org E,Project 111,Collection 4818,45102,Repo 7306,Jira
Client X,Org E,Project 111,Collection 4819,42689,Repo 2071,Subversion
Client X,Org E,Project 111,Collection 4819,45103,Repo 7307,Jira
Client X,Org E,Project 111,Collection 4820,84779,Repo 4759,Subversion
Client X,Org E,Project 111,Collection 4821,42690,Repo 2072,Subversion
Client X,Org E,Project 111,Collection 4821,45104,Repo 7308,Jira
Client X,Org E,Project 111,Collection 4822,42691,Repo 2073,Subversion
Client X,Org E,Project 111,Collection 4822,45105,Repo 7309,Jira
Client X,Org E,Project 111,Collection 4823,84780,Repo 4760,Subversion
Client X,Org E,Project 111,Collection 4824,42693,Repo 2075,Subversion
Client X,Org E,Project 111,Collection 4824,45107,Repo 7311,Jira
Client X,Org E,Project 111,Collection 4825,42694,Repo 2076,Subversion
Client X,Org E,Project 111,Collection 4825,45108,Repo 7312,Jira
Client X,Org E,Project 111,Collection 4826,42695,Repo 2077,Subversion
Client X,Org E,Project 111,Collection 4826,45109,Repo 7313,Jira
Client X,Org E,Project 111,Collection 4827,84781,Repo 4761,Subversion
Client X,Org E,Project 111,Collection 4828,42696,Repo 2078,Subversion
Client X,Org E,Project 111,Collection 4828,45110,Repo 7314,Jira
Client X,Org E,Project 111,Collection 4829,84782,Repo 4762,Subversion
Client X,Org E,Project 111,Collection 4830,53328,Repo 4763,Subversion
Client X,Org E,Project 111,Collection 4905,42733,Repo 2132,Subversion
Client X,Org E,Project 111,Collection 4905,45147,Repo 7354,Jira
Client X,Org E,Project 111,Collection 1314,42774,Repo 2184,Subversion
Client X,Org E,Project 111,Collection 1314,45188,Repo 7393,Jira
Client X,Org E,Project 111,Collection 1316,42778,Repo 2187,Subversion
Client X,Org E,Project 111,Collection 1316,45192,Repo 7396,Jira
Client X,Org E,Project 111,Collection 5056,54737,Repo 4906,Subversion
Client X,Org E,Project 111,Collection 5070,53420,Repo 2232,Subversion
Client X,Org E,Project 111,Collection 5144,53470,Repo 2283,Subversion
Client X,Org E,Project 111,Collection 5146,53471,Repo 2285,Subversion
Client X,Org E,Project 111,Collection 5147,53472,Repo 2286,Subversion
Client X,Org E,Project 111,Collection 5178,42902,Repo 2309,Subversion
Client X,Org E,Project 111,Collection 5178,45316,Repo 7484,Jira
Client X,Org E,Project 111,Collection 5182,53494,Repo 2315,Subversion
Client X,Org E,Project 111,Collection 5190,42918,Repo 2328,Subversion
Client X,Org E,Project 111,Collection 5190,45332,Repo 7500,Jira
Client X,Org E,Project 111,Collection 5198,53500,Repo 2337,Subversion
Client X,Org E,Project 111,Collection 5206,42933,Repo 2348,Subversion
Client X,Org E,Project 111,Collection 5206,45347,Repo 7517,Jira
Client X,Org E,Project 111,Collection 1425,43277,Repo 5385,Subversion
Client X,Org E,Project 111,Collection 1425,45691,Repo 7549,Jira
Client X,Org E,Project 111,Collection 5268,64298,Repo 5004,Subversion
Client X,Org E,Project 111,Collection 5319,42992,Repo 2425,Subversion
Client X,Org E,Project 111,Collection 5319,45406,Repo 7575,Jira
Client X,Org E,Project 111,Collection 5335,79537,Repo 5050,Subversion
Client X,Org E,Project 111,Collection 5336,53590,Repo 2439,Subversion
Client X,Org E,Project 111,Collection 5345,53592,Repo 5059,Subversion
Client X,Org E,Project 111,Collection 5347,84965,Repo 5061,Subversion
Client X,Org E,Project 111,Collection 5348,84966,Repo 5062,Subversion
Client X,Org E,Project 111,Collection 1461,43020,Repo 2451,Subversion
Client X,Org E,Project 111,Collection 1461,45434,Repo 7593,Jira
Client X,Org E,Project 111,Collection 5389,53612,Repo 2465,Subversion
Client X,Org E,Project 111,Collection 5392,84975,Repo 5087,Subversion
Client X,Org E,Project 111,Collection 5402,43025,Repo 2471,Subversion
Client X,Org E,Project 111,Collection 5402,45439,Repo 7600,Jira
Client X,Org E,Project 111,Collection 5405,64306,Repo 5096,Subversion
Client X,Org E,Project 111,Collection 5414,43028,Repo 2475,Subversion
Client X,Org E,Project 111,Collection 5414,45442,Repo 7603,Jira
Client X,Org E,Project 111,Collection 5415,84981,Repo 5103,Subversion
Client X,Org E,Project 111,Collection 5418,84982,Repo 5106,Subversion
Client X,Org E,Project 111,Collection 5420,84983,Repo 5107,Subversion
Client X,Org E,Project 111,Collection 5421,84985,Repo 5108,Subversion
Client X,Org E,Project 111,Collection 5430,53627,Repo 5582,Subversion
Client X,Org E,Project 111,Collection 5435,53631,Repo 5115,Subversion
Client X,Org E,Project 111,Collection 1482,79543,Repo 5118,Subversion
Client X,Org E,Project 111,Collection 5448,53641,Repo 5583,Subversion
Client X,Org E,Project 111,Collection 1483,43051,Repo 2503,Subversion
Client X,Org E,Project 111,Collection 1483,45465,Repo 7623,Jira
Client X,Org E,Project 111,Collection 5449,43052,Repo 2502,Subversion
Client X,Org E,Project 111,Collection 5449,45466,Repo 7624,Jira
Client X,Org E,Project 111,Collection 5464,85004,Repo 5130,Subversion
Client X,Org E,Project 111,Collection 1514,43416,Repo 5586,Subversion
Client X,Org E,Project 111,Collection 1514,45830,Repo 7654,Jira
Client X,Org E,Project 111,Collection 5488,43083,Repo 2540,Subversion
Client X,Org E,Project 111,Collection 5488,45497,Repo 7656,Jira
Client X,Org E,Project 111,Collection 5510,85013,Repo 5170,Subversion
Client X,Org E,Project 111,Collection 5546,85026,Repo 5197,Subversion
Client X,Org E,Project 111,Collection 5547,43104,Repo 2571,Subversion
Client X,Org E,Project 111,Collection 5547,45518,Repo 7674,Jira
Client X,Org E,Project 111,Collection 1541,85028,Repo 5199,Subversion
Client X,Org E,Project 111,Collection 5628,43139,Repo 2622,Subversion
Client X,Org E,Project 111,Collection 5628,45553,Repo 7710,Jira
Client X,Org E,Project 111,Collection 1568,53739,Repo 2623,Subversion
Client X,Org E,Project 112,Collection 70,41161,Repo 109,Subversion
Client X,Org E,Project 112,Collection 70,43575,Repo 5766,Jira
Client X,Org E,Project 112,Collection 3370,52620,Repo 1224,Subversion
Client X,Org E,Project 112,Collection 4333,42535,Repo 1880,Subversion
Client X,Org E,Project 112,Collection 4333,44949,Repo 7154,Jira
Client X,Org E,Project 113,Collection 1602,41084,Repo 6,Subversion
Client X,Org E,Project 113,Collection 1602,43498,Repo 5685,Jira
Client X,Org E,Project 113,Collection 1604,41085,Repo 7,Subversion
Client X,Org E,Project 113,Collection 1604,43499,Repo 5686,Jira
Client X,Org E,Project 113,Collection 1605,41086,Repo 8,Subversion
Client X,Org E,Project 113,Collection 1605,43500,Repo 5687,Jira
Client X,Org E,Project 113,Collection 1615,43290,Repo 5396,Subversion
Client X,Org E,Project 113,Collection 1615,45704,Repo 5693,Jira
Client X,Org E,Project 113,Collection 1616,43291,Repo 5395,Subversion
Client X,Org E,Project 113,Collection 1616,45705,Repo 5694,Jira
Client X,Org E,Project 113,Collection 1707,41146,Repo 87,Subversion
Client X,Org E,Project 113,Collection 1707,43560,Repo 5751,Jira
Client X,Org E,Project 113,Collection 1708,51877,Repo 88,Subversion
Client X,Org E,Project 113,Collection 105,83635,Repo 2867,Subversion
Client X,Org E,Project 113,Collection 135,52007,Repo 2936,Subversion
Client X,Org E,Project 113,Collection 1993,52014,Repo 2947,Subversion
Client X,Org E,Project 113,Collection 2077,52059,Repo 314,Subversion
Client X,Org E,Project 113,Collection 196,79421,Repo 2998,Subversion
Client X,Org E,Project 113,Collection 2096,41334,Repo 322,Subversion
Client X,Org E,Project 113,Collection 2096,43748,Repo 5934,Jira
Client X,Org E,Project 113,Collection 2105,52069,Repo 3027,Subversion
Client X,Org E,Project 113,Collection 2193,41385,Repo 394,Subversion
Client X,Org E,Project 113,Collection 2193,43799,Repo 5984,Jira
Client X,Org E,Project 113,Collection 2196,41386,Repo 395,Subversion
Client X,Org E,Project 113,Collection 2196,43800,Repo 5985,Jira
Client X,Org E,Project 113,Collection 2199,41388,Repo 397,Subversion
Client X,Org E,Project 113,Collection 2199,43802,Repo 5987,Jira
Client X,Org E,Project 113,Collection 2234,83779,Repo 3097,Subversion
Client X,Org E,Project 113,Collection 2366,52182,Repo 495,Subversion
Client X,Org E,Project 113,Collection 2423,83860,Repo 3245,Subversion
Client X,Org E,Project 113,Collection 2502,52234,Repo 572,Subversion
Client X,Org E,Project 113,Collection 2577,52256,Repo 608,Subversion
Client X,Org E,Project 113,Collection 2606,83961,Repo 3357,Subversion
Client X,Org E,Project 113,Collection 398,63859,Repo 3358,Subversion
Client X,Org E,Project 113,Collection 2770,41691,Repo 764,Subversion
Client X,Org E,Project 113,Collection 2770,44105,Repo 6310,Jira
Client X,Org E,Project 113,Collection 2845,52369,Repo 833,Subversion
Client X,Org E,Project 113,Collection 548,43441,Repo 5622,Subversion
Client X,Org E,Project 113,Collection 548,45855,Repo 6458,Jira
Client X,Org E,Project 113,Collection 2945,63876,Repo 3511,Subversion
Client X,Org E,Project 113,Collection 2946,41835,Repo 926,Subversion
Client X,Org E,Project 113,Collection 2946,44249,Repo 6459,Jira
Client X,Org E,Project 113,Collection 560,84083,Repo 3522,Subversion
Client X,Org E,Project 113,Collection 3156,52500,Repo 1073,Subversion
Client X,Org E,Project 113,Collection 3203,43212,Repo 5328,Subversion
Client X,Org E,Project 113,Collection 3203,45626,Repo 6588,Jira
Client X,Org E,Project 113,Collection 661,41965,Repo 1101,Subversion
Client X,Org E,Project 113,Collection 661,44379,Repo 6589,Jira
Client X,Org E,Project 113,Collection 3242,52545,Repo 1129,Subversion
Client X,Org E,Project 113,Collection 3243,52546,Repo 1130,Subversion
Client X,Org E,Project 113,Collection 711,42007,Repo 1159,Subversion
Client X,Org E,Project 113,Collection 711,44421,Repo 6635,Jira
Client X,Org E,Project 113,Collection 712,79473,Repo 3732,Subversion
Client X,Org E,Project 113,Collection 3356,52613,Repo 1213,Subversion
Client X,Org E,Project 113,Collection 742,43350,Repo 5485,Subversion
Client X,Org E,Project 113,Collection 742,45764,Repo 6675,Jira
Client X,Org E,Project 113,Collection 3382,42062,Repo 1231,Subversion
Client X,Org E,Project 113,Collection 3382,44476,Repo 6682,Jira
Client X,Org E,Project 113,Collection 751,42063,Repo 1232,Subversion
Client X,Org E,Project 113,Collection 751,44477,Repo 6683,Jira
Client X,Org E,Project 113,Collection 3383,84207,Repo 3793,Subversion
Client X,Org E,Project 113,Collection 765,42075,Repo 1248,Subversion
Client X,Org E,Project 113,Collection 765,44489,Repo 6693,Jira
Client X,Org E,Project 113,Collection 3445,42094,Repo 1277,Subversion
Client X,Org E,Project 113,Collection 3445,44508,Repo 6713,Jira
Client X,Org E,Project 113,Collection 3506,42128,Repo 1321,Subversion
Client X,Org E,Project 113,Collection 3506,44542,Repo 6751,Jira
Client X,Org E,Project 113,Collection 3523,52694,Repo 3877,Subversion
Client X,Org E,Project 113,Collection 3524,52695,Repo 3878,Subversion
Client X,Org E,Project 113,Collection 3525,52696,Repo 3879,Subversion
Client X,Org E,Project 113,Collection 3526,52697,Repo 3880,Subversion
Client X,Org E,Project 113,Collection 3581,42158,Repo 1369,Subversion
Client X,Org E,Project 113,Collection 3581,44572,Repo 6780,Jira
Client X,Org E,Project 113,Collection 3615,52754,Repo 1396,Subversion
Client X,Org E,Project 113,Collection 3649,42188,Repo 1422,Subversion
Client X,Org E,Project 113,Collection 3649,44602,Repo 6807,Jira
Client X,Org E,Project 113,Collection 3676,42205,Repo 1444,Subversion
Client X,Org E,Project 113,Collection 3676,44619,Repo 6819,Jira
Client X,Org E,Project 113,Collection 3695,52797,Repo 1459,Subversion
Client X,Org E,Project 113,Collection 3709,52803,Repo 1470,Subversion
Client X,Org E,Project 113,Collection 3720,42241,Repo 1483,Subversion
Client X,Org E,Project 113,Collection 3720,44655,Repo 6853,Jira
Client X,Org E,Project 113,Collection 3721,42242,Repo 1484,Subversion
Client X,Org E,Project 113,Collection 3721,44656,Repo 6854,Jira
Client X,Org E,Project 113,Collection 3914,42335,Repo 1630,Subversion
Client X,Org E,Project 113,Collection 3914,44749,Repo 6959,Jira
Client X,Org E,Project 113,Collection 3993,52961,Repo 1675,Subversion
Client X,Org E,Project 113,Collection 988,82623,Repo 4137,Subversion
Client X,Org E,Project 113,Collection 4040,42390,Repo 1703,Subversion
Client X,Org E,Project 113,Collection 4040,44804,Repo 7011,Jira
Client X,Org E,Project 113,Collection 1019,82631,Repo 4198,Subversion
Client X,Org E,Project 113,Collection 4139,63987,Repo 4235,Subversion
Client X,Org E,Project 113,Collection 4140,42439,Repo 1756,Subversion
Client X,Org E,Project 113,Collection 4140,44853,Repo 7057,Jira
Client X,Org E,Project 113,Collection 1036,43464,Repo 5648,Subversion
Client X,Org E,Project 113,Collection 1036,45878,Repo 7058,Jira
Client X,Org E,Project 113,Collection 4287,42508,Repo 1851,Subversion
Client X,Org E,Project 113,Collection 4287,44922,Repo 7125,Jira
Client X,Org E,Project 113,Collection 1100,84589,Repo 4339,Subversion
Client X,Org E,Project 113,Collection 4298,84590,Repo 4340,Subversion
Client X,Org E,Project 113,Collection 4315,42526,Repo 1867,Subversion
Client X,Org E,Project 113,Collection 4315,44940,Repo 7143,Jira
Client X,Org E,Project 113,Collection 4318,42529,Repo 1870,Subversion
Client X,Org E,Project 113,Collection 4318,44943,Repo 7146,Jira
Client X,Org E,Project 113,Collection 4324,42531,Repo 1873,Subversion
Client X,Org E,Project 113,Collection 4324,44945,Repo 7149,Jira
Client X,Org E,Project 113,Collection 4381,42564,Repo 1907,Subversion
Client X,Org E,Project 113,Collection 4381,44978,Repo 7182,Jira
Client X,Org E,Project 113,Collection 4454,42589,Repo 1956,Subversion
Client X,Org E,Project 113,Collection 4454,45003,Repo 7212,Jira
Client X,Org E,Project 113,Collection 1147,42590,Repo 1957,Subversion
Client X,Org E,Project 113,Collection 1147,45004,Repo 7213,Jira
Client X,Org E,Project 113,Collection 1166,42619,Repo 1989,Subversion
Client X,Org E,Project 113,Collection 1166,45033,Repo 7239,Jira
Client X,Org E,Project 113,Collection 4488,43262,Repo 5373,Subversion
Client X,Org E,Project 113,Collection 4488,45676,Repo 7240,Jira
Client X,Org E,Project 113,Collection 1167,43263,Repo 5374,Subversion
Client X,Org E,Project 113,Collection 1167,45677,Repo 7241,Jira
Client X,Org E,Project 113,Collection 4838,42703,Repo 2084,Subversion
Client X,Org E,Project 113,Collection 4838,45117,Repo 7320,Jira
Client X,Org E,Project 113,Collection 4840,42704,Repo 2086,Subversion
Client X,Org E,Project 113,Collection 4840,45118,Repo 7321,Jira
Client X,Org E,Project 113,Collection 4988,53393,Repo 2174,Subversion
Client X,Org E,Project 113,Collection 4991,42768,Repo 2178,Subversion
Client X,Org E,Project 113,Collection 4991,45182,Repo 7386,Jira
Client X,Org E,Project 113,Collection 5032,84843,Repo 4887,Subversion
Client X,Org E,Project 113,Collection 5062,42810,Repo 2229,Subversion
Client X,Org E,Project 113,Collection 5062,45224,Repo 7430,Jira
Client X,Org E,Project 113,Collection 5112,42858,Repo 2263,Subversion
Client X,Org E,Project 113,Collection 5112,45272,Repo 7452,Jira
Client X,Org E,Project 113,Collection 1370,64289,Repo 4952,Subversion
Client X,Org E,Project 113,Collection 1371,82666,Repo 4953,Subversion
Client X,Org E,Project 113,Collection 1377,84888,Repo 4962,Subversion
Client X,Org E,Project 113,Collection 5232,42953,Repo 2373,Subversion
Client X,Org E,Project 113,Collection 5232,45367,Repo 7537,Jira
Client X,Org E,Project 113,Collection 5233,42954,Repo 2374,Subversion
Client X,Org E,Project 113,Collection 5233,45368,Repo 7538,Jira
Client X,Org E,Project 113,Collection 5287,53565,Repo 5018,Subversion
Client X,Org E,Project 113,Collection 5327,53584,Repo 2431,Subversion
Client X,Org E,Project 113,Collection 1465,53605,Repo 2461,Subversion
Client X,Org E,Project 113,Collection 1466,64106,Repo 5077,Subversion
Client X,Org E,Project 113,Collection 5378,53606,Repo 2462,Subversion
Client X,Org E,Project 113,Collection 1470,84988,Repo 5111,Subversion
Client X,Org E,Project 113,Collection 5578,53716,Repo 5217,Subversion
Client X,Org E,Project 113,Collection 5582,43117,Repo 2592,Subversion
Client X,Org E,Project 113,Collection 5582,45531,Repo 7689,Jira
Client X,Org E,Project 113,Collection 1552,43118,Repo 2593,Subversion
Client X,Org E,Project 113,Collection 1552,45532,Repo 7690,Jira
Client X,Org E,Project 113,Collection 1553,43487,Repo 5678,Subversion
Client X,Org E,Project 113,Collection 1553,45901,Repo 7691,Jira
Client X,Org E,Project 113,Collection 5598,43421,Repo 5591,Subversion
Client X,Org E,Project 113,Collection 5598,45835,Repo 7694,Jira
Client X,Org E,Project 113,Collection 5599,43121,Repo 2599,Subversion
Client X,Org E,Project 113,Collection 5599,45535,Repo 7695,Jira
Client X,Org E,Project 113,Collection 5627,43138,Repo 2621,Subversion
Client X,Org E,Project 113,Collection 5627,45552,Repo 7709,Jira
Client X,Org E,Project 113,Collection 5646,43143,Repo 2633,Subversion
Client X,Org E,Project 113,Collection 5646,45557,Repo 7714,Jira
Client X,Org E,Project 334,Collection 1897,41225,Repo 186,Subversion
Client X,Org E,Project 334,Collection 1897,43639,Repo 5827,Jira
Client X,Org E,Project 334,Collection 1899,41227,Repo 187,Subversion
Client X,Org E,Project 334,Collection 1899,43641,Repo 5828,Jira
Client X,Org E,Project 334,Collection 2133,41352,Repo 351,Subversion
Client X,Org E,Project 334,Collection 2133,43766,Repo 5952,Jira
Client X,Org E,Project 334,Collection 2141,41357,Repo 358,Subversion
Client X,Org E,Project 334,Collection 2141,43771,Repo 5957,Jira
Client X,Org E,Project 334,Collection 2252,41418,Repo 431,Subversion
Client X,Org E,Project 334,Collection 2252,43832,Repo 6021,Jira
Client X,Org E,Project 334,Collection 2261,52141,Repo 3115,Subversion
Client X,Org E,Project 334,Collection 3300,42017,Repo 1173,Subversion
Client X,Org E,Project 334,Collection 3300,44431,Repo 6643,Jira
Client X,Org E,Project 334,Collection 3343,52604,Repo 1207,Subversion
Client X,Org E,Project 334,Collection 3568,42146,Repo 1356,Subversion
Client X,Org E,Project 334,Collection 3568,44560,Repo 6769,Jira
Client X,Org E,Project 334,Collection 3576,42154,Repo 1365,Subversion
Client X,Org E,Project 334,Collection 3576,44568,Repo 6776,Jira
Client X,Org E,Project 334,Collection 3874,52907,Repo 1600,Subversion
Client X,Org E,Project 334,Collection 4857,53335,Repo 2097,Subversion
Client X,Org E,Project 334,Collection 5028,42791,Repo 2204,Subversion
Client X,Org E,Project 334,Collection 5028,45205,Repo 7412,Jira
Client X,Org E,Project 334,Collection 5049,79531,Repo 4901,Subversion
Client X,Org E,Project 334,Collection 5545,53701,Repo 2569,Subversion
Client X,Org E,Project 114,Collection 163,41296,Repo 271,Subversion
Client X,Org E,Project 114,Collection 163,43710,Repo 5892,Jira
Client X,Org E,Project 114,Collection 2582,52260,Repo 3339,Subversion
Client X,Org E,Project 114,Collection 3014,41875,Repo 977,Subversion
Client X,Org E,Project 114,Collection 3014,44289,Repo 6502,Jira
Client X,Org E,Project 114,Collection 3015,41877,Repo 979,Subversion
Client X,Org E,Project 114,Collection 3015,44291,Repo 6504,Jira
Client X,Org E,Project 114,Collection 3344,42039,Repo 1208,Subversion
Client X,Org E,Project 114,Collection 3344,44453,Repo 6667,Jira
Client X,Org E,Project 114,Collection 3567,42145,Repo 1355,Subversion
Client X,Org E,Project 114,Collection 3567,44559,Repo 6768,Jira
Client X,Org E,Project 114,Collection 3670,42203,Repo 1439,Subversion
Client X,Org E,Project 114,Collection 3670,44617,Repo 6817,Jira
Client X,Org E,Project 335,Collection 1898,83643,Repo 2877,Subversion
Client X,Org E,Project 115,Collection 2336,79317,Repo 3163,Subversion
Client X,Org E,Project 115,Collection 2352,97257,Repo 3176,Subversion
Client X,Org E,Project 115,Collection 343,41488,Repo 523,Subversion
Client X,Org E,Project 115,Collection 343,43902,Repo 6095,Jira
Client X,Org E,Project 115,Collection 345,43186,Repo 5305,Subversion
Client X,Org E,Project 115,Collection 345,45600,Repo 6097,Jira
Client X,Org E,Project 115,Collection 574,79328,Repo 3537,Subversion
Client X,Org E,Project 115,Collection 597,41893,Repo 1001,Subversion
Client X,Org E,Project 115,Collection 597,44307,Repo 6522,Jira
Client X,Org E,Project 115,Collection 598,82570,Repo 3570,Subversion
Client X,Org E,Project 115,Collection 4372,79507,Repo 4381,Subversion
Client X,Org E,Project 115,Collection 4457,53160,Repo 4419,Subversion
Client X,Org E,Project 115,Collection 1346,42811,Repo 2231,Subversion
Client X,Org E,Project 115,Collection 1346,45225,Repo 7431,Jira
Client X,Org E,Project 115,Collection 1446,64098,Repo 5035,Subversion
Client X,Org E,Project 115,Collection 1565,79631,Repo 5240,Subversion
Client X,Org E,Project 116,Collection 222,41346,Repo 340,Subversion
Client X,Org E,Project 116,Collection 222,43760,Repo 5946,Jira
Client X,Org E,Project 116,Collection 231,41360,Repo 362,Subversion
Client X,Org E,Project 116,Collection 231,43774,Repo 5960,Jira
Client X,Org E,Project 116,Collection 347,43187,Repo 5306,Subversion
Client X,Org E,Project 116,Collection 347,45601,Repo 6102,Jira
Client X,Org E,Project 116,Collection 2444,43188,Repo 5307,Subversion
Client X,Org E,Project 116,Collection 2444,45602,Repo 6105,Jira
Client X,Org E,Project 116,Collection 2445,41494,Repo 532,Subversion
Client X,Org E,Project 116,Collection 2445,43908,Repo 6106,Jira
Client X,Org E,Project 116,Collection 2446,41495,Repo 533,Subversion
Client X,Org E,Project 116,Collection 2446,43909,Repo 6107,Jira
Client X,Org E,Project 116,Collection 349,41496,Repo 534,Subversion
Client X,Org E,Project 116,Collection 349,43910,Repo 6108,Jira
Client X,Org E,Project 116,Collection 4297,42514,Repo 1857,Subversion
Client X,Org E,Project 116,Collection 4297,44928,Repo 7132,Jira
Client X,Org E,Project 116,Collection 1445,42989,Repo 2421,Subversion
Client X,Org E,Project 116,Collection 1445,45403,Repo 7572,Jira
Client X,Org E,Project 116,Collection 5440,43046,Repo 2493,Subversion
Client X,Org E,Project 116,Collection 5440,45460,Repo 7618,Jira
Client X,Org E,Project 116,Collection 5674,43158,Repo 2650,Subversion
Client X,Org E,Project 116,Collection 5674,45572,Repo 7732,Jira
Client X,Org E,Project 117,Collection 2021,52029,Repo 2963,Subversion
Client X,Org E,Project 117,Collection 2070,41315,Repo 303,Subversion
Client X,Org E,Project 117,Collection 2070,43729,Repo 5915,Jira
Client X,Org E,Project 117,Collection 2071,41316,Repo 304,Subversion
Client X,Org E,Project 117,Collection 2071,43730,Repo 5916,Jira
Client X,Org E,Project 117,Collection 2072,41317,Repo 305,Subversion
Client X,Org E,Project 117,Collection 2072,43731,Repo 5917,Jira
Client X,Org E,Project 117,Collection 189,43426,Repo 5602,Subversion
Client X,Org E,Project 117,Collection 189,45840,Repo 5918,Jira
Client X,Org E,Project 117,Collection 190,41318,Repo 306,Subversion
Client X,Org E,Project 117,Collection 190,43732,Repo 5919,Jira
Client X,Org E,Project 117,Collection 191,41319,Repo 307,Subversion
Client X,Org E,Project 117,Collection 191,43733,Repo 5920,Jira
Client X,Org E,Project 117,Collection 192,41320,Repo 308,Subversion
Client X,Org E,Project 117,Collection 192,43734,Repo 5921,Jira
Client X,Org E,Project 117,Collection 2074,41322,Repo 310,Subversion
Client X,Org E,Project 117,Collection 2074,43736,Repo 5923,Jira
Client X,Org E,Project 117,Collection 2075,41323,Repo 311,Subversion
Client X,Org E,Project 117,Collection 2075,43737,Repo 5924,Jira
Client X,Org E,Project 117,Collection 193,41324,Repo 312,Subversion
Client X,Org E,Project 117,Collection 193,43738,Repo 5925,Jira
Client X,Org E,Project 117,Collection 194,41325,Repo 313,Subversion
Client X,Org E,Project 117,Collection 194,43739,Repo 5926,Jira
Client X,Org E,Project 117,Collection 2113,41340,Repo 333,Subversion
Client X,Org E,Project 117,Collection 2113,43754,Repo 5940,Jira
Client X,Org E,Project 117,Collection 248,63826,Repo 3077,Subversion
Client X,Org E,Project 117,Collection 2222,41397,Repo 410,Subversion
Client X,Org E,Project 117,Collection 2222,43811,Repo 5997,Jira
Client X,Org E,Project 117,Collection 344,41489,Repo 524,Subversion
Client X,Org E,Project 117,Collection 344,43903,Repo 6096,Jira
Client X,Org E,Project 117,Collection 2435,52212,Repo 525,Subversion
Client X,Org E,Project 117,Collection 2437,41491,Repo 528,Subversion
Client X,Org E,Project 117,Collection 2437,43905,Repo 6099,Jira
Client X,Org E,Project 117,Collection 2438,41492,Repo 529,Subversion
Client X,Org E,Project 117,Collection 2438,43906,Repo 6100,Jira
Client X,Org E,Project 117,Collection 2836,41730,Repo 814,Subversion
Client X,Org E,Project 117,Collection 2836,44144,Repo 6348,Jira
Client X,Org E,Project 117,Collection 645,41953,Repo 1079,Subversion
Client X,Org E,Project 117,Collection 645,44367,Repo 6574,Jira
Client X,Org E,Project 117,Collection 3162,41954,Repo 1080,Subversion
Client X,Org E,Project 117,Collection 3162,44368,Repo 6575,Jira
Client X,Org E,Project 117,Collection 3214,97484,Repo 3689,Subversion
Client X,Org E,Project 117,Collection 1098,42511,Repo 1854,Subversion
Client X,Org E,Project 117,Collection 1098,44925,Repo 7129,Jira
Client X,Org E,Project 117,Collection 4387,42566,Repo 1911,Subversion
Client X,Org E,Project 117,Collection 4387,44980,Repo 7185,Jira
Client X,Org E,Project 117,Collection 1285,54731,Repo 4815,Subversion
Client X,Org E,Project 117,Collection 5048,42803,Repo 2218,Subversion
Client X,Org E,Project 117,Collection 5048,45217,Repo 7423,Jira
Client X,Org E,Project 117,Collection 5051,43269,Repo 5379,Subversion
Client X,Org E,Project 117,Collection 5051,45683,Repo 7424,Jira
Client X,Org E,Project 117,Collection 1354,64076,Repo 4922,Subversion
Client X,Org E,Project 118,Collection 160,43300,Repo 5410,Subversion
Client X,Org E,Project 118,Collection 160,45714,Repo 5887,Jira
Client X,Org E,Project 118,Collection 2124,41347,Repo 341,Subversion
Client X,Org E,Project 118,Collection 2124,43761,Repo 5947,Jira
Client X,Org E,Project 118,Collection 2128,41348,Repo 346,Subversion
Client X,Org E,Project 118,Collection 2128,43762,Repo 5949,Jira
Client X,Org E,Project 118,Collection 2152,41365,Repo 368,Subversion
Client X,Org E,Project 118,Collection 2152,43779,Repo 5965,Jira
Client X,Org E,Project 118,Collection 2157,52102,Repo 371,Subversion
Client X,Org E,Project 118,Collection 236,41369,Repo 372,Subversion
Client X,Org E,Project 118,Collection 236,43783,Repo 5969,Jira
Client X,Org E,Project 118,Collection 237,41370,Repo 373,Subversion
Client X,Org E,Project 118,Collection 237,43784,Repo 5970,Jira
Client X,Org E,Project 118,Collection 2158,41371,Repo 374,Subversion
Client X,Org E,Project 118,Collection 2158,43785,Repo 5971,Jira
Client X,Org E,Project 118,Collection 2159,41372,Repo 375,Subversion
Client X,Org E,Project 118,Collection 2159,43786,Repo 5972,Jira
Client X,Org E,Project 118,Collection 2160,52103,Repo 376,Subversion
Client X,Org E,Project 118,Collection 238,41373,Repo 377,Subversion
Client X,Org E,Project 118,Collection 238,43787,Repo 5973,Jira
Client X,Org E,Project 118,Collection 239,41374,Repo 378,Subversion
Client X,Org E,Project 118,Collection 239,43788,Repo 5974,Jira
Client X,Org E,Project 118,Collection 2314,52157,Repo 5431,Subversion
Client X,Org E,Project 118,Collection 588,64192,Repo 3560,Subversion
Client X,Org E,Project 118,Collection 3613,52749,Repo 3924,Subversion
Client X,Org E,Project 118,Collection 1126,64012,Repo 4384,Subversion
Client X,Org E,Project 118,Collection 4427,42577,Repo 1935,Subversion
Client X,Org E,Project 118,Collection 4427,44991,Repo 7199,Jira
Client X,Org E,Project 118,Collection 5010,53396,Repo 2190,Subversion
Client X,Org E,Project 118,Collection 5226,53510,Repo 2369,Subversion
Client X,Org E,Project 119,Collection 1808,51919,Repo 142,Subversion
Client X,Org E,Project 119,Collection 2264,83786,Repo 3119,Subversion
Client X,Org E,Project 119,Collection 2656,52292,Repo 3402,Subversion
Client X,Org E,Project 119,Collection 2683,52308,Repo 685,Subversion
Client X,Org E,Project 119,Collection 5256,42963,Repo 2392,Subversion
Client X,Org E,Project 119,Collection 5256,45377,Repo 7548,Jira
Client X,Org E,Project 119,Collection 1503,43071,Repo 2526,Subversion
Client X,Org E,Project 119,Collection 1503,45485,Repo 7642,Jira
Client X,Org E,Project 119,Collection 5533,43098,Repo 2566,Subversion
Client X,Org E,Project 119,Collection 5533,45512,Repo 7670,Jira
Client X,Org E,Project 120,Collection 1890,64147,Repo 2872,Subversion
Client X,Org E,Project 120,Collection 2073,41321,Repo 309,Subversion
Client X,Org E,Project 120,Collection 2073,43735,Repo 5922,Jira
Client X,Org E,Project 120,Collection 227,52090,Repo 3042,Subversion
Client X,Org E,Project 120,Collection 2194,52124,Repo 3076,Subversion
Client X,Org E,Project 120,Collection 2266,63835,Repo 3121,Subversion
Client X,Org E,Project 120,Collection 2356,83821,Repo 3181,Subversion
Client X,Org E,Project 120,Collection 339,83858,Repo 3241,Subversion
Client X,Org E,Project 120,Collection 2436,52213,Repo 526,Subversion
Client X,Org E,Project 120,Collection 346,41490,Repo 527,Subversion
Client X,Org E,Project 120,Collection 346,43904,Repo 6098,Jira
Client X,Org E,Project 120,Collection 348,43430,Repo 5610,Subversion
Client X,Org E,Project 120,Collection 348,45844,Repo 6104,Jira
Client X,Org E,Project 120,Collection 2443,52214,Repo 531,Subversion
Client X,Org E,Project 120,Collection 2498,52230,Repo 3287,Subversion
Client X,Org E,Project 120,Collection 2614,83965,Repo 3366,Subversion
Client X,Org E,Project 120,Collection 3206,84163,Repo 3680,Subversion
Client X,Org E,Project 120,Collection 3297,64210,Repo 3745,Subversion
Client X,Org E,Project 120,Collection 3744,84383,Repo 3989,Subversion
Client X,Org E,Project 120,Collection 4363,64250,Repo 4378,Subversion
Client X,Org E,Project 120,Collection 4837,64274,Repo 4766,Subversion
Client X,Org E,Project 120,Collection 4953,53380,Repo 2165,Subversion
Client X,Org E,Project 336,Collection 2270,83789,Repo 3123,Subversion
Client X,Org E,Project 336,Collection 2480,79440,Repo 3274,Subversion
Client X,Org E,Project 336,Collection 5532,85022,Repo 5188,Subversion
Client X,Org E,Project 337,Collection 3146,79467,Repo 3634,Subversion
Client X,Org E,Project 338,Collection 2218,79584,Repo 3088,Subversion
Client X,Org E,Project 339,Collection 2397,52194,Repo 504,Subversion
Client X,Org E,Project 340,Collection 2313,52156,Repo 470,Subversion
Client X,Org E,Project 121,Collection 1761,82517,Repo 2785,Subversion
Client X,Org E,Project 121,Collection 161,41293,Repo 267,Subversion
Client X,Org E,Project 121,Collection 161,43707,Repo 5888,Jira
Client X,Org E,Project 121,Collection 179,82525,Repo 2984,Subversion
Client X,Org E,Project 121,Collection 2085,52062,Repo 3005,Subversion
Client X,Org E,Project 121,Collection 2554,52247,Repo 3319,Subversion
Client X,Org E,Project 121,Collection 2555,52248,Repo 3318,Subversion
Client X,Org E,Project 121,Collection 3986,54702,Repo 4125,Subversion
Client X,Org E,Project 122,Collection 1752,41165,Repo 116,Subversion
Client X,Org E,Project 122,Collection 1752,43579,Repo 5768,Jira
Client X,Org E,Project 122,Collection 293,43182,Repo 5301,Subversion
Client X,Org E,Project 122,Collection 293,45596,Repo 6054,Jira
Client X,Org E,Project 123,Collection 164,82522,Repo 2966,Subversion
Client X,Org E,Project 123,Collection 195,52058,Repo 2997,Subversion
Client X,Org E,Project 123,Collection 228,41353,Repo 353,Subversion
Client X,Org E,Project 123,Collection 228,43767,Repo 5953,Jira
Client X,Org E,Project 123,Collection 2136,83751,Repo 3044,Subversion
Client X,Org E,Project 123,Collection 2168,52107,Repo 381,Subversion
Client X,Org E,Project 123,Collection 2173,79583,Repo 3062,Subversion
Client X,Org E,Project 123,Collection 2176,41377,Repo 383,Subversion
Client X,Org E,Project 123,Collection 2176,43791,Repo 5977,Jira
Client X,Org E,Project 123,Collection 2593,52266,Repo 3347,Subversion
Client X,Org E,Project 123,Collection 2964,41851,Repo 941,Subversion
Client X,Org E,Project 123,Collection 2964,44265,Repo 6476,Jira
Client X,Org E,Project 123,Collection 3215,63900,Repo 3690,Subversion
Client X,Org E,Project 123,Collection 3388,42065,Repo 1234,Subversion
Client X,Org E,Project 123,Collection 3388,44479,Repo 6685,Jira
Client X,Org E,Project 123,Collection 3756,63953,Repo 3996,Subversion
Client X,Org E,Project 123,Collection 1392,43405,Repo 5570,Subversion
Client X,Org E,Project 123,Collection 1392,45819,Repo 7481,Jira
Client X,Org E,Project 123,Collection 5417,53624,Repo 5105,Subversion
Client X,Org E,Project 124,Collection 1653,83546,Repo 2716,Subversion
Client X,Org E,Project 124,Collection 1679,51861,Repo 75,Subversion
Client X,Org E,Project 124,Collection 1810,41191,Repo 143,Subversion
Client X,Org E,Project 124,Collection 1810,43605,Repo 5796,Jira
Client X,Org E,Project 124,Collection 1811,51921,Repo 2821,Subversion
Client X,Org E,Project 124,Collection 2044,43303,Repo 5415,Subversion
Client X,Org E,Project 124,Collection 2044,45717,Repo 5903,Jira
Client X,Org E,Project 124,Collection 2045,52042,Repo 2983,Subversion
Client X,Org E,Project 124,Collection 199,41327,Repo 317,Subversion
Client X,Org E,Project 124,Collection 199,43741,Repo 5929,Jira
Client X,Org E,Project 124,Collection 251,43307,Repo 5424,Subversion
Client X,Org E,Project 124,Collection 251,45721,Repo 5989,Jira
Client X,Org E,Project 124,Collection 327,43428,Repo 5607,Subversion
Client X,Org E,Project 124,Collection 327,45842,Repo 6081,Jira
Client X,Org E,Project 124,Collection 2394,52192,Repo 502,Subversion
Client X,Org E,Project 124,Collection 328,79434,Repo 3223,Subversion
Client X,Org E,Project 124,Collection 2395,41474,Repo 503,Subversion
Client X,Org E,Project 124,Collection 2395,43888,Repo 6082,Jira
Client X,Org E,Project 124,Collection 2442,43429,Repo 5609,Subversion
Client X,Org E,Project 124,Collection 2442,45843,Repo 6103,Jira
Client X,Org E,Project 124,Collection 374,83892,Repo 3301,Subversion
Client X,Org E,Project 124,Collection 2543,83900,Repo 3309,Subversion
Client X,Org E,Project 124,Collection 2544,41542,Repo 597,Subversion
Client X,Org E,Project 124,Collection 2544,43956,Repo 6155,Jira
Client X,Org E,Project 124,Collection 2545,83901,Repo 3310,Subversion
Client X,Org E,Project 124,Collection 2546,83902,Repo 3311,Subversion
Client X,Org E,Project 124,Collection 2547,83903,Repo 3312,Subversion
Client X,Org E,Project 124,Collection 2548,83904,Repo 3313,Subversion
Client X,Org E,Project 124,Collection 2549,41543,Repo 598,Subversion
Client X,Org E,Project 124,Collection 2549,43957,Repo 6156,Jira
Client X,Org E,Project 124,Collection 2550,83905,Repo 3314,Subversion
Client X,Org E,Project 124,Collection 389,43192,Repo 5311,Subversion
Client X,Org E,Project 124,Collection 389,45606,Repo 6170,Jira
Client X,Org E,Project 124,Collection 2589,53769,Repo 3344,Subversion
Client X,Org E,Project 124,Collection 450,41618,Repo 683,Subversion
Client X,Org E,Project 124,Collection 450,44032,Repo 6228,Jira
Client X,Org E,Project 124,Collection 2689,52310,Repo 690,Subversion
Client X,Org E,Project 124,Collection 456,84045,Repo 3424,Subversion
Client X,Org E,Project 124,Collection 460,52312,Repo 3427,Subversion
Client X,Org E,Project 124,Collection 3016,41878,Repo 980,Subversion
Client X,Org E,Project 124,Collection 3016,44292,Repo 6505,Jira
Client X,Org E,Project 124,Collection 3024,52433,Repo 983,Subversion
Client X,Org E,Project 124,Collection 3577,82606,Repo 3908,Subversion
Client X,Org E,Project 124,Collection 4101,79360,Repo 4200,Subversion
Client X,Org E,Project 124,Collection 1101,42515,Repo 1858,Subversion
Client X,Org E,Project 124,Collection 1101,44929,Repo 7133,Jira
Client X,Org E,Project 124,Collection 4299,42516,Repo 1859,Subversion
Client X,Org E,Project 124,Collection 4299,44930,Repo 7134,Jira
Client X,Org E,Project 124,Collection 4369,53111,Repo 4379,Subversion
Client X,Org E,Project 124,Collection 4509,53189,Repo 5543,Subversion
Client X,Org E,Project 124,Collection 1186,42636,Repo 2003,Subversion
Client X,Org E,Project 124,Collection 1186,45050,Repo 7253,Jira
Client X,Org E,Project 124,Collection 1189,82647,Repo 4474,Subversion
Client X,Org E,Project 124,Collection 1200,42656,Repo 2025,Subversion
Client X,Org E,Project 124,Collection 1200,45070,Repo 7271,Jira
Client X,Org E,Project 124,Collection 4853,53781,Repo 4774,Subversion
Client X,Org E,Project 124,Collection 4945,53374,Repo 4811,Subversion
Client X,Org E,Project 124,Collection 4947,79527,Repo 4812,Subversion
Client X,Org E,Project 124,Collection 1283,53376,Repo 4813,Subversion
Client X,Org E,Project 124,Collection 4948,53377,Repo 4814,Subversion
Client X,Org E,Project 124,Collection 1286,53383,Repo 4817,Subversion
Client X,Org E,Project 124,Collection 1287,43267,Repo 5377,Subversion
Client X,Org E,Project 124,Collection 1287,45681,Repo 7376,Jira
Client X,Org E,Project 124,Collection 4961,82661,Repo 4820,Subversion
Client X,Org E,Project 124,Collection 1288,79379,Repo 4823,Subversion
Client X,Org E,Project 124,Collection 1432,64296,Repo 5001,Subversion
Client X,Org E,Project 124,Collection 5437,43043,Repo 2489,Subversion
Client X,Org E,Project 124,Collection 5437,45457,Repo 7615,Jira
Client X,Org E,Project 124,Collection 5612,53733,Repo 2612,Subversion
Client X,Org E,Project 124,Collection 5615,85050,Repo 5241,Subversion
Client X,Org E,Project 124,Collection 5616,85051,Repo 5242,Subversion
Client X,Org E,Project 124,Collection 5618,85052,Repo 5243,Subversion
Client X,Org E,Project 125,Collection 2022,43301,Repo 5411,Subversion
Client X,Org E,Project 125,Collection 2022,45715,Repo 5890,Jira
Client X,Org E,Project 125,Collection 166,43302,Repo 5413,Subversion
Client X,Org E,Project 125,Collection 166,45716,Repo 5894,Jira
Client X,Org E,Project 125,Collection 2430,52209,Repo 519,Subversion
Client X,Org E,Project 125,Collection 3202,41964,Repo 1100,Subversion
Client X,Org E,Project 125,Collection 3202,44378,Repo 6587,Jira
Client X,Org E,Project 125,Collection 868,43230,Repo 5345,Subversion
Client X,Org E,Project 125,Collection 868,45644,Repo 6836,Jira
Client X,Org E,Project 125,Collection 3702,63947,Repo 3974,Subversion
Client X,Org E,Project 125,Collection 3703,52799,Repo 1464,Subversion
Client X,Org E,Project 125,Collection 869,42225,Repo 3975,Subversion
Client X,Org E,Project 125,Collection 869,44639,Repo 6837,Jira
Client X,Org E,Project 125,Collection 870,43355,Repo 5498,Subversion
Client X,Org E,Project 125,Collection 870,45769,Repo 6839,Jira
Client X,Org E,Project 125,Collection 877,52811,Repo 3981,Subversion
Client X,Org E,Project 125,Collection 5229,43276,Repo 5384,Subversion
Client X,Org E,Project 125,Collection 5229,45690,Repo 7536,Jira
Client X,Org E,Project 125,Collection 1427,42965,Repo 2395,Subversion
Client X,Org E,Project 125,Collection 1427,45379,Repo 7551,Jira
Client X,Org E,Project 126,Collection 668,52527,Repo 1108,Subversion
Client X,Org E,Project 126,Collection 3240,63906,Repo 3706,Subversion
Client X,Org E,Project 126,Collection 726,42022,Repo 1184,Subversion
Client X,Org E,Project 126,Collection 726,44436,Repo 6650,Jira
Client X,Org E,Project 126,Collection 3316,52587,Repo 1185,Subversion
Client X,Org E,Project 126,Collection 729,42023,Repo 1188,Subversion
Client X,Org E,Project 126,Collection 729,44437,Repo 6651,Jira
Client X,Org E,Project 126,Collection 730,42024,Repo 1189,Subversion
Client X,Org E,Project 126,Collection 730,44438,Repo 6652,Jira
Client X,Org E,Project 126,Collection 3320,42025,Repo 1190,Subversion
Client X,Org E,Project 126,Collection 3320,44439,Repo 6653,Jira
Client X,Org E,Project 126,Collection 3321,52590,Repo 1191,Subversion
Client X,Org E,Project 126,Collection 731,43219,Repo 5335,Subversion
Client X,Org E,Project 126,Collection 731,45633,Repo 6654,Jira
Client X,Org E,Project 126,Collection 732,42026,Repo 1192,Subversion
Client X,Org E,Project 126,Collection 732,44440,Repo 6655,Jira
Client X,Org E,Project 126,Collection 734,42029,Repo 1195,Subversion
Client X,Org E,Project 126,Collection 734,44443,Repo 6658,Jira
Client X,Org E,Project 126,Collection 854,42202,Repo 1438,Subversion
Client X,Org E,Project 126,Collection 854,44616,Repo 6816,Jira
Client X,Org E,Project 341,Collection 3367,52618,Repo 1222,Subversion
Client X,Org E,Project 341,Collection 5353,64102,Repo 5066,Subversion
Client X,Org E,Project 341,Collection 5364,64103,Repo 5072,Subversion
Client X,Org E,Project 127,Collection 1809,51920,Repo 2820,Subversion
Client X,Org E,Project 127,Collection 1815,41194,Repo 146,Subversion
Client X,Org E,Project 127,Collection 1815,43608,Repo 5799,Jira
Client X,Org E,Project 127,Collection 1816,41196,Repo 147,Subversion
Client X,Org E,Project 127,Collection 1816,43610,Repo 5801,Jira
Client X,Org E,Project 127,Collection 120,83680,Repo 2913,Subversion
Client X,Org E,Project 127,Collection 2027,82523,Repo 2965,Subversion
Client X,Org E,Project 127,Collection 2054,83722,Repo 2988,Subversion
Client X,Org E,Project 127,Collection 2084,83728,Repo 3004,Subversion
Client X,Org E,Project 127,Collection 2120,41342,Repo 335,Subversion
Client X,Org E,Project 127,Collection 2120,43756,Repo 5941,Jira
Client X,Org E,Project 127,Collection 2172,52110,Repo 3061,Subversion
Client X,Org E,Project 127,Collection 2174,43306,Repo 5421,Subversion
Client X,Org E,Project 127,Collection 2174,45720,Repo 5976,Jira
Client X,Org E,Project 127,Collection 2175,52112,Repo 3063,Subversion
Client X,Org E,Project 127,Collection 2177,52113,Repo 5422,Subversion
Client X,Org E,Project 127,Collection 2388,41470,Repo 499,Subversion
Client X,Org E,Project 127,Collection 2388,43884,Repo 6078,Jira
Client X,Org E,Project 127,Collection 330,82550,Repo 3226,Subversion
Client X,Org E,Project 127,Collection 2439,83867,Repo 3253,Subversion
Client X,Org E,Project 127,Collection 2441,41493,Repo 530,Subversion
Client X,Org E,Project 127,Collection 2441,43907,Repo 6101,Jira
Client X,Org E,Project 127,Collection 2571,63857,Repo 3330,Subversion
Client X,Org E,Project 127,Collection 2572,43320,Repo 5443,Subversion
Client X,Org E,Project 127,Collection 2572,45734,Repo 6160,Jira
Client X,Org E,Project 127,Collection 2690,41625,Repo 691,Subversion
Client X,Org E,Project 127,Collection 2690,44039,Repo 6233,Jira
Client X,Org E,Project 127,Collection 2773,52333,Repo 3453,Subversion
Client X,Org E,Project 127,Collection 2774,52334,Repo 3454,Subversion
Client X,Org E,Project 127,Collection 2775,52335,Repo 3455,Subversion
Client X,Org E,Project 127,Collection 2837,52366,Repo 3478,Subversion
Client X,Org E,Project 127,Collection 3319,52589,Repo 1187,Subversion
Client X,Org E,Project 127,Collection 733,42028,Repo 1194,Subversion
Client X,Org E,Project 127,Collection 733,44442,Repo 6657,Jira
Client X,Org E,Project 127,Collection 3327,52592,Repo 3763,Subversion
Client X,Org E,Project 127,Collection 3387,42064,Repo 1233,Subversion
Client X,Org E,Project 127,Collection 3387,44478,Repo 6684,Jira
Client X,Org E,Project 127,Collection 3470,63927,Repo 3850,Subversion
Client X,Org E,Project 127,Collection 3701,52798,Repo 3973,Subversion
Client X,Org E,Project 127,Collection 3704,42226,Repo 1465,Subversion
Client X,Org E,Project 127,Collection 3704,44640,Repo 6838,Jira
Client X,Org E,Project 127,Collection 3705,42227,Repo 1466,Subversion
Client X,Org E,Project 127,Collection 3705,44641,Repo 6840,Jira
Client X,Org E,Project 127,Collection 3773,42266,Repo 1523,Subversion
Client X,Org E,Project 127,Collection 3773,44680,Repo 6880,Jira
Client X,Org E,Project 127,Collection 4030,82625,Repo 4150,Subversion
Client X,Org E,Project 127,Collection 4250,42481,Repo 1824,Subversion
Client X,Org E,Project 127,Collection 4250,44895,Repo 7102,Jira
Client X,Org E,Project 127,Collection 4414,84652,Repo 4405,Subversion
Client X,Org E,Project 127,Collection 4451,53156,Repo 1954,Subversion
Client X,Org E,Project 127,Collection 4453,53158,Repo 1955,Subversion
Client X,Org E,Project 127,Collection 4854,43385,Repo 5548,Subversion
Client X,Org E,Project 127,Collection 4854,45799,Repo 7327,Jira
Client X,Org E,Project 127,Collection 4935,64054,Repo 4808,Subversion
Client X,Org E,Project 127,Collection 5003,42776,Repo 2186,Subversion
Client X,Org E,Project 127,Collection 5003,45190,Repo 7394,Jira
Client X,Org E,Project 127,Collection 5004,42777,Repo 2185,Subversion
Client X,Org E,Project 127,Collection 5004,45191,Repo 7395,Jira
Client X,Org E,Project 127,Collection 5029,84839,Repo 4885,Subversion
Client X,Org E,Project 127,Collection 5031,53403,Repo 4886,Subversion
Client X,Org E,Project 127,Collection 5069,53419,Repo 4913,Subversion
Client X,Org E,Project 127,Collection 1347,79386,Repo 4914,Subversion
Client X,Org E,Project 127,Collection 5135,53466,Repo 2278,Subversion
Client X,Org E,Project 127,Collection 5170,43404,Repo 5569,Subversion
Client X,Org E,Project 127,Collection 5170,45818,Repo 7480,Jira
Client X,Org E,Project 127,Collection 1428,42966,Repo 2396,Subversion
Client X,Org E,Project 127,Collection 1428,45380,Repo 7552,Jira
Client X,Org E,Project 127,Collection 5259,53530,Repo 4996,Subversion
Client X,Org E,Project 127,Collection 5265,64090,Repo 5000,Subversion
Client X,Org E,Project 127,Collection 5408,43026,Repo 2472,Subversion
Client X,Org E,Project 127,Collection 5408,45440,Repo 7601,Jira
Client X,Org E,Project 342,Collection 3628,97487,Repo 3934,Subversion
Client X,Org E,Project 128,Collection 1629,64126,Repo 2701,Subversion
Client X,Org E,Project 128,Collection 1630,51840,Repo 28,Subversion
Client X,Org E,Project 128,Collection 1631,51841,Repo 29,Subversion
Client X,Org E,Project 128,Collection 30,41110,Repo 33,Subversion
Client X,Org E,Project 128,Collection 30,43524,Repo 5715,Jira
Client X,Org E,Project 128,Collection 1634,51844,Repo 2707,Subversion
Client X,Org E,Project 128,Collection 44,41129,Repo 60,Subversion
Client X,Org E,Project 128,Collection 44,43543,Repo 5735,Jira
Client X,Org E,Project 128,Collection 226,41350,Repo 347,Subversion
Client X,Org E,Project 128,Collection 226,43764,Repo 5950,Jira
Client X,Org E,Project 128,Collection 2153,41366,Repo 369,Subversion
Client X,Org E,Project 128,Collection 2153,43780,Repo 5966,Jira
Client X,Org E,Project 128,Collection 235,41367,Repo 3052,Subversion
Client X,Org E,Project 128,Collection 235,43781,Repo 5967,Jira
Client X,Org E,Project 128,Collection 554,52393,Repo 3516,Subversion
Client X,Org E,Project 128,Collection 559,84082,Repo 3520,Subversion
Client X,Org E,Project 128,Collection 599,41894,Repo 1003,Subversion
Client X,Org E,Project 128,Collection 599,44308,Repo 6523,Jira
Client X,Org E,Project 128,Collection 614,79332,Repo 3602,Subversion
Client X,Org E,Project 128,Collection 705,43216,Repo 5332,Subversion
Client X,Org E,Project 128,Collection 705,45630,Repo 6631,Jira
Client X,Org E,Project 128,Collection 3287,42012,Repo 1164,Subversion
Client X,Org E,Project 128,Collection 3287,44426,Repo 6640,Jira
Client X,Org E,Project 128,Collection 759,52633,Repo 3819,Subversion
Client X,Org E,Project 128,Collection 3417,52636,Repo 3824,Subversion
Client X,Org E,Project 128,Collection 3715,42233,Repo 1475,Subversion
Client X,Org E,Project 128,Collection 3715,44647,Repo 6846,Jira
Client X,Org E,Project 128,Collection 901,42265,Repo 1522,Subversion
Client X,Org E,Project 128,Collection 901,44679,Repo 6879,Jira
Client X,Org E,Project 128,Collection 914,52877,Repo 4022,Subversion
Client X,Org E,Project 128,Collection 959,43243,Repo 5355,Subversion
Client X,Org E,Project 128,Collection 959,45657,Repo 6953,Jira
Client X,Org E,Project 128,Collection 1018,84500,Repo 4195,Subversion
Client X,Org E,Project 128,Collection 4127,53010,Repo 4222,Subversion
Client X,Org E,Project 128,Collection 1029,53011,Repo 4224,Subversion
Client X,Org E,Project 128,Collection 1374,64290,Repo 4957,Subversion
Client X,Org E,Project 128,Collection 1375,82667,Repo 4959,Subversion
Client X,Org E,Project 128,Collection 1376,64292,Repo 4960,Subversion
Client X,Org E,Project 128,Collection 1389,42893,Repo 2300,Subversion
Client X,Org E,Project 128,Collection 1389,45307,Repo 7477,Jira
Client X,Org E,Project 128,Collection 5343,43013,Repo 2442,Subversion
Client X,Org E,Project 128,Collection 5343,45427,Repo 7586,Jira
Client X,Org E,Project 129,Collection 22,43164,Repo 5283,Subversion
Client X,Org E,Project 129,Collection 22,45578,Repo 5709,Jira
Client X,Org E,Project 129,Collection 23,43165,Repo 5284,Subversion
Client X,Org E,Project 129,Collection 23,45579,Repo 5710,Jira
Client X,Org E,Project 129,Collection 28,41108,Repo 31,Subversion
Client X,Org E,Project 129,Collection 28,43522,Repo 5712,Jira
Client X,Org E,Project 129,Collection 1633,41109,Repo 32,Subversion
Client X,Org E,Project 129,Collection 1633,43523,Repo 5713,Jira
Client X,Org E,Project 129,Collection 29,43292,Repo 5397,Subversion
Client X,Org E,Project 129,Collection 29,45706,Repo 5714,Jira
Client X,Org E,Project 129,Collection 31,41111,Repo 2706,Subversion
Client X,Org E,Project 129,Collection 31,43525,Repo 5716,Jira
Client X,Org E,Project 129,Collection 1636,51846,Repo 35,Subversion
Client X,Org E,Project 129,Collection 2015,52024,Repo 262,Subversion
Client X,Org E,Project 129,Collection 2303,41445,Repo 461,Subversion
Client X,Org E,Project 129,Collection 2303,43859,Repo 6049,Jira
Client X,Org E,Project 129,Collection 2367,53767,Repo 3191,Subversion
Client X,Org E,Project 129,Collection 2375,52187,Repo 5434,Subversion
Client X,Org E,Project 129,Collection 423,43435,Repo 5616,Subversion
Client X,Org E,Project 129,Collection 423,45849,Repo 6186,Jira
Client X,Org E,Project 129,Collection 424,43193,Repo 5312,Subversion
Client X,Org E,Project 129,Collection 424,45607,Repo 6187,Jira
Client X,Org E,Project 129,Collection 458,41628,Repo 694,Subversion
Client X,Org E,Project 129,Collection 458,44042,Repo 6237,Jira
Client X,Org E,Project 129,Collection 3092,41920,Repo 1032,Subversion
Client X,Org E,Project 129,Collection 3092,44334,Repo 6543,Jira
Client X,Org E,Project 129,Collection 3136,41944,Repo 1065,Subversion
Client X,Org E,Project 129,Collection 3136,44358,Repo 6565,Jira
Client X,Org E,Project 129,Collection 3230,52536,Repo 3699,Subversion
Client X,Org E,Project 129,Collection 3317,52588,Repo 1186,Subversion
Client X,Org E,Project 129,Collection 3328,79340,Repo 3764,Subversion
Client X,Org E,Project 129,Collection 3590,52736,Repo 1376,Subversion
Client X,Org E,Project 129,Collection 3683,52791,Repo 1450,Subversion
Client X,Org E,Project 129,Collection 935,79491,Repo 4045,Subversion
Client X,Org E,Project 129,Collection 4300,84591,Repo 4341,Subversion
Client X,Org E,Project 129,Collection 4524,42639,Repo 2005,Subversion
Client X,Org E,Project 129,Collection 4524,45053,Repo 7255,Jira
Client X,Org E,Project 129,Collection 1312,42770,Repo 2180,Subversion
Client X,Org E,Project 129,Collection 1312,45184,Repo 7388,Jira
Client X,Org E,Project 129,Collection 4993,42771,Repo 2181,Subversion
Client X,Org E,Project 129,Collection 4993,45185,Repo 7389,Jira
Client X,Org E,Project 129,Collection 4994,42772,Repo 2182,Subversion
Client X,Org E,Project 129,Collection 4994,45186,Repo 7390,Jira
Client X,Org E,Project 129,Collection 5041,79384,Repo 4894,Subversion
Client X,Org E,Project 129,Collection 5061,53415,Repo 2226,Subversion
Client X,Org E,Project 129,Collection 1349,84861,Repo 4916,Subversion
Client X,Org E,Project 129,Collection 1372,43398,Repo 5563,Subversion
Client X,Org E,Project 129,Collection 1372,45812,Repo 7466,Jira
Client X,Org E,Project 129,Collection 1373,42885,Repo 2289,Subversion
Client X,Org E,Project 129,Collection 1373,45299,Repo 7467,Jira
Client X,Org E,Project 129,Collection 5151,64291,Repo 4958,Subversion
Client X,Org E,Project 129,Collection 5173,53491,Repo 2307,Subversion
Client X,Org E,Project 129,Collection 1400,84903,Repo 4981,Subversion
Client X,Org E,Project 129,Collection 5237,42957,Repo 2377,Subversion
Client X,Org E,Project 129,Collection 5237,45371,Repo 7541,Jira
Client X,Org E,Project 129,Collection 1473,43038,Repo 2483,Subversion
Client X,Org E,Project 129,Collection 1473,45452,Repo 7611,Jira
Client X,Org E,Project 129,Collection 5461,53650,Repo 2516,Subversion
Client X,Org E,Project 129,Collection 5462,54754,Repo 5129,Subversion
Client X,Org E,Project 129,Collection 1567,82695,Repo 5246,Subversion
Client X,Org E,Project 129,Collection 1580,43286,Repo 5391,Subversion
Client X,Org E,Project 129,Collection 1580,45700,Repo 7722,Jira
Client X,Org E,Project 130,Collection 53,41142,Repo 73,Subversion
Client X,Org E,Project 130,Collection 53,43556,Repo 5747,Jira
Client X,Org E,Project 130,Collection 1762,79565,Repo 2786,Subversion
Client X,Org E,Project 130,Collection 1788,41180,Repo 2805,Subversion
Client X,Org E,Project 130,Collection 1788,43594,Repo 5784,Jira
Client X,Org E,Project 130,Collection 1791,54654,Repo 2807,Subversion
Client X,Org E,Project 130,Collection 1793,41184,Repo 2808,Subversion
Client X,Org E,Project 130,Collection 1793,43598,Repo 5788,Jira
Client X,Org E,Project 130,Collection 1796,41189,Repo 2810,Subversion
Client X,Org E,Project 130,Collection 1796,43603,Repo 5794,Jira
Client X,Org E,Project 130,Collection 95,41195,Repo 2824,Subversion
Client X,Org E,Project 130,Collection 95,43609,Repo 5800,Jira
Client X,Org E,Project 130,Collection 1886,41217,Repo 180,Subversion
Client X,Org E,Project 130,Collection 1886,43631,Repo 5821,Jira
Client X,Org E,Project 130,Collection 1902,41229,Repo 2880,Subversion
Client X,Org E,Project 130,Collection 1902,43643,Repo 5830,Jira
Client X,Org E,Project 130,Collection 118,41251,Repo 2912,Subversion
Client X,Org E,Project 130,Collection 118,43665,Repo 5848,Jira
Client X,Org E,Project 130,Collection 1980,41265,Repo 235,Subversion
Client X,Org E,Project 130,Collection 1980,43679,Repo 5860,Jira
Client X,Org E,Project 130,Collection 2003,52017,Repo 251,Subversion
Client X,Org E,Project 130,Collection 2004,52018,Repo 252,Subversion
Client X,Org E,Project 130,Collection 2008,41282,Repo 255,Subversion
Client X,Org E,Project 130,Collection 2008,43696,Repo 5877,Jira
Client X,Org E,Project 130,Collection 153,41285,Repo 258,Subversion
Client X,Org E,Project 130,Collection 153,43699,Repo 5879,Jira
Client X,Org E,Project 130,Collection 2407,52198,Repo 510,Subversion
Client X,Org E,Project 130,Collection 2467,41506,Repo 546,Subversion
Client X,Org E,Project 130,Collection 2467,43920,Repo 6119,Jira
Client X,Org E,Project 130,Collection 2468,41507,Repo 547,Subversion
Client X,Org E,Project 130,Collection 2468,43921,Repo 6120,Jira
Client X,Org E,Project 130,Collection 358,41508,Repo 548,Subversion
Client X,Org E,Project 130,Collection 358,43922,Repo 6121,Jira
Client X,Org E,Project 130,Collection 2469,52221,Repo 549,Subversion
Client X,Org E,Project 130,Collection 2470,79437,Repo 3270,Subversion
Client X,Org E,Project 130,Collection 2471,79438,Repo 3271,Subversion
Client X,Org E,Project 130,Collection 359,43431,Repo 5611,Subversion
Client X,Org E,Project 130,Collection 359,45845,Repo 6122,Jira
Client X,Org E,Project 130,Collection 360,41509,Repo 550,Subversion
Client X,Org E,Project 130,Collection 360,43923,Repo 6123,Jira
Client X,Org E,Project 130,Collection 2473,41510,Repo 552,Subversion
Client X,Org E,Project 130,Collection 2473,43924,Repo 6124,Jira
Client X,Org E,Project 130,Collection 361,41511,Repo 553,Subversion
Client X,Org E,Project 130,Collection 361,43925,Repo 6125,Jira
Client X,Org E,Project 130,Collection 2474,79439,Repo 3272,Subversion
Client X,Org E,Project 130,Collection 2693,41627,Repo 693,Subversion
Client X,Org E,Project 130,Collection 2693,44041,Repo 6235,Jira
Client X,Org E,Project 130,Collection 2723,41648,Repo 718,Subversion
Client X,Org E,Project 130,Collection 2723,44062,Repo 6257,Jira
Client X,Org E,Project 130,Collection 2725,41649,Repo 719,Subversion
Client X,Org E,Project 130,Collection 2725,44063,Repo 6258,Jira
Client X,Org E,Project 130,Collection 2726,43195,Repo 5313,Subversion
Client X,Org E,Project 130,Collection 2726,45609,Repo 6259,Jira
Client X,Org E,Project 130,Collection 464,41650,Repo 720,Subversion
Client X,Org E,Project 130,Collection 464,44064,Repo 6260,Jira
Client X,Org E,Project 130,Collection 465,43327,Repo 5452,Subversion
Client X,Org E,Project 130,Collection 465,45741,Repo 6261,Jira
Client X,Org E,Project 130,Collection 2727,41651,Repo 721,Subversion
Client X,Org E,Project 130,Collection 2727,44065,Repo 6262,Jira
Client X,Org E,Project 130,Collection 2728,41652,Repo 722,Subversion
Client X,Org E,Project 130,Collection 2728,44066,Repo 6263,Jira
Client X,Org E,Project 130,Collection 2729,41653,Repo 723,Subversion
Client X,Org E,Project 130,Collection 2729,44067,Repo 6264,Jira
Client X,Org E,Project 130,Collection 2730,41654,Repo 724,Subversion
Client X,Org E,Project 130,Collection 2730,44068,Repo 6265,Jira
Client X,Org E,Project 130,Collection 466,41655,Repo 725,Subversion
Client X,Org E,Project 130,Collection 466,44069,Repo 6266,Jira
Client X,Org E,Project 130,Collection 2732,41656,Repo 726,Subversion
Client X,Org E,Project 130,Collection 2732,44070,Repo 6267,Jira
Client X,Org E,Project 130,Collection 2733,41657,Repo 727,Subversion
Client X,Org E,Project 130,Collection 2733,44071,Repo 6268,Jira
Client X,Org E,Project 130,Collection 467,43196,Repo 5314,Subversion
Client X,Org E,Project 130,Collection 467,45610,Repo 6269,Jira
Client X,Org E,Project 130,Collection 2734,63867,Repo 3439,Subversion
Client X,Org E,Project 130,Collection 468,43328,Repo 5453,Subversion
Client X,Org E,Project 130,Collection 468,45742,Repo 6270,Jira
Client X,Org E,Project 130,Collection 2735,52322,Repo 3440,Subversion
Client X,Org E,Project 130,Collection 2736,41659,Repo 729,Subversion
Client X,Org E,Project 130,Collection 2736,44073,Repo 6272,Jira
Client X,Org E,Project 130,Collection 2737,43437,Repo 5618,Subversion
Client X,Org E,Project 130,Collection 2737,45851,Repo 6273,Jira
Client X,Org E,Project 130,Collection 2738,41660,Repo 730,Subversion
Client X,Org E,Project 130,Collection 2738,44074,Repo 6274,Jira
Client X,Org E,Project 130,Collection 2739,41661,Repo 731,Subversion
Client X,Org E,Project 130,Collection 2739,44075,Repo 6275,Jira
Client X,Org E,Project 130,Collection 470,52323,Repo 3441,Subversion
Client X,Org E,Project 130,Collection 2740,41662,Repo 732,Subversion
Client X,Org E,Project 130,Collection 2740,44076,Repo 6276,Jira
Client X,Org E,Project 130,Collection 2741,41663,Repo 733,Subversion
Client X,Org E,Project 130,Collection 2741,44077,Repo 6277,Jira
Client X,Org E,Project 130,Collection 2742,52324,Repo 734,Subversion
Client X,Org E,Project 130,Collection 471,43329,Repo 5454,Subversion
Client X,Org E,Project 130,Collection 471,45743,Repo 6278,Jira
Client X,Org E,Project 130,Collection 472,41664,Repo 735,Subversion
Client X,Org E,Project 130,Collection 472,44078,Repo 6279,Jira
Client X,Org E,Project 130,Collection 2743,41665,Repo 736,Subversion
Client X,Org E,Project 130,Collection 2743,44079,Repo 6280,Jira
Client X,Org E,Project 130,Collection 473,41666,Repo 737,Subversion
Client X,Org E,Project 130,Collection 473,44080,Repo 6281,Jira
Client X,Org E,Project 130,Collection 2744,41667,Repo 738,Subversion
Client X,Org E,Project 130,Collection 2744,44081,Repo 6282,Jira
Client X,Org E,Project 130,Collection 2745,41668,Repo 739,Subversion
Client X,Org E,Project 130,Collection 2745,44082,Repo 6283,Jira
Client X,Org E,Project 130,Collection 2746,43197,Repo 5315,Subversion
Client X,Org E,Project 130,Collection 2746,45611,Repo 6284,Jira
Client X,Org E,Project 130,Collection 2747,41669,Repo 740,Subversion
Client X,Org E,Project 130,Collection 2747,44083,Repo 6285,Jira
Client X,Org E,Project 130,Collection 474,41670,Repo 741,Subversion
Client X,Org E,Project 130,Collection 474,44084,Repo 6286,Jira
Client X,Org E,Project 130,Collection 2748,41671,Repo 742,Subversion
Client X,Org E,Project 130,Collection 2748,44085,Repo 6287,Jira
Client X,Org E,Project 130,Collection 2750,41672,Repo 743,Subversion
Client X,Org E,Project 130,Collection 2750,44086,Repo 6288,Jira
Client X,Org E,Project 130,Collection 475,43438,Repo 5619,Subversion
Client X,Org E,Project 130,Collection 475,45852,Repo 6289,Jira
Client X,Org E,Project 130,Collection 2751,79452,Repo 3443,Subversion
Client X,Org E,Project 130,Collection 2752,52326,Repo 744,Subversion
Client X,Org E,Project 130,Collection 2753,52327,Repo 5455,Subversion
Client X,Org E,Project 130,Collection 2754,41673,Repo 745,Subversion
Client X,Org E,Project 130,Collection 2754,44087,Repo 6290,Jira
Client X,Org E,Project 130,Collection 476,43198,Repo 5316,Subversion
Client X,Org E,Project 130,Collection 476,45612,Repo 6292,Jira
Client X,Org E,Project 130,Collection 477,41674,Repo 746,Subversion
Client X,Org E,Project 130,Collection 477,44088,Repo 6293,Jira
Client X,Org E,Project 130,Collection 478,41675,Repo 5457,Subversion
Client X,Org E,Project 130,Collection 478,44089,Repo 6294,Jira
Client X,Org E,Project 130,Collection 2756,41676,Repo 747,Subversion
Client X,Org E,Project 130,Collection 2756,44090,Repo 6295,Jira
Client X,Org E,Project 130,Collection 479,41677,Repo 749,Subversion
Client X,Org E,Project 130,Collection 479,44091,Repo 6296,Jira
Client X,Org E,Project 130,Collection 480,41678,Repo 750,Subversion
Client X,Org E,Project 130,Collection 480,44092,Repo 6297,Jira
Client X,Org E,Project 130,Collection 481,41679,Repo 751,Subversion
Client X,Org E,Project 130,Collection 481,44093,Repo 6298,Jira
Client X,Org E,Project 130,Collection 2759,41681,Repo 753,Subversion
Client X,Org E,Project 130,Collection 2759,44095,Repo 6300,Jira
Client X,Org E,Project 130,Collection 2760,41682,Repo 754,Subversion
Client X,Org E,Project 130,Collection 2760,44096,Repo 6301,Jira
Client X,Org E,Project 130,Collection 482,43199,Repo 5317,Subversion
Client X,Org E,Project 130,Collection 482,45613,Repo 6302,Jira
Client X,Org E,Project 130,Collection 483,41683,Repo 755,Subversion
Client X,Org E,Project 130,Collection 483,44097,Repo 6303,Jira
Client X,Org E,Project 130,Collection 2771,41692,Repo 765,Subversion
Client X,Org E,Project 130,Collection 2771,44106,Repo 6311,Jira
Client X,Org E,Project 130,Collection 2772,41693,Repo 766,Subversion
Client X,Org E,Project 130,Collection 2772,44107,Repo 6312,Jira
Client X,Org E,Project 130,Collection 538,63869,Repo 3492,Subversion
Client X,Org E,Project 130,Collection 550,41839,Repo 930,Subversion
Client X,Org E,Project 130,Collection 550,44253,Repo 6463,Jira
Client X,Org E,Project 130,Collection 551,41840,Repo 3512,Subversion
Client X,Org E,Project 130,Collection 551,44254,Repo 6464,Jira
Client X,Org E,Project 130,Collection 2950,41841,Repo 3513,Subversion
Client X,Org E,Project 130,Collection 2950,44255,Repo 6465,Jira
Client X,Org E,Project 130,Collection 2951,52391,Repo 932,Subversion
Client X,Org E,Project 130,Collection 552,41842,Repo 933,Subversion
Client X,Org E,Project 130,Collection 552,44256,Repo 6466,Jira
Client X,Org E,Project 130,Collection 2955,41844,Repo 935,Subversion
Client X,Org E,Project 130,Collection 2955,44258,Repo 6468,Jira
Client X,Org E,Project 130,Collection 555,41845,Repo 5463,Subversion
Client X,Org E,Project 130,Collection 555,44259,Repo 6469,Jira
Client X,Org E,Project 130,Collection 2989,52416,Repo 960,Subversion
Client X,Org E,Project 130,Collection 3012,43206,Repo 5323,Subversion
Client X,Org E,Project 130,Collection 3012,45620,Repo 6501,Jira
Client X,Org E,Project 130,Collection 593,41891,Repo 998,Subversion
Client X,Org E,Project 130,Collection 593,44305,Repo 6519,Jira
Client X,Org E,Project 130,Collection 3043,52440,Repo 999,Subversion
Client X,Org E,Project 130,Collection 3053,52447,Repo 3579,Subversion
Client X,Org E,Project 130,Collection 3093,41921,Repo 1033,Subversion
Client X,Org E,Project 130,Collection 3093,44335,Repo 6544,Jira
Client X,Org E,Project 130,Collection 621,41931,Repo 1045,Subversion
Client X,Org E,Project 130,Collection 621,44345,Repo 6552,Jira
Client X,Org E,Project 130,Collection 3113,41933,Repo 1048,Subversion
Client X,Org E,Project 130,Collection 3113,44347,Repo 6553,Jira
Client X,Org E,Project 130,Collection 713,42011,Repo 3736,Subversion
Client X,Org E,Project 130,Collection 713,44425,Repo 6639,Jira
Client X,Org E,Project 130,Collection 3307,42018,Repo 1178,Subversion
Client X,Org E,Project 130,Collection 3307,44432,Repo 6645,Jira
Client X,Org E,Project 130,Collection 3491,42118,Repo 1311,Subversion
Client X,Org E,Project 130,Collection 3491,44532,Repo 6740,Jira
Client X,Org E,Project 130,Collection 3500,52680,Repo 3866,Subversion
Client X,Org E,Project 130,Collection 3569,42147,Repo 1357,Subversion
Client X,Org E,Project 130,Collection 3569,44561,Repo 6770,Jira
Client X,Org E,Project 130,Collection 3593,42165,Repo 1380,Subversion
Client X,Org E,Project 130,Collection 3593,44579,Repo 6785,Jira
Client X,Org E,Project 130,Collection 3663,52779,Repo 1435,Subversion
Client X,Org E,Project 130,Collection 3664,52780,Repo 1436,Subversion
Client X,Org E,Project 130,Collection 3723,52826,Repo 1486,Subversion
Client X,Org E,Project 130,Collection 3759,52837,Repo 1515,Subversion
Client X,Org E,Project 130,Collection 3760,42262,Repo 1516,Subversion
Client X,Org E,Project 130,Collection 3760,44676,Repo 6874,Jira
Client X,Org E,Project 130,Collection 906,97283,Repo 4011,Subversion
Client X,Org E,Project 130,Collection 3872,52905,Repo 1598,Subversion
Client X,Org E,Project 130,Collection 3937,42348,Repo 1645,Subversion
Client X,Org E,Project 130,Collection 3937,44762,Repo 6972,Jira
Client X,Org E,Project 130,Collection 4149,42443,Repo 1764,Subversion
Client X,Org E,Project 130,Collection 4149,44857,Repo 7063,Jira
Client X,Org E,Project 130,Collection 4150,53023,Repo 1765,Subversion
Client X,Org E,Project 130,Collection 1040,42444,Repo 1766,Subversion
Client X,Org E,Project 130,Collection 1040,44858,Repo 7064,Jira
Client X,Org E,Project 130,Collection 4152,42446,Repo 1768,Subversion
Client X,Org E,Project 130,Collection 4152,44860,Repo 7066,Jira
Client X,Org E,Project 130,Collection 4258,42484,Repo 1830,Subversion
Client X,Org E,Project 130,Collection 4258,44898,Repo 7104,Jira
Client X,Org E,Project 130,Collection 1116,43257,Repo 5368,Subversion
Client X,Org E,Project 130,Collection 1116,45671,Repo 7171,Jira
Client X,Org E,Project 130,Collection 1128,43259,Repo 5370,Subversion
Client X,Org E,Project 130,Collection 1128,45673,Repo 7184,Jira
Client X,Org E,Project 130,Collection 1141,43378,Repo 5536,Subversion
Client X,Org E,Project 130,Collection 1141,45792,Repo 7198,Jira
Client X,Org E,Project 130,Collection 4429,42578,Repo 1936,Subversion
Client X,Org E,Project 130,Collection 4429,44992,Repo 7200,Jira
Client X,Org E,Project 130,Collection 4430,42579,Repo 1937,Subversion
Client X,Org E,Project 130,Collection 4430,44993,Repo 7201,Jira
Client X,Org E,Project 130,Collection 1142,64253,Repo 4412,Subversion
Client X,Org E,Project 130,Collection 4431,42580,Repo 1938,Subversion
Client X,Org E,Project 130,Collection 4431,44994,Repo 7202,Jira
Client X,Org E,Project 130,Collection 4439,42582,Repo 1944,Subversion
Client X,Org E,Project 130,Collection 4439,44996,Repo 7205,Jira
Client X,Org E,Project 130,Collection 1143,42584,Repo 1946,Subversion
Client X,Org E,Project 130,Collection 1143,44998,Repo 7207,Jira
Client X,Org E,Project 130,Collection 1144,42585,Repo 1947,Subversion
Client X,Org E,Project 130,Collection 1144,44999,Repo 7208,Jira
Client X,Org E,Project 130,Collection 4446,42587,Repo 1951,Subversion
Client X,Org E,Project 130,Collection 4446,45001,Repo 7210,Jira
Client X,Org E,Project 130,Collection 1146,42588,Repo 1952,Subversion
Client X,Org E,Project 130,Collection 1146,45002,Repo 7211,Jira
Client X,Org E,Project 130,Collection 4474,64018,Repo 4426,Subversion
Client X,Org E,Project 130,Collection 4520,53196,Repo 2000,Subversion
Client X,Org E,Project 130,Collection 4858,42713,Repo 2098,Subversion
Client X,Org E,Project 130,Collection 4858,45127,Repo 7331,Jira
Client X,Org E,Project 130,Collection 1272,43386,Repo 5549,Subversion
Client X,Org E,Project 130,Collection 1272,45800,Repo 7341,Jira
Client X,Org E,Project 130,Collection 4892,43388,Repo 5551,Subversion
Client X,Org E,Project 130,Collection 4892,45802,Repo 7345,Jira
Client X,Org E,Project 130,Collection 4893,42727,Repo 2120,Subversion
Client X,Org E,Project 130,Collection 4893,45141,Repo 7346,Jira
Client X,Org E,Project 130,Collection 4901,53352,Repo 2127,Subversion
Client X,Org E,Project 130,Collection 5036,53406,Repo 2209,Subversion
Client X,Org E,Project 130,Collection 5098,42829,Repo 2253,Subversion
Client X,Org E,Project 130,Collection 5098,45243,Repo 7446,Jira
Client X,Org E,Project 130,Collection 5355,43015,Repo 2445,Subversion
Client X,Org E,Project 130,Collection 5355,45429,Repo 7588,Jira
Client X,Org E,Project 130,Collection 5366,43021,Repo 2453,Subversion
Client X,Org E,Project 130,Collection 5366,45435,Repo 7594,Jira
Client X,Org E,Project 130,Collection 5403,53619,Repo 5581,Subversion
Client X,Org E,Project 130,Collection 5426,43031,Repo 2477,Subversion
Client X,Org E,Project 130,Collection 5426,45445,Repo 7605,Jira
Client X,Org E,Project 130,Collection 1496,43064,Repo 5584,Subversion
Client X,Org E,Project 130,Collection 1496,45478,Repo 7635,Jira
Client X,Org E,Project 130,Collection 1498,43284,Repo 5389,Subversion
Client X,Org E,Project 130,Collection 1498,45698,Repo 7639,Jira
Client X,Org E,Project 130,Collection 1561,43128,Repo 2607,Subversion
Client X,Org E,Project 130,Collection 1561,45542,Repo 7702,Jira
Client X,Org E,Project 130,Collection 5614,53734,Repo 2614,Subversion
Client X,Org E,Project 131,Collection 1596,41082,Repo 5,Subversion
Client X,Org E,Project 131,Collection 1596,43496,Repo 5684,Jira
Client X,Org E,Project 131,Collection 1617,41093,Repo 13,Subversion
Client X,Org E,Project 131,Collection 1617,43507,Repo 5695,Jira
Client X,Org E,Project 131,Collection 16,41094,Repo 14,Subversion
Client X,Org E,Project 131,Collection 16,43508,Repo 5696,Jira
Client X,Org E,Project 131,Collection 1706,51876,Repo 2750,Subversion
Client X,Org E,Project 131,Collection 1933,51971,Repo 206,Subversion
Client X,Org E,Project 131,Collection 132,53762,Repo 2927,Subversion
Client X,Org E,Project 131,Collection 1979,41264,Repo 234,Subversion
Client X,Org E,Project 131,Collection 1979,43678,Repo 5859,Jira
Client X,Org E,Project 131,Collection 2041,41303,Repo 280,Subversion
Client X,Org E,Project 131,Collection 2041,43717,Repo 5901,Jira
Client X,Org E,Project 131,Collection 2129,41351,Repo 348,Subversion
Client X,Org E,Project 131,Collection 2129,43765,Repo 5951,Jira
Client X,Org E,Project 131,Collection 2130,52088,Repo 349,Subversion
Client X,Org E,Project 131,Collection 2145,41358,Repo 361,Subversion
Client X,Org E,Project 131,Collection 2145,43772,Repo 5958,Jira
Client X,Org E,Project 131,Collection 243,54663,Repo 3066,Subversion
Client X,Org E,Project 131,Collection 246,63825,Repo 3073,Subversion
Client X,Org E,Project 131,Collection 254,52135,Repo 3087,Subversion
Client X,Org E,Project 131,Collection 2253,41419,Repo 432,Subversion
Client X,Org E,Project 131,Collection 2253,43833,Repo 6022,Jira
Client X,Org E,Project 131,Collection 274,41423,Repo 436,Subversion
Client X,Org E,Project 131,Collection 274,43837,Repo 6026,Jira
Client X,Org E,Project 131,Collection 2258,41425,Repo 439,Subversion
Client X,Org E,Project 131,Collection 2258,43839,Repo 6028,Jira
Client X,Org E,Project 131,Collection 2348,52174,Repo 3174,Subversion
Client X,Org E,Project 131,Collection 319,43314,Repo 5435,Subversion
Client X,Org E,Project 131,Collection 319,45728,Repo 6076,Jira
Client X,Org E,Project 131,Collection 2531,41538,Repo 593,Subversion
Client X,Org E,Project 131,Collection 2531,43952,Repo 6152,Jira
Client X,Org E,Project 131,Collection 2659,41606,Repo 667,Subversion
Client X,Org E,Project 131,Collection 2659,44020,Repo 6216,Jira
Client X,Org E,Project 131,Collection 2776,79453,Repo 3456,Subversion
Client X,Org E,Project 131,Collection 493,79594,Repo 3457,Subversion
Client X,Org E,Project 131,Collection 2777,82563,Repo 3458,Subversion
Client X,Org E,Project 131,Collection 2778,79322,Repo 3459,Subversion
Client X,Org E,Project 131,Collection 2779,64181,Repo 3460,Subversion
Client X,Org E,Project 131,Collection 2952,41843,Repo 934,Subversion
Client X,Org E,Project 131,Collection 2952,44257,Repo 6467,Jira
Client X,Org E,Project 131,Collection 2983,52414,Repo 957,Subversion
Client X,Org E,Project 131,Collection 630,43341,Repo 5472,Subversion
Client X,Org E,Project 131,Collection 630,45755,Repo 6564,Jira
Client X,Org E,Project 131,Collection 3134,52493,Repo 1064,Subversion
Client X,Org E,Project 131,Collection 631,54680,Repo 3624,Subversion
Client X,Org E,Project 131,Collection 3137,41945,Repo 1066,Subversion
Client X,Org E,Project 131,Collection 3137,44359,Repo 6566,Jira
Client X,Org E,Project 131,Collection 633,63888,Repo 3626,Subversion
Client X,Org E,Project 131,Collection 3147,41946,Repo 1069,Subversion
Client X,Org E,Project 131,Collection 3147,44360,Repo 6567,Jira
Client X,Org E,Project 131,Collection 3224,52531,Repo 1115,Subversion
Client X,Org E,Project 131,Collection 671,41972,Repo 1114,Subversion
Client X,Org E,Project 131,Collection 671,44386,Repo 6596,Jira
Client X,Org E,Project 131,Collection 3225,43344,Repo 5476,Subversion
Client X,Org E,Project 131,Collection 3225,45758,Repo 6597,Jira
Client X,Org E,Project 131,Collection 715,63910,Repo 3739,Subversion
Client X,Org E,Project 131,Collection 3333,42033,Repo 1199,Subversion
Client X,Org E,Project 131,Collection 3333,44447,Repo 6661,Jira
Client X,Org E,Project 131,Collection 3386,52626,Repo 3796,Subversion
Client X,Org E,Project 131,Collection 865,43457,Repo 5637,Subversion
Client X,Org E,Project 131,Collection 865,45871,Repo 6831,Jira
Client X,Org E,Project 131,Collection 909,43238,Repo 5350,Subversion
Client X,Org E,Project 131,Collection 909,45652,Repo 6901,Jira
Client X,Org E,Project 131,Collection 3800,52861,Repo 1543,Subversion
Client X,Org E,Project 131,Collection 3838,82616,Repo 4027,Subversion
Client X,Org E,Project 131,Collection 927,43462,Repo 5643,Subversion
Client X,Org E,Project 131,Collection 927,45876,Repo 6927,Jira
Client X,Org E,Project 131,Collection 3846,52891,Repo 1585,Subversion
Client X,Org E,Project 131,Collection 3847,42306,Repo 1586,Subversion
Client X,Org E,Project 131,Collection 3847,44720,Repo 6928,Jira
Client X,Org E,Project 131,Collection 3867,63963,Repo 4043,Subversion
Client X,Org E,Project 131,Collection 3868,63964,Repo 4044,Subversion
Client X,Org E,Project 131,Collection 966,42344,Repo 1638,Subversion
Client X,Org E,Project 131,Collection 966,44758,Repo 6968,Jira
Client X,Org E,Project 131,Collection 4108,53000,Repo 1742,Subversion
Client X,Org E,Project 131,Collection 4109,53001,Repo 1744,Subversion
Client X,Org E,Project 131,Collection 4144,53018,Repo 1761,Subversion
Client X,Org E,Project 131,Collection 1084,42492,Repo 1838,Subversion
Client X,Org E,Project 131,Collection 1084,44906,Repo 7111,Jira
Client X,Org E,Project 131,Collection 1085,42493,Repo 1839,Subversion
Client X,Org E,Project 131,Collection 1085,44907,Repo 7112,Jira
Client X,Org E,Project 131,Collection 1086,43467,Repo 5651,Subversion
Client X,Org E,Project 131,Collection 1086,45881,Repo 7113,Jira
Client X,Org E,Project 131,Collection 1088,42496,Repo 1840,Subversion
Client X,Org E,Project 131,Collection 1088,44910,Repo 7114,Jira
Client X,Org E,Project 131,Collection 1089,42497,Repo 1841,Subversion
Client X,Org E,Project 131,Collection 1089,44911,Repo 7115,Jira
Client X,Org E,Project 131,Collection 1092,42498,Repo 1842,Subversion
Client X,Org E,Project 131,Collection 1092,44912,Repo 7116,Jira
Client X,Org E,Project 131,Collection 4278,42503,Repo 1846,Subversion
Client X,Org E,Project 131,Collection 4278,44917,Repo 7120,Jira
Client X,Org E,Project 131,Collection 1096,43255,Repo 5366,Subversion
Client X,Org E,Project 131,Collection 1096,45669,Repo 7122,Jira
Client X,Org E,Project 131,Collection 4286,42507,Repo 1850,Subversion
Client X,Org E,Project 131,Collection 4286,44921,Repo 7124,Jira
Client X,Org E,Project 131,Collection 1123,42560,Repo 1902,Subversion
Client X,Org E,Project 131,Collection 1123,44974,Repo 7178,Jira
Client X,Org E,Project 131,Collection 4925,53363,Repo 2147,Subversion
Client X,Org E,Project 131,Collection 1333,43478,Repo 5670,Subversion
Client X,Org E,Project 131,Collection 1333,45892,Repo 7416,Jira
Client X,Org E,Project 131,Collection 1350,64075,Repo 4918,Subversion
Client X,Org E,Project 131,Collection 1458,82680,Repo 5057,Subversion
Client X,Org E,Project 131,Collection 1472,43282,Repo 5387,Subversion
Client X,Org E,Project 131,Collection 1472,45696,Repo 7609,Jira
Client X,Org E,Project 131,Collection 1475,43040,Repo 2486,Subversion
Client X,Org E,Project 131,Collection 1475,45454,Repo 7613,Jira
Client X,Org E,Project 131,Collection 5444,53639,Repo 2498,Subversion
Client X,Org E,Project 131,Collection 5527,53692,Repo 5185,Subversion
Client X,Org E,Project 131,Collection 5576,53713,Repo 2589,Subversion
Client X,Org E,Project 132,Collection 1,41079,Repo 1,Subversion
Client X,Org E,Project 132,Collection 1,43493,Repo 5680,Jira
Client X,Org E,Project 132,Collection 35,43166,Repo 5285,Subversion
Client X,Org E,Project 132,Collection 35,45580,Repo 5723,Jira
Client X,Org E,Project 132,Collection 36,51852,Repo 46,Subversion
Client X,Org E,Project 132,Collection 37,41118,Repo 47,Subversion
Client X,Org E,Project 132,Collection 37,43532,Repo 5724,Jira
Client X,Org E,Project 132,Collection 1654,41119,Repo 48,Subversion
Client X,Org E,Project 132,Collection 1654,43533,Repo 5725,Jira
Client X,Org E,Project 132,Collection 1655,41120,Repo 49,Subversion
Client X,Org E,Project 132,Collection 1655,43534,Repo 5726,Jira
Client X,Org E,Project 132,Collection 38,41121,Repo 50,Subversion
Client X,Org E,Project 132,Collection 38,43535,Repo 5727,Jira
Client X,Org E,Project 132,Collection 39,41122,Repo 51,Subversion
Client X,Org E,Project 132,Collection 39,43536,Repo 5728,Jira
Client X,Org E,Project 132,Collection 40,41123,Repo 52,Subversion
Client X,Org E,Project 132,Collection 40,43537,Repo 5729,Jira
Client X,Org E,Project 132,Collection 41,41124,Repo 53,Subversion
Client X,Org E,Project 132,Collection 41,43538,Repo 5730,Jira
Client X,Org E,Project 132,Collection 1656,41125,Repo 54,Subversion
Client X,Org E,Project 132,Collection 1656,43539,Repo 5731,Jira
Client X,Org E,Project 132,Collection 42,41126,Repo 56,Subversion
Client X,Org E,Project 132,Collection 42,43540,Repo 5732,Jira
Client X,Org E,Project 132,Collection 131,52002,Repo 2926,Subversion
Client X,Org E,Project 132,Collection 2169,52108,Repo 3058,Subversion
Client X,Org E,Project 132,Collection 2171,52109,Repo 3060,Subversion
Client X,Org E,Project 132,Collection 2762,52329,Repo 3444,Subversion
Client X,Org E,Project 132,Collection 2764,52330,Repo 3446,Subversion
Client X,Org E,Project 132,Collection 2815,41717,Repo 796,Subversion
Client X,Org E,Project 132,Collection 2815,44131,Repo 6333,Jira
Client X,Org E,Project 132,Collection 567,41859,Repo 950,Subversion
Client X,Org E,Project 132,Collection 567,44273,Repo 6484,Jira
Client X,Org E,Project 132,Collection 3108,52479,Repo 3608,Subversion
Client X,Org E,Project 132,Collection 3235,52541,Repo 3704,Subversion
Client X,Org E,Project 132,Collection 3301,52580,Repo 1174,Subversion
Client X,Org E,Project 132,Collection 722,43217,Repo 5333,Subversion
Client X,Org E,Project 132,Collection 722,45631,Repo 6644,Jira
Client X,Org E,Project 132,Collection 3302,52581,Repo 1175,Subversion
Client X,Org E,Project 132,Collection 3303,52582,Repo 1176,Subversion
Client X,Org E,Project 132,Collection 3304,84185,Repo 3749,Subversion
Client X,Org E,Project 132,Collection 3305,52583,Repo 1177,Subversion
Client X,Org E,Project 132,Collection 3336,42036,Repo 1203,Subversion
Client X,Org E,Project 132,Collection 3336,44450,Repo 6664,Jira
Client X,Org E,Project 132,Collection 3486,42112,Repo 1305,Subversion
Client X,Org E,Project 132,Collection 3486,44526,Repo 6735,Jira
Client X,Org E,Project 132,Collection 3487,52673,Repo 1306,Subversion
Client X,Org E,Project 132,Collection 796,42113,Repo 1307,Subversion
Client X,Org E,Project 132,Collection 796,44527,Repo 6736,Jira
Client X,Org E,Project 132,Collection 3488,42114,Repo 1308,Subversion
Client X,Org E,Project 132,Collection 3488,44528,Repo 6737,Jira
Client X,Org E,Project 132,Collection 3489,42115,Repo 1309,Subversion
Client X,Org E,Project 132,Collection 3489,44529,Repo 6738,Jira
Client X,Org E,Project 132,Collection 3490,42116,Repo 1310,Subversion
Client X,Org E,Project 132,Collection 3490,44530,Repo 6739,Jira
Client X,Org E,Project 132,Collection 3533,52702,Repo 3886,Subversion
Client X,Org E,Project 132,Collection 3542,52710,Repo 1340,Subversion
Client X,Org E,Project 132,Collection 3752,79488,Repo 3994,Subversion
Client X,Org E,Project 132,Collection 3803,42283,Repo 1546,Subversion
Client X,Org E,Project 132,Collection 3803,44697,Repo 6902,Jira
Client X,Org E,Project 132,Collection 3850,42308,Repo 1589,Subversion
Client X,Org E,Project 132,Collection 3850,44722,Repo 6930,Jira
Client X,Org E,Project 132,Collection 4133,53012,Repo 1751,Subversion
Client X,Org E,Project 132,Collection 4134,42436,Repo 1752,Subversion
Client X,Org E,Project 132,Collection 4134,44850,Repo 7054,Jira
Client X,Org E,Project 132,Collection 4482,42611,Repo 1983,Subversion
Client X,Org E,Project 132,Collection 4482,45025,Repo 7233,Jira
Client X,Org E,Project 132,Collection 4980,42763,Repo 2172,Subversion
Client X,Org E,Project 132,Collection 4980,45177,Repo 7380,Jira
Client X,Org E,Project 132,Collection 5168,42898,Repo 2301,Subversion
Client X,Org E,Project 132,Collection 5168,45312,Repo 7478,Jira
Client X,Org E,Project 132,Collection 1418,42951,Repo 2366,Subversion
Client X,Org E,Project 132,Collection 1418,45365,Repo 7534,Jira
Client X,Org E,Project 132,Collection 1476,43042,Repo 2488,Subversion
Client X,Org E,Project 132,Collection 1476,45456,Repo 7614,Jira
Client X,Org E,Project 132,Collection 1513,43081,Repo 2538,Subversion
Client X,Org E,Project 132,Collection 1513,45495,Repo 7653,Jira
Client X,Org E,Project 132,Collection 1578,43147,Repo 2638,Subversion
Client X,Org E,Project 132,Collection 1578,45561,Repo 7719,Jira
Client X,Org E,Project 132,Collection 5654,43148,Repo 2639,Subversion
Client X,Org E,Project 132,Collection 5654,45562,Repo 7720,Jira
Client X,Org E,Project 132,Collection 5655,53749,Repo 2640,Subversion
Client X,Org E,Project 132,Collection 5660,43151,Repo 2643,Subversion
Client X,Org E,Project 132,Collection 5660,45565,Repo 7725,Jira
Client X,Org E,Project 133,Collection 1957,41250,Repo 219,Subversion
Client X,Org E,Project 133,Collection 1957,43664,Repo 5847,Jira
Client X,Org E,Project 133,Collection 2472,52222,Repo 551,Subversion
Client X,Org E,Project 133,Collection 2561,41545,Repo 600,Subversion
Client X,Org E,Project 133,Collection 2561,43959,Repo 6157,Jira
Client X,Org E,Project 133,Collection 452,79593,Repo 3419,Subversion
Client X,Org E,Project 133,Collection 453,43325,Repo 5450,Subversion
Client X,Org E,Project 133,Collection 453,45739,Repo 6231,Jira
Client X,Org E,Project 133,Collection 455,82562,Repo 3422,Subversion
Client X,Org E,Project 133,Collection 2686,41624,Repo 688,Subversion
Client X,Org E,Project 133,Collection 2686,44038,Repo 6232,Jira
Client X,Org E,Project 133,Collection 674,43345,Repo 5477,Subversion
Client X,Org E,Project 133,Collection 674,45759,Repo 6599,Jira
Client X,Org E,Project 133,Collection 3341,42038,Repo 1206,Subversion
Client X,Org E,Project 133,Collection 3341,44452,Repo 6665,Jira
Client X,Org E,Project 133,Collection 737,43349,Repo 5484,Subversion
Client X,Org E,Project 133,Collection 737,45763,Repo 6666,Jira
Client X,Org E,Project 133,Collection 758,43221,Repo 5337,Subversion
Client X,Org E,Project 133,Collection 758,45635,Repo 6689,Jira
Client X,Org E,Project 133,Collection 3677,52789,Repo 1445,Subversion
Client X,Org E,Project 133,Collection 857,43353,Repo 5497,Subversion
Client X,Org E,Project 133,Collection 857,45767,Repo 6823,Jira
Client X,Org E,Project 133,Collection 3758,42260,Repo 1513,Subversion
Client X,Org E,Project 133,Collection 3758,44674,Repo 6872,Jira
Client X,Org E,Project 133,Collection 3910,42330,Repo 1625,Subversion
Client X,Org E,Project 133,Collection 3910,44744,Repo 6954,Jira
Client X,Org E,Project 133,Collection 1125,43376,Repo 5531,Subversion
Client X,Org E,Project 133,Collection 1125,45790,Repo 7181,Jira
Client X,Org E,Project 133,Collection 4444,53152,Repo 1948,Subversion
Client X,Org E,Project 133,Collection 4494,43380,Repo 5542,Subversion
Client X,Org E,Project 133,Collection 4494,45794,Repo 7244,Jira
Client X,Org E,Project 133,Collection 1282,42745,Repo 2152,Subversion
Client X,Org E,Project 133,Collection 1282,45159,Repo 7367,Jira
Client X,Org E,Project 133,Collection 5181,42908,Repo 2314,Subversion
Client X,Org E,Project 133,Collection 5181,45322,Repo 7489,Jira
Client X,Org E,Project 133,Collection 1417,42949,Repo 2365,Subversion
Client X,Org E,Project 133,Collection 1417,45363,Repo 7533,Jira
Client X,Org E,Project 133,Collection 5473,43066,Repo 2521,Subversion
Client X,Org E,Project 133,Collection 5473,45480,Repo 7637,Jira
Client X,Org E,Project 134,Collection 1640,64127,Repo 2709,Subversion
Client X,Org E,Project 134,Collection 1668,63786,Repo 2722,Subversion
Client X,Org E,Project 134,Collection 1694,51869,Repo 81,Subversion
Client X,Org E,Project 134,Collection 2131,52089,Repo 350,Subversion
Client X,Org E,Project 134,Collection 2661,52295,Repo 5449,Subversion
Client X,Org E,Project 134,Collection 2957,79459,Repo 3518,Subversion
Client X,Org E,Project 134,Collection 558,79327,Repo 3519,Subversion
Client X,Org E,Project 134,Collection 2968,54675,Repo 3527,Subversion
Client X,Org E,Project 134,Collection 3164,84153,Repo 3649,Subversion
Client X,Org E,Project 134,Collection 3746,52831,Repo 3991,Subversion
Client X,Org E,Project 134,Collection 1145,42586,Repo 1949,Subversion
Client X,Org E,Project 134,Collection 1145,45000,Repo 7209,Jira
Client X,Org E,Project 134,Collection 4532,64025,Repo 4473,Subversion
Client X,Org E,Project 134,Collection 1460,43019,Repo 2450,Subversion
Client X,Org E,Project 134,Collection 1460,45433,Repo 7592,Jira
Client X,Org E,Project 135,Collection 20,41105,Repo 26,Subversion
Client X,Org E,Project 135,Collection 20,43519,Repo 5707,Jira
Client X,Org E,Project 135,Collection 1741,41160,Repo 107,Subversion
Client X,Org E,Project 135,Collection 1741,43574,Repo 5765,Jira
Client X,Org E,Project 135,Collection 1966,41254,Repo 223,Subversion
Client X,Org E,Project 135,Collection 1966,43668,Repo 5850,Jira
Client X,Org E,Project 135,Collection 1968,41256,Repo 225,Subversion
Client X,Org E,Project 135,Collection 1968,43670,Repo 5852,Jira
Client X,Org E,Project 135,Collection 2032,41300,Repo 277,Subversion
Client X,Org E,Project 135,Collection 2032,43714,Repo 5899,Jira
Client X,Org E,Project 135,Collection 198,79422,Repo 3003,Subversion
Client X,Org E,Project 135,Collection 253,41392,Repo 405,Subversion
Client X,Org E,Project 135,Collection 253,43806,Repo 5993,Jira
Client X,Org E,Project 135,Collection 2223,52136,Repo 5427,Subversion
Client X,Org E,Project 135,Collection 299,43312,Repo 5432,Subversion
Client X,Org E,Project 135,Collection 299,45726,Repo 6058,Jira
Client X,Org E,Project 135,Collection 2328,52165,Repo 478,Subversion
Client X,Org E,Project 135,Collection 2329,41452,Repo 479,Subversion
Client X,Org E,Project 135,Collection 2329,43866,Repo 6059,Jira
Client X,Org E,Project 135,Collection 2330,52166,Repo 480,Subversion
Client X,Org E,Project 135,Collection 2343,41456,Repo 485,Subversion
Client X,Org E,Project 135,Collection 2343,43870,Repo 6063,Jira
Client X,Org E,Project 135,Collection 309,41460,Repo 489,Subversion
Client X,Org E,Project 135,Collection 309,43874,Repo 6067,Jira
Client X,Org E,Project 135,Collection 2361,41461,Repo 490,Subversion
Client X,Org E,Project 135,Collection 2361,43875,Repo 6068,Jira
Client X,Org E,Project 135,Collection 310,41462,Repo 491,Subversion
Client X,Org E,Project 135,Collection 310,43876,Repo 6069,Jira
Client X,Org E,Project 135,Collection 2362,82549,Repo 3189,Subversion
Client X,Org E,Project 135,Collection 311,41463,Repo 492,Subversion
Client X,Org E,Project 135,Collection 311,43877,Repo 6070,Jira
Client X,Org E,Project 135,Collection 2363,43184,Repo 5303,Subversion
Client X,Org E,Project 135,Collection 2363,45598,Repo 6071,Jira
Client X,Org E,Project 135,Collection 2364,41464,Repo 493,Subversion
Client X,Org E,Project 135,Collection 2364,43878,Repo 6072,Jira
Client X,Org E,Project 135,Collection 312,41465,Repo 494,Subversion
Client X,Org E,Project 135,Collection 312,43879,Repo 6073,Jira
Client X,Org E,Project 135,Collection 387,82558,Repo 3337,Subversion
Client X,Org E,Project 135,Collection 2672,52297,Repo 673,Subversion
Client X,Org E,Project 135,Collection 507,41731,Repo 815,Subversion
Client X,Org E,Project 135,Collection 507,44145,Repo 6349,Jira
Client X,Org E,Project 135,Collection 508,41732,Repo 816,Subversion
Client X,Org E,Project 135,Collection 508,44146,Repo 6350,Jira
Client X,Org E,Project 135,Collection 2838,41733,Repo 817,Subversion
Client X,Org E,Project 135,Collection 2838,44147,Repo 6351,Jira
Client X,Org E,Project 135,Collection 509,41734,Repo 818,Subversion
Client X,Org E,Project 135,Collection 509,44148,Repo 6352,Jira
Client X,Org E,Project 135,Collection 510,41735,Repo 819,Subversion
Client X,Org E,Project 135,Collection 510,44149,Repo 6353,Jira
Client X,Org E,Project 135,Collection 511,41736,Repo 820,Subversion
Client X,Org E,Project 135,Collection 511,44150,Repo 6354,Jira
Client X,Org E,Project 135,Collection 512,41737,Repo 821,Subversion
Client X,Org E,Project 135,Collection 512,44151,Repo 6355,Jira
Client X,Org E,Project 135,Collection 513,41738,Repo 822,Subversion
Client X,Org E,Project 135,Collection 513,44152,Repo 6356,Jira
Client X,Org E,Project 135,Collection 514,41739,Repo 823,Subversion
Client X,Org E,Project 135,Collection 514,44153,Repo 6357,Jira
Client X,Org E,Project 135,Collection 515,41740,Repo 824,Subversion
Client X,Org E,Project 135,Collection 515,44154,Repo 6358,Jira
Client X,Org E,Project 135,Collection 516,41741,Repo 825,Subversion
Client X,Org E,Project 135,Collection 516,44155,Repo 6359,Jira
Client X,Org E,Project 135,Collection 2839,41742,Repo 826,Subversion
Client X,Org E,Project 135,Collection 2839,44156,Repo 6360,Jira
Client X,Org E,Project 135,Collection 2840,41743,Repo 827,Subversion
Client X,Org E,Project 135,Collection 2840,44157,Repo 6361,Jira
Client X,Org E,Project 135,Collection 564,41855,Repo 945,Subversion
Client X,Org E,Project 135,Collection 564,44269,Repo 6480,Jira
Client X,Org E,Project 135,Collection 2973,41856,Repo 947,Subversion
Client X,Org E,Project 135,Collection 2973,44270,Repo 6481,Jira
Client X,Org E,Project 135,Collection 566,41857,Repo 948,Subversion
Client X,Org E,Project 135,Collection 566,44271,Repo 6482,Jira
Client X,Org E,Project 135,Collection 568,41861,Repo 952,Subversion
Client X,Org E,Project 135,Collection 568,44275,Repo 6486,Jira
Client X,Org E,Project 135,Collection 624,41936,Repo 1051,Subversion
Client X,Org E,Project 135,Collection 624,44350,Repo 6556,Jira
Client X,Org E,Project 135,Collection 3570,79481,Repo 3905,Subversion
Client X,Org E,Project 135,Collection 931,82617,Repo 4038,Subversion
Client X,Org E,Project 135,Collection 934,43364,Repo 5509,Subversion
Client X,Org E,Project 135,Collection 934,45778,Repo 6934,Jira
Client X,Org E,Project 135,Collection 946,84424,Repo 4060,Subversion
Client X,Org E,Project 135,Collection 947,42316,Repo 1606,Subversion
Client X,Org E,Project 135,Collection 947,44730,Repo 6939,Jira
Client X,Org E,Project 135,Collection 948,42317,Repo 1607,Subversion
Client X,Org E,Project 135,Collection 948,44731,Repo 6940,Jira
Client X,Org E,Project 135,Collection 3968,42360,Repo 1661,Subversion
Client X,Org E,Project 135,Collection 3968,44774,Repo 6987,Jira
Client X,Org E,Project 135,Collection 1046,42449,Repo 4243,Subversion
Client X,Org E,Project 135,Collection 1046,44863,Repo 7070,Jira
Client X,Org E,Project 135,Collection 4182,53039,Repo 1789,Subversion
Client X,Org E,Project 135,Collection 1110,84604,Repo 4357,Subversion
Client X,Org E,Project 135,Collection 1258,42692,Repo 2074,Subversion
Client X,Org E,Project 135,Collection 1258,45106,Repo 7310,Jira
Client X,Org E,Project 135,Collection 4831,42697,Repo 2079,Subversion
Client X,Org E,Project 135,Collection 4831,45111,Repo 7315,Jira
Client X,Org E,Project 135,Collection 1259,42698,Repo 2080,Subversion
Client X,Org E,Project 135,Collection 1259,45112,Repo 7316,Jira
Client X,Org E,Project 135,Collection 4834,42700,Repo 2082,Subversion
Client X,Org E,Project 135,Collection 4834,45114,Repo 7318,Jira
Client X,Org E,Project 135,Collection 5081,42817,Repo 2240,Subversion
Client X,Org E,Project 135,Collection 5081,45231,Repo 7436,Jira
Client X,Org E,Project 135,Collection 1506,43074,Repo 2530,Subversion
Client X,Org E,Project 135,Collection 1506,45488,Repo 7645,Jira
Client X,Org E,Project 135,Collection 1507,43075,Repo 2531,Subversion
Client X,Org E,Project 135,Collection 1507,45489,Repo 7646,Jira
Client X,Org E,Project 135,Collection 5478,53661,Repo 2532,Subversion
Client X,Org E,Project 136,Collection 1122,42558,Repo 1900,Subversion
Client X,Org E,Project 136,Collection 1122,44972,Repo 7176,Jira
Client X,Org E,Project 137,Collection 1644,41115,Repo 41,Subversion
Client X,Org E,Project 137,Collection 1644,43529,Repo 5720,Jira
Client X,Org E,Project 137,Collection 46,41132,Repo 63,Subversion
Client X,Org E,Project 137,Collection 46,43546,Repo 5738,Jira
Client X,Org E,Project 137,Collection 1667,51857,Repo 64,Subversion
Client X,Org E,Project 137,Collection 1736,41158,Repo 105,Subversion
Client X,Org E,Project 137,Collection 1736,43572,Repo 5761,Jira
Client X,Org E,Project 137,Collection 81,51908,Repo 128,Subversion
Client X,Org E,Project 137,Collection 1814,41193,Repo 145,Subversion
Client X,Org E,Project 137,Collection 1814,43607,Repo 5798,Jira
Client X,Org E,Project 137,Collection 1818,63797,Repo 2826,Subversion
Client X,Org E,Project 137,Collection 1845,51933,Repo 2843,Subversion
Client X,Org E,Project 137,Collection 1872,41211,Repo 174,Subversion
Client X,Org E,Project 137,Collection 1872,43625,Repo 5817,Jira
Client X,Org E,Project 137,Collection 1880,51948,Repo 2865,Subversion
Client X,Org E,Project 137,Collection 1887,63802,Repo 2870,Subversion
Client X,Org E,Project 137,Collection 128,41257,Repo 226,Subversion
Client X,Org E,Project 137,Collection 128,43671,Repo 5853,Jira
Client X,Org E,Project 137,Collection 129,41258,Repo 227,Subversion
Client X,Org E,Project 137,Collection 129,43672,Repo 5854,Jira
Client X,Org E,Project 137,Collection 154,43425,Repo 5601,Subversion
Client X,Org E,Project 137,Collection 154,45839,Repo 5880,Jira
Client X,Org E,Project 137,Collection 2011,41286,Repo 260,Subversion
Client X,Org E,Project 137,Collection 2011,43700,Repo 5881,Jira
Client X,Org E,Project 137,Collection 2012,41287,Repo 259,Subversion
Client X,Org E,Project 137,Collection 2012,43701,Repo 5882,Jira
Client X,Org E,Project 137,Collection 183,41309,Repo 294,Subversion
Client X,Org E,Project 137,Collection 183,43723,Repo 5908,Jira
Client X,Org E,Project 137,Collection 184,41310,Repo 295,Subversion
Client X,Org E,Project 137,Collection 184,43724,Repo 5909,Jira
Client X,Org E,Project 137,Collection 2063,41311,Repo 296,Subversion
Client X,Org E,Project 137,Collection 2063,43725,Repo 5910,Jira
Client X,Org E,Project 137,Collection 185,41312,Repo 297,Subversion
Client X,Org E,Project 137,Collection 185,43726,Repo 5911,Jira
Client X,Org E,Project 137,Collection 186,52054,Repo 2993,Subversion
Client X,Org E,Project 137,Collection 200,41329,Repo 318,Subversion
Client X,Org E,Project 137,Collection 200,43743,Repo 5930,Jira
Client X,Org E,Project 137,Collection 2086,41330,Repo 319,Subversion
Client X,Org E,Project 137,Collection 2086,43744,Repo 5931,Jira
Client X,Org E,Project 137,Collection 201,41331,Repo 320,Subversion
Client X,Org E,Project 137,Collection 201,43745,Repo 5932,Jira
Client X,Org E,Project 137,Collection 2087,41333,Repo 321,Subversion
Client X,Org E,Project 137,Collection 2087,43747,Repo 5933,Jira
Client X,Org E,Project 137,Collection 223,83749,Repo 3041,Subversion
Client X,Org E,Project 137,Collection 2214,52133,Repo 404,Subversion
Client X,Org E,Project 137,Collection 255,41401,Repo 412,Subversion
Client X,Org E,Project 137,Collection 255,43815,Repo 6001,Jira
Client X,Org E,Project 137,Collection 259,41404,Repo 417,Subversion
Client X,Org E,Project 137,Collection 259,43818,Repo 6004,Jira
Client X,Org E,Project 137,Collection 2235,41405,Repo 418,Subversion
Client X,Org E,Project 137,Collection 2235,43819,Repo 6005,Jira
Client X,Org E,Project 137,Collection 2248,41417,Repo 430,Subversion
Client X,Org E,Project 137,Collection 2248,43831,Repo 6020,Jira
Client X,Org E,Project 137,Collection 279,63836,Repo 3128,Subversion
Client X,Org E,Project 137,Collection 2277,41433,Repo 446,Subversion
Client X,Org E,Project 137,Collection 2277,43847,Repo 6034,Jira
Client X,Org E,Project 137,Collection 280,63837,Repo 3129,Subversion
Client X,Org E,Project 137,Collection 2278,52145,Repo 447,Subversion
Client X,Org E,Project 137,Collection 281,43179,Repo 5298,Subversion
Client X,Org E,Project 137,Collection 281,45593,Repo 6035,Jira
Client X,Org E,Project 137,Collection 2279,41434,Repo 448,Subversion
Client X,Org E,Project 137,Collection 2279,43848,Repo 6036,Jira
Client X,Org E,Project 137,Collection 2280,52146,Repo 449,Subversion
Client X,Org E,Project 137,Collection 2281,41435,Repo 450,Subversion
Client X,Org E,Project 137,Collection 2281,43849,Repo 6037,Jira
Client X,Org E,Project 137,Collection 282,41436,Repo 451,Subversion
Client X,Org E,Project 137,Collection 282,43850,Repo 6038,Jira
Client X,Org E,Project 137,Collection 283,41437,Repo 452,Subversion
Client X,Org E,Project 137,Collection 283,43851,Repo 6039,Jira
Client X,Org E,Project 137,Collection 2282,41438,Repo 453,Subversion
Client X,Org E,Project 137,Collection 2282,43852,Repo 6040,Jira
Client X,Org E,Project 137,Collection 2283,43311,Repo 5430,Subversion
Client X,Org E,Project 137,Collection 2283,45725,Repo 6041,Jira
Client X,Org E,Project 137,Collection 2284,79314,Repo 3130,Subversion
Client X,Org E,Project 137,Collection 2285,82546,Repo 3131,Subversion
Client X,Org E,Project 137,Collection 2286,41439,Repo 454,Subversion
Client X,Org E,Project 137,Collection 2286,43853,Repo 6042,Jira
Client X,Org E,Project 137,Collection 2287,83795,Repo 3132,Subversion
Client X,Org E,Project 137,Collection 2288,41440,Repo 455,Subversion
Client X,Org E,Project 137,Collection 2288,43854,Repo 6043,Jira
Client X,Org E,Project 137,Collection 2289,64166,Repo 3133,Subversion
Client X,Org E,Project 137,Collection 284,41441,Repo 456,Subversion
Client X,Org E,Project 137,Collection 284,43855,Repo 6044,Jira
Client X,Org E,Project 137,Collection 285,79315,Repo 3134,Subversion
Client X,Org E,Project 137,Collection 2290,52147,Repo 3135,Subversion
Client X,Org E,Project 137,Collection 286,41442,Repo 5606,Subversion
Client X,Org E,Project 137,Collection 286,43856,Repo 6045,Jira
Client X,Org E,Project 137,Collection 2291,41443,Repo 457,Subversion
Client X,Org E,Project 137,Collection 2291,43857,Repo 6046,Jira
Client X,Org E,Project 137,Collection 287,43180,Repo 5299,Subversion
Client X,Org E,Project 137,Collection 287,45594,Repo 6047,Jira
Client X,Org E,Project 137,Collection 2293,52149,Repo 458,Subversion
Client X,Org E,Project 137,Collection 288,43181,Repo 5300,Subversion
Client X,Org E,Project 137,Collection 288,45595,Repo 6048,Jira
Client X,Org E,Project 137,Collection 2294,52150,Repo 459,Subversion
Client X,Org E,Project 137,Collection 2295,52151,Repo 460,Subversion
Client X,Org E,Project 137,Collection 2307,54665,Repo 3145,Subversion
Client X,Org E,Project 137,Collection 2308,54666,Repo 3146,Subversion
Client X,Org E,Project 137,Collection 2309,54667,Repo 3147,Subversion
Client X,Org E,Project 137,Collection 2341,41454,Repo 483,Subversion
Client X,Org E,Project 137,Collection 2341,43868,Repo 6061,Jira
Client X,Org E,Project 137,Collection 2567,52251,Repo 602,Subversion
Client X,Org E,Project 137,Collection 405,82559,Repo 3362,Subversion
Client X,Org E,Project 137,Collection 2629,52284,Repo 638,Subversion
Client X,Org E,Project 137,Collection 443,52296,Repo 668,Subversion
Client X,Org E,Project 137,Collection 451,41622,Repo 686,Subversion
Client X,Org E,Project 137,Collection 451,44036,Repo 6229,Jira
Client X,Org E,Project 137,Collection 2692,41626,Repo 692,Subversion
Client X,Org E,Project 137,Collection 2692,44040,Repo 6234,Jira
Client X,Org E,Project 137,Collection 457,43326,Repo 5451,Subversion
Client X,Org E,Project 137,Collection 457,45740,Repo 6236,Jira
Client X,Org E,Project 137,Collection 2701,41632,Repo 700,Subversion
Client X,Org E,Project 137,Collection 2701,44046,Repo 6241,Jira
Client X,Org E,Project 137,Collection 2702,41633,Repo 701,Subversion
Client X,Org E,Project 137,Collection 2702,44047,Repo 6242,Jira
Client X,Org E,Project 137,Collection 2703,41634,Repo 702,Subversion
Client X,Org E,Project 137,Collection 2703,44048,Repo 6243,Jira
Client X,Org E,Project 137,Collection 2704,41635,Repo 703,Subversion
Client X,Org E,Project 137,Collection 2704,44049,Repo 6244,Jira
Client X,Org E,Project 137,Collection 2705,41636,Repo 704,Subversion
Client X,Org E,Project 137,Collection 2705,44050,Repo 6245,Jira
Client X,Org E,Project 137,Collection 2706,41637,Repo 705,Subversion
Client X,Org E,Project 137,Collection 2706,44051,Repo 6246,Jira
Client X,Org E,Project 137,Collection 2707,41638,Repo 706,Subversion
Client X,Org E,Project 137,Collection 2707,44052,Repo 6247,Jira
Client X,Org E,Project 137,Collection 2708,41639,Repo 707,Subversion
Client X,Org E,Project 137,Collection 2708,44053,Repo 6248,Jira
Client X,Org E,Project 137,Collection 2709,41640,Repo 708,Subversion
Client X,Org E,Project 137,Collection 2709,44054,Repo 6249,Jira
Client X,Org E,Project 137,Collection 2710,41641,Repo 709,Subversion
Client X,Org E,Project 137,Collection 2710,44055,Repo 6250,Jira
Client X,Org E,Project 137,Collection 2711,41642,Repo 710,Subversion
Client X,Org E,Project 137,Collection 2711,44056,Repo 6251,Jira
Client X,Org E,Project 137,Collection 2712,41643,Repo 711,Subversion
Client X,Org E,Project 137,Collection 2712,44057,Repo 6252,Jira
Client X,Org E,Project 137,Collection 2713,41644,Repo 712,Subversion
Client X,Org E,Project 137,Collection 2713,44058,Repo 6253,Jira
Client X,Org E,Project 137,Collection 2780,79323,Repo 3461,Subversion
Client X,Org E,Project 137,Collection 2810,52355,Repo 792,Subversion
Client X,Org E,Project 137,Collection 2939,41829,Repo 919,Subversion
Client X,Org E,Project 137,Collection 2939,44243,Repo 6452,Jira
Client X,Org E,Project 137,Collection 2940,41830,Repo 920,Subversion
Client X,Org E,Project 137,Collection 2940,44244,Repo 6453,Jira
Client X,Org E,Project 137,Collection 546,41832,Repo 922,Subversion
Client X,Org E,Project 137,Collection 546,44246,Repo 6455,Jira
Client X,Org E,Project 137,Collection 549,41837,Repo 927,Subversion
Client X,Org E,Project 137,Collection 549,44251,Repo 6461,Jira
Client X,Org E,Project 137,Collection 553,84080,Repo 3514,Subversion
Client X,Org E,Project 137,Collection 556,41846,Repo 936,Subversion
Client X,Org E,Project 137,Collection 556,44260,Repo 6470,Jira
Client X,Org E,Project 137,Collection 557,41847,Repo 937,Subversion
Client X,Org E,Project 137,Collection 557,44261,Repo 6471,Jira
Client X,Org E,Project 137,Collection 2993,52418,Repo 962,Subversion
Client X,Org E,Project 137,Collection 3008,41871,Repo 972,Subversion
Client X,Org E,Project 137,Collection 3008,44285,Repo 6498,Jira
Client X,Org E,Project 137,Collection 3011,41872,Repo 975,Subversion
Client X,Org E,Project 137,Collection 3011,44286,Repo 6499,Jira
Client X,Org E,Project 137,Collection 582,41873,Repo 976,Subversion
Client X,Org E,Project 137,Collection 582,44287,Repo 6500,Jira
Client X,Org E,Project 137,Collection 596,41892,Repo 1000,Subversion
Client X,Org E,Project 137,Collection 596,44306,Repo 6521,Jira
Client X,Org E,Project 137,Collection 644,82580,Repo 3647,Subversion
Client X,Org E,Project 137,Collection 653,43211,Repo 5327,Subversion
Client X,Org E,Project 137,Collection 653,45625,Repo 6581,Jira
Client X,Org E,Project 137,Collection 654,41960,Repo 1093,Subversion
Client X,Org E,Project 137,Collection 654,44374,Repo 6582,Jira
Client X,Org E,Project 137,Collection 3197,79598,Repo 3675,Subversion
Client X,Org E,Project 137,Collection 655,41961,Repo 1094,Subversion
Client X,Org E,Project 137,Collection 655,44375,Repo 6583,Jira
Client X,Org E,Project 137,Collection 657,43447,Repo 5629,Subversion
Client X,Org E,Project 137,Collection 657,45861,Repo 6585,Jira
Client X,Org E,Project 137,Collection 658,79470,Repo 3676,Subversion
Client X,Org E,Project 137,Collection 662,54683,Repo 3679,Subversion
Client X,Org E,Project 137,Collection 669,82585,Repo 3694,Subversion
Client X,Org E,Project 137,Collection 694,52550,Repo 1139,Subversion
Client X,Org E,Project 137,Collection 720,79602,Repo 3744,Subversion
Client X,Org E,Project 137,Collection 3398,63918,Repo 3801,Subversion
Client X,Org E,Project 137,Collection 3580,42157,Repo 1368,Subversion
Client X,Org E,Project 137,Collection 3580,44571,Repo 6779,Jira
Client X,Org E,Project 137,Collection 3610,42171,Repo 1392,Subversion
Client X,Org E,Project 137,Collection 3610,44585,Repo 6790,Jira
Client X,Org E,Project 137,Collection 3686,97281,Repo 3963,Subversion
Client X,Org E,Project 137,Collection 3698,42218,Repo 1461,Subversion
Client X,Org E,Project 137,Collection 3698,44632,Repo 6833,Jira
Client X,Org E,Project 137,Collection 886,43359,Repo 5502,Subversion
Client X,Org E,Project 137,Collection 886,45773,Repo 6864,Jira
Client X,Org E,Project 137,Collection 3786,42274,Repo 1532,Subversion
Client X,Org E,Project 137,Collection 3786,44688,Repo 6890,Jira
Client X,Org E,Project 137,Collection 957,42328,Repo 1623,Subversion
Client X,Org E,Project 137,Collection 957,44742,Repo 6952,Jira
Client X,Org E,Project 137,Collection 3916,42337,Repo 5644,Subversion
Client X,Org E,Project 137,Collection 3916,44751,Repo 6962,Jira
Client X,Org E,Project 137,Collection 973,43367,Repo 5512,Subversion
Client X,Org E,Project 137,Collection 973,45781,Repo 6979,Jira
Client X,Org E,Project 137,Collection 993,43463,Repo 5645,Subversion
Client X,Org E,Project 137,Collection 993,45877,Repo 7003,Jira
Client X,Org E,Project 137,Collection 1007,84495,Repo 4180,Subversion
Client X,Org E,Project 137,Collection 4112,42432,Repo 1746,Subversion
Client X,Org E,Project 137,Collection 4112,44846,Repo 7050,Jira
Client X,Org E,Project 137,Collection 4367,42551,Repo 1894,Subversion
Client X,Org E,Project 137,Collection 4367,44965,Repo 7165,Jira
Client X,Org E,Project 137,Collection 4447,53154,Repo 4415,Subversion
Client X,Org E,Project 137,Collection 4481,42610,Repo 1982,Subversion
Client X,Org E,Project 137,Collection 4481,45024,Repo 7232,Jira
Client X,Org E,Project 137,Collection 4519,42633,Repo 1998,Subversion
Client X,Org E,Project 137,Collection 4519,45047,Repo 7250,Jira
Client X,Org E,Project 137,Collection 4894,42728,Repo 2121,Subversion
Client X,Org E,Project 137,Collection 4894,45142,Repo 7347,Jira
Client X,Org E,Project 137,Collection 1275,42731,Repo 2128,Subversion
Client X,Org E,Project 137,Collection 1275,45145,Repo 7350,Jira
Client X,Org E,Project 137,Collection 4902,42732,Repo 2129,Subversion
Client X,Org E,Project 137,Collection 4902,45146,Repo 7351,Jira
Client X,Org E,Project 137,Collection 1276,53353,Repo 2130,Subversion
Client X,Org E,Project 137,Collection 4904,53354,Repo 2131,Subversion
Client X,Org E,Project 137,Collection 1277,43476,Repo 5666,Subversion
Client X,Org E,Project 137,Collection 1277,45890,Repo 7352,Jira
Client X,Org E,Project 137,Collection 4934,42744,Repo 2151,Subversion
Client X,Org E,Project 137,Collection 4934,45158,Repo 7366,Jira
Client X,Org E,Project 137,Collection 5052,42804,Repo 2220,Subversion
Client X,Org E,Project 137,Collection 5052,45218,Repo 7425,Jira
Client X,Org E,Project 137,Collection 5122,64082,Repo 4946,Subversion
Client X,Org E,Project 137,Collection 5132,53465,Repo 2276,Subversion
Client X,Org E,Project 137,Collection 5162,53482,Repo 2296,Subversion
Client X,Org E,Project 137,Collection 5325,43005,Repo 2430,Subversion
Client X,Org E,Project 137,Collection 5325,45419,Repo 7578,Jira
Client X,Org E,Project 137,Collection 1468,79398,Repo 5088,Subversion
Client X,Org E,Project 137,Collection 1469,64109,Repo 5099,Subversion
Client X,Org E,Project 137,Collection 5410,79541,Repo 5100,Subversion
Client X,Org E,Project 137,Collection 1478,53636,Repo 2496,Subversion
Client X,Org E,Project 137,Collection 1494,43059,Repo 2515,Subversion
Client X,Org E,Project 137,Collection 1494,45473,Repo 7632,Jira
Client X,Org E,Project 137,Collection 5474,43068,Repo 2522,Subversion
Client X,Org E,Project 137,Collection 5474,45482,Repo 7638,Jira
Client X,Org E,Project 137,Collection 1525,79627,Repo 5167,Subversion
Client X,Org E,Project 137,Collection 1526,82688,Repo 5168,Subversion
Client X,Org E,Project 137,Collection 1527,79549,Repo 5169,Subversion
Client X,Org E,Project 137,Collection 5519,43090,Repo 2556,Subversion
Client X,Org E,Project 137,Collection 5519,45504,Repo 7663,Jira
Client X,Org E,Project 137,Collection 5543,43101,Repo 2568,Subversion
Client X,Org E,Project 137,Collection 5543,45515,Repo 7672,Jira
Client X,Org E,Project 137,Collection 1556,82691,Repo 5229,Subversion
Client X,Org E,Project 137,Collection 1587,43157,Repo 2649,Subversion
Client X,Org E,Project 137,Collection 1587,45571,Repo 7731,Jira
Client X,Org E,Project 343,Collection 3062,64194,Repo 3586,Subversion
Client X,Org E,Project 343,Collection 3262,63908,Repo 3717,Subversion
Client X,Org E,Project 343,Collection 3700,97282,Repo 3972,Subversion
Client X,Org E,Project 138,Collection 1857,64143,Repo 2849,Subversion
Client X,Org E,Project 138,Collection 1932,51970,Repo 2898,Subversion
Client X,Org E,Project 138,Collection 3072,52457,Repo 1019,Subversion
Client X,Org E,Project 138,Collection 698,84177,Repo 3720,Subversion
Client X,Org E,Project 138,Collection 3768,52843,Repo 5505,Subversion
Client X,Org E,Project 138,Collection 4166,53030,Repo 1778,Subversion
Client X,Org E,Project 139,Collection 1566,43135,Repo 2618,Subversion
Client X,Org E,Project 139,Collection 1566,45549,Repo 7706,Jira
Client X,Org E,Project 139,Collection 5623,53737,Repo 5594,Subversion
Client X,Org E,Project 140,Collection 1600,54651,Repo 2684,Subversion
Client X,Org E,Project 140,Collection 1643,51849,Repo 40,Subversion
Client X,Org E,Project 140,Collection 1676,41137,Repo 69,Subversion
Client X,Org E,Project 140,Collection 1676,43551,Repo 5743,Jira
Client X,Org E,Project 140,Collection 82,41173,Repo 5599,Subversion
Client X,Org E,Project 140,Collection 82,43587,Repo 5778,Jira
Client X,Org E,Project 140,Collection 106,41220,Repo 5600,Subversion
Client X,Org E,Project 140,Collection 106,43634,Repo 5823,Jira
Client X,Org E,Project 140,Collection 2228,41399,Repo 5604,Subversion
Client X,Org E,Project 140,Collection 2228,43813,Repo 5999,Jira
Client X,Org E,Project 140,Collection 267,43309,Repo 5428,Subversion
Client X,Org E,Project 140,Collection 267,45723,Repo 6017,Jira
Client X,Org E,Project 140,Collection 2353,41458,Repo 487,Subversion
Client X,Org E,Project 140,Collection 2353,43872,Repo 6065,Jira
Client X,Org E,Project 140,Collection 337,41480,Repo 5608,Subversion
Client X,Org E,Project 140,Collection 337,43894,Repo 6089,Jira
Client X,Org E,Project 140,Collection 569,41863,Repo 954,Subversion
Client X,Org E,Project 140,Collection 569,44277,Repo 6487,Jira
Client X,Org E,Project 140,Collection 3236,52542,Repo 1123,Subversion
Client X,Org E,Project 140,Collection 3237,41981,Repo 1124,Subversion
Client X,Org E,Project 140,Collection 3237,44395,Repo 6604,Jira
Client X,Org E,Project 140,Collection 866,42217,Repo 1460,Subversion
Client X,Org E,Project 140,Collection 866,44631,Repo 6832,Jira
Client X,Org E,Project 140,Collection 907,43235,Repo 5347,Subversion
Client X,Org E,Project 140,Collection 907,45649,Repo 6884,Jira
Client X,Org E,Project 140,Collection 908,43460,Repo 5641,Subversion
Client X,Org E,Project 140,Collection 908,45874,Repo 6885,Jira
Client X,Org E,Project 140,Collection 3945,42352,Repo 1650,Subversion
Client X,Org E,Project 140,Collection 3945,44766,Repo 6976,Jira
Client X,Org E,Project 140,Collection 1071,43466,Repo 5650,Subversion
Client X,Org E,Project 140,Collection 1071,45880,Repo 7093,Jira
Client X,Org E,Project 140,Collection 1087,79610,Repo 4319,Subversion
Client X,Org E,Project 140,Collection 4283,53085,Repo 1848,Subversion
Client X,Org E,Project 140,Collection 1153,42597,Repo 5660,Subversion
Client X,Org E,Project 140,Collection 1153,45011,Repo 7221,Jira
Client X,Org E,Project 140,Collection 4458,53161,Repo 1963,Subversion
Client X,Org E,Project 140,Collection 1284,42754,Repo 5667,Subversion
Client X,Org E,Project 140,Collection 1284,45168,Repo 7370,Jira
Client X,Org E,Project 140,Collection 1378,43399,Repo 5564,Subversion
Client X,Org E,Project 140,Collection 1378,45813,Repo 7469,Jira
Client X,Org E,Project 140,Collection 1380,42887,Repo 5672,Subversion
Client X,Org E,Project 140,Collection 1380,45301,Repo 7470,Jira
Client X,Org E,Project 140,Collection 1381,43400,Repo 5565,Subversion
Client X,Org E,Project 140,Collection 1381,45814,Repo 7471,Jira
Client X,Org E,Project 140,Collection 1453,43009,Repo 5677,Subversion
Client X,Org E,Project 140,Collection 1453,45423,Repo 7582,Jira
Client X,Org E,Project 140,Collection 5409,43027,Repo 2473,Subversion
Client X,Org E,Project 140,Collection 5409,45441,Repo 7602,Jira
Client X,Org E,Project 141,Collection 45,41131,Repo 62,Subversion
Client X,Org E,Project 141,Collection 45,43545,Repo 5737,Jira
Client X,Org E,Project 141,Collection 1740,41159,Repo 106,Subversion
Client X,Org E,Project 141,Collection 1740,43573,Repo 5764,Jira
Client X,Org E,Project 141,Collection 86,41183,Repo 134,Subversion
Client X,Org E,Project 141,Collection 86,43597,Repo 5787,Jira
Client X,Org E,Project 141,Collection 87,51912,Repo 5403,Subversion
Client X,Org E,Project 141,Collection 119,51991,Repo 220,Subversion
Client X,Org E,Project 141,Collection 2584,41563,Repo 615,Subversion
Client X,Org E,Project 141,Collection 2584,43977,Repo 6169,Jira
Client X,Org E,Project 141,Collection 637,79468,Repo 3642,Subversion
Client X,Org E,Project 141,Collection 638,64201,Repo 3643,Subversion
Client X,Org E,Project 141,Collection 639,63891,Repo 3644,Subversion
Client X,Org E,Project 141,Collection 3157,41949,Repo 1074,Subversion
Client X,Org E,Project 141,Collection 3157,44363,Repo 6570,Jira
Client X,Org E,Project 141,Collection 640,52501,Repo 5473,Subversion
Client X,Org E,Project 141,Collection 641,64202,Repo 3645,Subversion
Client X,Org E,Project 141,Collection 3208,84164,Repo 3682,Subversion
Client X,Org E,Project 141,Collection 3210,41969,Repo 1106,Subversion
Client X,Org E,Project 141,Collection 3210,44383,Repo 6593,Jira
Client X,Org E,Project 141,Collection 1261,43475,Repo 5665,Subversion
Client X,Org E,Project 141,Collection 1261,45889,Repo 7323,Jira
Client X,Org E,Project 141,Collection 1308,53388,Repo 4854,Subversion
Client X,Org E,Project 142,Collection 1892,54659,Repo 2874,Subversion
Client X,Org E,Project 142,Collection 2345,54669,Repo 3170,Subversion
Client X,Org E,Project 142,Collection 1528,43087,Repo 2551,Subversion
Client X,Org E,Project 142,Collection 1528,45501,Repo 7660,Jira
Client X,Org E,Project 142,Collection 5645,54759,Repo 5259,Subversion
Client X,Org E,Project 143,Collection 12,79405,Repo 2693,Subversion
Client X,Org E,Project 143,Collection 1646,64128,Repo 2712,Subversion
Client X,Org E,Project 143,Collection 1711,51879,Repo 90,Subversion
Client X,Org E,Project 143,Collection 94,41192,Repo 144,Subversion
Client X,Org E,Project 143,Collection 94,43606,Repo 5797,Jira
Client X,Org E,Project 143,Collection 1901,41228,Repo 188,Subversion
Client X,Org E,Project 143,Collection 1901,43642,Repo 5829,Jira
Client X,Org E,Project 143,Collection 130,41259,Repo 228,Subversion
Client X,Org E,Project 143,Collection 130,43673,Repo 5855,Jira
Client X,Org E,Project 143,Collection 241,41378,Repo 386,Subversion
Client X,Org E,Project 143,Collection 241,43792,Repo 5978,Jira
Client X,Org E,Project 143,Collection 250,41389,Repo 400,Subversion
Client X,Org E,Project 143,Collection 250,43803,Repo 5988,Jira
Client X,Org E,Project 143,Collection 2208,41390,Repo 402,Subversion
Client X,Org E,Project 143,Collection 2208,43804,Repo 5990,Jira
Client X,Org E,Project 143,Collection 2597,41568,Repo 5613,Subversion
Client X,Org E,Project 143,Collection 2597,43982,Repo 6173,Jira
Client X,Org E,Project 143,Collection 401,43434,Repo 5615,Subversion
Client X,Org E,Project 143,Collection 401,45848,Repo 6179,Jira
Client X,Org E,Project 143,Collection 435,41596,Repo 655,Subversion
Client X,Org E,Project 143,Collection 435,44010,Repo 6206,Jira
Client X,Org E,Project 143,Collection 436,41597,Repo 656,Subversion
Client X,Org E,Project 143,Collection 436,44011,Repo 6207,Jira
Client X,Org E,Project 143,Collection 2649,41598,Repo 657,Subversion
Client X,Org E,Project 143,Collection 2649,44012,Repo 6208,Jira
Client X,Org E,Project 143,Collection 437,41599,Repo 658,Subversion
Client X,Org E,Project 143,Collection 437,44013,Repo 6209,Jira
Client X,Org E,Project 143,Collection 438,41600,Repo 659,Subversion
Client X,Org E,Project 143,Collection 438,44014,Repo 6210,Jira
Client X,Org E,Project 143,Collection 2650,52291,Repo 660,Subversion
Client X,Org E,Project 143,Collection 2651,41601,Repo 661,Subversion
Client X,Org E,Project 143,Collection 2651,44015,Repo 6211,Jira
Client X,Org E,Project 143,Collection 2652,41602,Repo 662,Subversion
Client X,Org E,Project 143,Collection 2652,44016,Repo 6212,Jira
Client X,Org E,Project 143,Collection 2653,41603,Repo 663,Subversion
Client X,Org E,Project 143,Collection 2653,44017,Repo 6213,Jira
Client X,Org E,Project 143,Collection 439,41604,Repo 664,Subversion
Client X,Org E,Project 143,Collection 439,44018,Repo 6214,Jira
Client X,Org E,Project 143,Collection 2654,41605,Repo 665,Subversion
Client X,Org E,Project 143,Collection 2654,44019,Repo 6215,Jira
Client X,Org E,Project 143,Collection 447,41615,Repo 680,Subversion
Client X,Org E,Project 143,Collection 447,44029,Repo 6225,Jira
Client X,Org E,Project 143,Collection 448,41616,Repo 681,Subversion
Client X,Org E,Project 143,Collection 448,44030,Repo 6226,Jira
Client X,Org E,Project 143,Collection 449,41617,Repo 682,Subversion
Client X,Org E,Project 143,Collection 449,44031,Repo 6227,Jira
Client X,Org E,Project 143,Collection 2681,52304,Repo 3418,Subversion
Client X,Org E,Project 143,Collection 2805,52352,Repo 789,Subversion
Client X,Org E,Project 143,Collection 2947,41836,Repo 928,Subversion
Client X,Org E,Project 143,Collection 2947,44250,Repo 6460,Jira
Client X,Org E,Project 143,Collection 2982,41864,Repo 5623,Subversion
Client X,Org E,Project 143,Collection 2982,44278,Repo 6488,Jira
Client X,Org E,Project 143,Collection 576,43336,Repo 5467,Subversion
Client X,Org E,Project 143,Collection 576,45750,Repo 6493,Jira
Client X,Org E,Project 143,Collection 583,41876,Repo 978,Subversion
Client X,Org E,Project 143,Collection 583,44290,Repo 6503,Jira
Client X,Org E,Project 143,Collection 590,41885,Repo 989,Subversion
Client X,Org E,Project 143,Collection 590,44299,Repo 6513,Jira
Client X,Org E,Project 143,Collection 3032,41886,Repo 990,Subversion
Client X,Org E,Project 143,Collection 3032,44300,Repo 6514,Jira
Client X,Org E,Project 143,Collection 3084,41917,Repo 1028,Subversion
Client X,Org E,Project 143,Collection 3084,44331,Repo 6541,Jira
Client X,Org E,Project 143,Collection 3116,41935,Repo 1050,Subversion
Client X,Org E,Project 143,Collection 3116,44349,Repo 6555,Jira
Client X,Org E,Project 143,Collection 3273,52558,Repo 1151,Subversion
Client X,Org E,Project 143,Collection 3414,42068,Repo 1242,Subversion
Client X,Org E,Project 143,Collection 3414,44482,Repo 6690,Jira
Client X,Org E,Project 143,Collection 3480,42110,Repo 1301,Subversion
Client X,Org E,Project 143,Collection 3480,44524,Repo 6733,Jira
Client X,Org E,Project 143,Collection 3503,42124,Repo 1317,Subversion
Client X,Org E,Project 143,Collection 3503,44538,Repo 6747,Jira
Client X,Org E,Project 143,Collection 824,42155,Repo 1366,Subversion
Client X,Org E,Project 143,Collection 824,44569,Repo 6777,Jira
Client X,Org E,Project 143,Collection 3662,52778,Repo 1434,Subversion
Client X,Org E,Project 143,Collection 864,42216,Repo 1458,Subversion
Client X,Org E,Project 143,Collection 864,44630,Repo 6830,Jira
Client X,Org E,Project 143,Collection 872,42230,Repo 1472,Subversion
Client X,Org E,Project 143,Collection 872,44644,Repo 6842,Jira
Client X,Org E,Project 143,Collection 894,42261,Repo 1514,Subversion
Client X,Org E,Project 143,Collection 894,44675,Repo 6873,Jira
Client X,Org E,Project 143,Collection 939,52906,Repo 1599,Subversion
Client X,Org E,Project 143,Collection 941,43365,Repo 5510,Subversion
Client X,Org E,Project 143,Collection 941,45779,Repo 6938,Jira
Client X,Org E,Project 143,Collection 942,84419,Repo 4054,Subversion
Client X,Org E,Project 143,Collection 3878,52908,Repo 1603,Subversion
Client X,Org E,Project 143,Collection 3879,52909,Repo 1604,Subversion
Client X,Org E,Project 143,Collection 943,84420,Repo 4055,Subversion
Client X,Org E,Project 143,Collection 3880,52910,Repo 1605,Subversion
Client X,Org E,Project 143,Collection 3885,42319,Repo 1610,Subversion
Client X,Org E,Project 143,Collection 3885,44733,Repo 6942,Jira
Client X,Org E,Project 143,Collection 3921,42341,Repo 1633,Subversion
Client X,Org E,Project 143,Collection 3921,44755,Repo 6964,Jira
Client X,Org E,Project 143,Collection 964,42343,Repo 1635,Subversion
Client X,Org E,Project 143,Collection 964,44757,Repo 6966,Jira
Client X,Org E,Project 143,Collection 3946,79606,Repo 4100,Subversion
Client X,Org E,Project 143,Collection 4059,42397,Repo 1712,Subversion
Client X,Org E,Project 143,Collection 4059,44811,Repo 7018,Jira
Client X,Org E,Project 143,Collection 1021,42428,Repo 5646,Subversion
Client X,Org E,Project 143,Collection 1021,44842,Repo 7046,Jira
Client X,Org E,Project 143,Collection 4325,43374,Repo 5527,Subversion
Client X,Org E,Project 143,Collection 4325,45788,Repo 7150,Jira
Client X,Org E,Project 143,Collection 4443,42583,Repo 5658,Subversion
Client X,Org E,Project 143,Collection 4443,44997,Repo 7206,Jira
Client X,Org E,Project 143,Collection 1150,42594,Repo 5659,Subversion
Client X,Org E,Project 143,Collection 1150,45008,Repo 7218,Jira
Client X,Org E,Project 143,Collection 4467,42607,Repo 1973,Subversion
Client X,Org E,Project 143,Collection 4467,45021,Repo 7229,Jira
Client X,Org E,Project 143,Collection 4473,42608,Repo 5661,Subversion
Client X,Org E,Project 143,Collection 4473,45022,Repo 7230,Jira
Client X,Org E,Project 143,Collection 1233,42684,Repo 2066,Subversion
Client X,Org E,Project 143,Collection 1233,45098,Repo 7299,Jira
Client X,Org E,Project 143,Collection 1328,42792,Repo 5669,Subversion
Client X,Org E,Project 143,Collection 1328,45206,Repo 7413,Jira
Client X,Org E,Project 143,Collection 1329,42793,Repo 2206,Subversion
Client X,Org E,Project 143,Collection 1329,45207,Repo 7414,Jira
Client X,Org E,Project 143,Collection 5040,84846,Repo 4893,Subversion
Client X,Org E,Project 143,Collection 1344,42809,Repo 2228,Subversion
Client X,Org E,Project 143,Collection 1344,45223,Repo 7429,Jira
Client X,Org E,Project 143,Collection 1438,42978,Repo 2407,Subversion
Client X,Org E,Project 143,Collection 1438,45392,Repo 7561,Jira
Client X,Org E,Project 143,Collection 5334,43011,Repo 2437,Subversion
Client X,Org E,Project 143,Collection 5334,45425,Repo 7584,Jira
Client X,Org E,Project 143,Collection 5360,43016,Repo 2446,Subversion
Client X,Org E,Project 143,Collection 5360,45430,Repo 7589,Jira
Client X,Org E,Project 143,Collection 5429,43033,Repo 2479,Subversion
Client X,Org E,Project 143,Collection 5429,45447,Repo 7607,Jira
Client X,Org E,Project 143,Collection 5450,53642,Repo 2504,Subversion
Client X,Org E,Project 143,Collection 1485,43053,Repo 2505,Subversion
Client X,Org E,Project 143,Collection 1485,45467,Repo 7625,Jira
Client X,Org E,Project 143,Collection 1486,43283,Repo 5388,Subversion
Client X,Org E,Project 143,Collection 1486,45697,Repo 7626,Jira
Client X,Org E,Project 143,Collection 5451,53643,Repo 5121,Subversion
Client X,Org E,Project 143,Collection 1487,82684,Repo 5122,Subversion
Client X,Org E,Project 143,Collection 1488,43054,Repo 2506,Subversion
Client X,Org E,Project 143,Collection 1488,45468,Repo 7627,Jira
Client X,Org E,Project 143,Collection 5452,53644,Repo 2507,Subversion
Client X,Org E,Project 143,Collection 1491,43055,Repo 2508,Subversion
Client X,Org E,Project 143,Collection 1491,45469,Repo 7628,Jira
Client X,Org E,Project 143,Collection 5465,43063,Repo 2518,Subversion
Client X,Org E,Project 143,Collection 5465,45477,Repo 7634,Jira
Client X,Org E,Project 143,Collection 1501,43070,Repo 2524,Subversion
Client X,Org E,Project 143,Collection 1501,45484,Repo 7641,Jira
Client X,Org E,Project 143,Collection 5515,53685,Repo 2553,Subversion
Client X,Org E,Project 143,Collection 1536,53686,Repo 5179,Subversion
Client X,Org E,Project 143,Collection 5544,53700,Repo 5196,Subversion
Client X,Org E,Project 144,Collection 8,43423,Repo 5596,Subversion
Client X,Org E,Project 144,Collection 8,45837,Repo 5688,Jira
Client X,Org E,Project 144,Collection 1606,41087,Repo 9,Subversion
Client X,Org E,Project 144,Collection 1606,43501,Repo 5689,Jira
Client X,Org E,Project 144,Collection 1689,64129,Repo 2736,Subversion
Client X,Org E,Project 144,Collection 2154,41368,Repo 370,Subversion
Client X,Org E,Project 144,Collection 2154,43782,Repo 5968,Jira
Client X,Org E,Project 144,Collection 2155,63822,Repo 3053,Subversion
Client X,Org E,Project 144,Collection 240,64160,Repo 3056,Subversion
Client X,Org E,Project 144,Collection 2292,52148,Repo 3136,Subversion
Client X,Org E,Project 144,Collection 2422,52207,Repo 516,Subversion
Client X,Org E,Project 144,Collection 2575,52255,Repo 607,Subversion
Client X,Org E,Project 144,Collection 2684,41623,Repo 687,Subversion
Client X,Org E,Project 144,Collection 2684,44037,Repo 6230,Jira
Client X,Org E,Project 144,Collection 2694,52313,Repo 3428,Subversion
Client X,Org E,Project 144,Collection 543,82566,Repo 3509,Subversion
Client X,Org E,Project 144,Collection 3055,82572,Repo 3582,Subversion
Client X,Org E,Project 144,Collection 659,41963,Repo 1096,Subversion
Client X,Org E,Project 144,Collection 659,44377,Repo 6586,Jira
Client X,Org E,Project 144,Collection 3217,79471,Repo 3692,Subversion
Client X,Org E,Project 144,Collection 3218,52528,Repo 1109,Subversion
Client X,Org E,Project 144,Collection 684,41985,Repo 1131,Subversion
Client X,Org E,Project 144,Collection 684,44399,Repo 6608,Jira
Client X,Org E,Project 144,Collection 696,43347,Repo 5482,Subversion
Client X,Org E,Project 144,Collection 696,45761,Repo 6621,Jira
Client X,Org E,Project 144,Collection 3257,54686,Repo 3716,Subversion
Client X,Org E,Project 144,Collection 3258,52552,Repo 1141,Subversion
Client X,Org E,Project 144,Collection 3261,52555,Repo 1145,Subversion
Client X,Org E,Project 144,Collection 707,42004,Repo 1154,Subversion
Client X,Org E,Project 144,Collection 707,44418,Repo 6632,Jira
Client X,Org E,Project 144,Collection 709,42006,Repo 1156,Subversion
Client X,Org E,Project 144,Collection 709,44420,Repo 6634,Jira
Client X,Org E,Project 144,Collection 3277,63909,Repo 3730,Subversion
Client X,Org E,Project 144,Collection 3469,82596,Repo 3848,Subversion
Client X,Org E,Project 144,Collection 3539,42139,Repo 1337,Subversion
Client X,Org E,Project 144,Collection 3539,44553,Repo 6761,Jira
Client X,Org E,Project 144,Collection 3556,52722,Repo 1349,Subversion
Client X,Org E,Project 144,Collection 952,82619,Repo 4069,Subversion
Client X,Org E,Project 144,Collection 4041,52984,Repo 1705,Subversion
Client X,Org E,Project 144,Collection 1064,42461,Repo 1795,Subversion
Client X,Org E,Project 144,Collection 1064,44875,Repo 7083,Jira
Client X,Org E,Project 144,Collection 4196,42462,Repo 1797,Subversion
Client X,Org E,Project 144,Collection 4196,44876,Repo 7084,Jira
Client X,Org E,Project 144,Collection 4198,42463,Repo 1798,Subversion
Client X,Org E,Project 144,Collection 4198,44877,Repo 7085,Jira
Client X,Org E,Project 144,Collection 4199,42464,Repo 1799,Subversion
Client X,Org E,Project 144,Collection 4199,44878,Repo 7086,Jira
Client X,Org E,Project 144,Collection 1066,43250,Repo 5361,Subversion
Client X,Org E,Project 144,Collection 1066,45664,Repo 7087,Jira
Client X,Org E,Project 144,Collection 4204,43251,Repo 5362,Subversion
Client X,Org E,Project 144,Collection 4204,45665,Repo 7088,Jira
Client X,Org E,Project 144,Collection 4205,53049,Repo 1801,Subversion
Client X,Org E,Project 144,Collection 4366,42550,Repo 1893,Subversion
Client X,Org E,Project 144,Collection 4366,44964,Repo 7164,Jira
Client X,Org E,Project 144,Collection 4368,42553,Repo 1895,Subversion
Client X,Org E,Project 144,Collection 4368,44967,Repo 7167,Jira
Client X,Org E,Project 144,Collection 1117,43468,Repo 5655,Subversion
Client X,Org E,Project 144,Collection 1117,45882,Repo 7172,Jira
Client X,Org E,Project 144,Collection 4386,79508,Repo 4387,Subversion
Client X,Org E,Project 144,Collection 4392,53125,Repo 4389,Subversion
Client X,Org E,Project 144,Collection 1130,42567,Repo 1917,Subversion
Client X,Org E,Project 144,Collection 1130,44981,Repo 7186,Jira
Client X,Org E,Project 144,Collection 4398,43377,Repo 5534,Subversion
Client X,Org E,Project 144,Collection 4398,45791,Repo 7188,Jira
Client X,Org E,Project 144,Collection 1137,42575,Repo 1926,Subversion
Client X,Org E,Project 144,Collection 1137,44989,Repo 7195,Jira
Client X,Org E,Project 144,Collection 1139,43261,Repo 5372,Subversion
Client X,Org E,Project 144,Collection 1139,45675,Repo 7197,Jira
Client X,Org E,Project 144,Collection 1292,79652,Repo 4830,Subversion
Client X,Org E,Project 144,Collection 1293,79380,Repo 4831,Subversion
Client X,Org E,Project 144,Collection 5018,79383,Repo 4878,Subversion
Client X,Org E,Project 144,Collection 1337,42801,Repo 2216,Subversion
Client X,Org E,Project 144,Collection 1337,45215,Repo 7421,Jira
Client X,Org E,Project 144,Collection 5092,53440,Repo 2250,Subversion
Client X,Org E,Project 144,Collection 5160,53479,Repo 2295,Subversion
Client X,Org E,Project 144,Collection 1382,54742,Repo 4968,Subversion
Client X,Org E,Project 144,Collection 5241,42959,Repo 2381,Subversion
Client X,Org E,Project 144,Collection 5241,45373,Repo 7543,Jira
Client X,Org E,Project 144,Collection 1489,82685,Repo 5123,Subversion
Client X,Org E,Project 144,Collection 5463,43061,Repo 2517,Subversion
Client X,Org E,Project 144,Collection 5463,45475,Repo 7633,Jira
Client X,Org E,Project 144,Collection 1495,54755,Repo 5131,Subversion
Client X,Org E,Project 145,Collection 1971,52003,Repo 231,Subversion
Client X,Org E,Project 145,Collection 1992,41271,Repo 244,Subversion
Client X,Org E,Project 145,Collection 1992,43685,Repo 5866,Jira
Client X,Org E,Project 145,Collection 362,41512,Repo 554,Subversion
Client X,Org E,Project 145,Collection 362,43926,Repo 6126,Jira
Client X,Org E,Project 145,Collection 2657,52293,Repo 666,Subversion
Client X,Org E,Project 145,Collection 544,43205,Repo 5322,Subversion
Client X,Org E,Project 145,Collection 544,45619,Repo 6450,Jira
Client X,Org E,Project 145,Collection 3005,52426,Repo 968,Subversion
Client X,Org E,Project 145,Collection 802,42121,Repo 5493,Subversion
Client X,Org E,Project 145,Collection 802,44535,Repo 6744,Jira
Client X,Org E,Project 145,Collection 4260,53076,Repo 1832,Subversion
Client X,Org E,Project 145,Collection 1079,53078,Repo 4314,Subversion
Client X,Org E,Project 145,Collection 4263,53079,Repo 4315,Subversion
Client X,Org E,Project 145,Collection 4365,42549,Repo 1892,Subversion
Client X,Org E,Project 145,Collection 4365,44963,Repo 7163,Jira
Client X,Org E,Project 145,Collection 1114,42552,Repo 5529,Subversion
Client X,Org E,Project 145,Collection 1114,44966,Repo 7166,Jira
Client X,Org E,Project 145,Collection 1115,43375,Repo 5530,Subversion
Client X,Org E,Project 145,Collection 1115,45789,Repo 7170,Jira
Client X,Org E,Project 145,Collection 1138,42576,Repo 1928,Subversion
Client X,Org E,Project 145,Collection 1138,44990,Repo 7196,Jira
Client X,Org E,Project 145,Collection 4418,53136,Repo 1929,Subversion
Client X,Org E,Project 145,Collection 5076,53425,Repo 2237,Subversion
Client X,Org E,Project 145,Collection 1442,42982,Repo 2413,Subversion
Client X,Org E,Project 145,Collection 1442,45396,Repo 7566,Jira
Client X,Org E,Project 145,Collection 5607,53727,Repo 2608,Subversion
Client X,Org E,Project 146,Collection 34,41113,Repo 39,Subversion
Client X,Org E,Project 146,Collection 34,43527,Repo 5719,Jira
Client X,Org E,Project 146,Collection 1906,41234,Repo 192,Subversion
Client X,Org E,Project 146,Collection 1906,43648,Repo 5834,Jira
Client X,Org E,Project 146,Collection 141,41269,Repo 239,Subversion
Client X,Org E,Project 146,Collection 141,43683,Repo 5864,Jira
Client X,Org E,Project 146,Collection 2000,41274,Repo 247,Subversion
Client X,Org E,Project 146,Collection 2000,43688,Repo 5869,Jira
Client X,Org E,Project 146,Collection 146,41275,Repo 248,Subversion
Client X,Org E,Project 146,Collection 146,43689,Repo 5870,Jira
Client X,Org E,Project 146,Collection 147,41276,Repo 249,Subversion
Client X,Org E,Project 146,Collection 147,43690,Repo 5871,Jira
Client X,Org E,Project 146,Collection 2227,52137,Repo 3093,Subversion
Client X,Org E,Project 146,Collection 2342,41455,Repo 484,Subversion
Client X,Org E,Project 146,Collection 2342,43869,Repo 6062,Jira
Client X,Org E,Project 146,Collection 434,43323,Repo 5447,Subversion
Client X,Org E,Project 146,Collection 434,45737,Repo 6204,Jira
Client X,Org E,Project 146,Collection 2647,52288,Repo 3400,Subversion
Client X,Org E,Project 146,Collection 3160,41952,Repo 1078,Subversion
Client X,Org E,Project 146,Collection 3160,44366,Repo 6573,Jira
Client X,Org E,Project 146,Collection 697,41997,Repo 1142,Subversion
Client X,Org E,Project 146,Collection 697,44411,Repo 6622,Jira
Client X,Org E,Project 146,Collection 3264,41999,Repo 1147,Subversion
Client X,Org E,Project 146,Collection 3264,44413,Repo 6624,Jira
Client X,Org E,Project 146,Collection 741,42054,Repo 1220,Subversion
Client X,Org E,Project 146,Collection 741,44468,Repo 6674,Jira
Client X,Org E,Project 146,Collection 746,42056,Repo 1226,Subversion
Client X,Org E,Project 146,Collection 746,44470,Repo 6677,Jira
Client X,Org E,Project 146,Collection 784,43223,Repo 5339,Subversion
Client X,Org E,Project 146,Collection 784,45637,Repo 6719,Jira
Client X,Org E,Project 146,Collection 797,43225,Repo 5341,Subversion
Client X,Org E,Project 146,Collection 797,45639,Repo 6741,Jira
Client X,Org E,Project 146,Collection 800,43454,Repo 5635,Subversion
Client X,Org E,Project 146,Collection 800,45868,Repo 6743,Jira
Client X,Org E,Project 146,Collection 3494,52675,Repo 3861,Subversion
Client X,Org E,Project 146,Collection 880,43357,Repo 5500,Subversion
Client X,Org E,Project 146,Collection 880,45771,Repo 6850,Jira
Client X,Org E,Project 146,Collection 3774,42267,Repo 1524,Subversion
Client X,Org E,Project 146,Collection 3774,44681,Repo 6881,Jira
Client X,Org E,Project 146,Collection 3899,42325,Repo 1618,Subversion
Client X,Org E,Project 146,Collection 3899,44739,Repo 6949,Jira
Client X,Org E,Project 146,Collection 4028,42388,Repo 1700,Subversion
Client X,Org E,Project 146,Collection 4028,44802,Repo 7008,Jira
Client X,Org E,Project 146,Collection 4234,53062,Repo 1819,Subversion
Client X,Org E,Project 146,Collection 4274,42500,Repo 1843,Subversion
Client X,Org E,Project 146,Collection 4274,44914,Repo 7117,Jira
Client X,Org E,Project 146,Collection 4338,42539,Repo 1884,Subversion
Client X,Org E,Project 146,Collection 4338,44953,Repo 7156,Jira
Client X,Org E,Project 146,Collection 1131,42568,Repo 1918,Subversion
Client X,Org E,Project 146,Collection 1131,44982,Repo 7187,Jira
Client X,Org E,Project 146,Collection 4422,53140,Repo 1931,Subversion
Client X,Org E,Project 146,Collection 5100,42830,Repo 2254,Subversion
Client X,Org E,Project 146,Collection 5100,45244,Repo 7447,Jira
Client X,Org E,Project 146,Collection 5139,42881,Repo 2281,Subversion
Client X,Org E,Project 146,Collection 5139,45295,Repo 7462,Jira
Client X,Org E,Project 146,Collection 5140,42882,Repo 2282,Subversion
Client X,Org E,Project 146,Collection 5140,45296,Repo 7463,Jira
Client X,Org E,Project 146,Collection 5183,53495,Repo 2316,Subversion
Client X,Org E,Project 147,Collection 1611,41088,Repo 10,Subversion
Client X,Org E,Project 147,Collection 1611,43502,Repo 5690,Jira
Client X,Org E,Project 147,Collection 88,43169,Repo 5288,Subversion
Client X,Org E,Project 147,Collection 88,45583,Repo 5789,Jira
Client X,Org E,Project 147,Collection 101,41207,Repo 165,Subversion
Client X,Org E,Project 147,Collection 101,43621,Repo 5813,Jira
Client X,Org E,Project 147,Collection 224,43177,Repo 5296,Subversion
Client X,Org E,Project 147,Collection 224,45591,Repo 5948,Jira
Client X,Org E,Project 147,Collection 2127,52085,Repo 344,Subversion
Client X,Org E,Project 147,Collection 230,41359,Repo 5603,Subversion
Client X,Org E,Project 147,Collection 230,43773,Repo 5959,Jira
Client X,Org E,Project 147,Collection 355,41504,Repo 543,Subversion
Client X,Org E,Project 147,Collection 355,43918,Repo 6117,Jira
Client X,Org E,Project 147,Collection 2460,52218,Repo 3263,Subversion
Client X,Org E,Project 147,Collection 565,52402,Repo 3531,Subversion
Client X,Org E,Project 147,Collection 2974,41858,Repo 949,Subversion
Client X,Org E,Project 147,Collection 2974,44272,Repo 6483,Jira
Client X,Org E,Project 147,Collection 3281,42008,Repo 1160,Subversion
Client X,Org E,Project 147,Collection 3281,44422,Repo 6636,Jira
Client X,Org E,Project 147,Collection 5563,43110,Repo 2580,Subversion
Client X,Org E,Project 147,Collection 5563,45524,Repo 7681,Jira
Client X,Org E,Project 148,Collection 1935,41245,Repo 207,Subversion
Client X,Org E,Project 148,Collection 1935,43659,Repo 5843,Jira
Client X,Org E,Project 148,Collection 225,52086,Repo 345,Subversion
Client X,Org E,Project 148,Collection 266,79424,Repo 3100,Subversion
Client X,Org E,Project 148,Collection 356,82554,Repo 3264,Subversion
Client X,Org E,Project 148,Collection 2667,84030,Repo 3411,Subversion
Client X,Org E,Project 148,Collection 3063,54678,Repo 3587,Subversion
Client X,Org E,Project 148,Collection 3345,52605,Repo 3769,Subversion
Client X,Org E,Project 148,Collection 3346,52606,Repo 3770,Subversion
Client X,Org E,Project 148,Collection 3347,52607,Repo 3772,Subversion
Client X,Org E,Project 148,Collection 3348,52608,Repo 3771,Subversion
Client X,Org E,Project 148,Collection 3462,52666,Repo 3844,Subversion
Client X,Org E,Project 148,Collection 3941,42349,Repo 1647,Subversion
Client X,Org E,Project 148,Collection 3941,44763,Repo 6973,Jira
Client X,Org E,Project 148,Collection 1067,79608,Repo 4279,Subversion
Client X,Org E,Project 148,Collection 4254,53072,Repo 1827,Subversion
Client X,Org E,Project 148,Collection 1124,42561,Repo 1903,Subversion
Client X,Org E,Project 148,Collection 1124,44975,Repo 7179,Jira
Client X,Org E,Project 148,Collection 4394,53127,Repo 1916,Subversion
Client X,Org E,Project 148,Collection 4432,42581,Repo 1939,Subversion
Client X,Org E,Project 148,Collection 4432,44995,Repo 7203,Jira
Client X,Org E,Project 148,Collection 4466,82644,Repo 4423,Subversion
Client X,Org E,Project 148,Collection 4508,97494,Repo 4452,Subversion
Client X,Org E,Project 148,Collection 5085,42821,Repo 2246,Subversion
Client X,Org E,Project 148,Collection 5085,45235,Repo 7439,Jira
Client X,Org E,Project 148,Collection 5270,43409,Repo 5572,Subversion
Client X,Org E,Project 148,Collection 5270,45823,Repo 7557,Jira
Client X,Org E,Project 148,Collection 5483,43082,Repo 2539,Subversion
Client X,Org E,Project 148,Collection 5483,45496,Repo 7655,Jira
Client X,Org E,Project 148,Collection 5485,53665,Repo 5143,Subversion
Client X,Org E,Project 148,Collection 5671,53755,Repo 5277,Subversion
Client X,Org E,Project 344,Collection 3220,52529,Repo 1110,Subversion
Client X,Org E,Project 345,Collection 4516,64261,Repo 4462,Subversion
Client X,Org E,Project 345,Collection 5159,64084,Repo 4966,Subversion
Client X,Org E,Project 149,Collection 168,43175,Repo 5294,Subversion
Client X,Org E,Project 149,Collection 168,45589,Repo 5898,Jira
Client X,Org E,Project 149,Collection 2932,43334,Repo 5461,Subversion
Client X,Org E,Project 149,Collection 2932,45748,Repo 6448,Jira
Client X,Org E,Project 149,Collection 1010,42409,Repo 5520,Subversion
Client X,Org E,Project 149,Collection 1010,44823,Repo 7029,Jira
Client X,Org E,Project 149,Collection 5220,42948,Repo 2363,Subversion
Client X,Org E,Project 149,Collection 5220,45362,Repo 7532,Jira
Client X,Org E,Project 150,Collection 3065,41906,Repo 1015,Subversion
Client X,Org E,Project 150,Collection 3065,44320,Repo 6531,Jira
Client X,Org E,Project 150,Collection 4362,42544,Repo 1891,Subversion
Client X,Org E,Project 150,Collection 4362,44958,Repo 7161,Jira
Client X,Org E,Project 150,Collection 4542,42650,Repo 2019,Subversion
Client X,Org E,Project 150,Collection 4542,45064,Repo 7265,Jira
Client X,Org E,Project 150,Collection 4950,42756,Repo 2162,Subversion
Client X,Org E,Project 150,Collection 4950,45170,Repo 7372,Jira
Client X,Org E,Project 150,Collection 1363,42831,Repo 2257,Subversion
Client X,Org E,Project 150,Collection 1363,45245,Repo 7449,Jira
Client X,Org E,Project 346,Collection 4547,42657,Repo 2026,Subversion
Client X,Org E,Project 346,Collection 4547,45071,Repo 7272,Jira
Client X,Org E,Project 346,Collection 5093,42826,Repo 2251,Subversion
Client X,Org E,Project 346,Collection 5093,45240,Repo 7444,Jira
Client X,Org E,Project 151,Collection 180,41305,Repo 283,Subversion
Client X,Org E,Project 151,Collection 180,43719,Repo 5904,Jira
Client X,Org E,Project 151,Collection 763,42070,Repo 1245,Subversion
Client X,Org E,Project 151,Collection 763,44484,Repo 6691,Jira
Client X,Org E,Project 152,Collection 1760,41169,Repo 5597,Subversion
Client X,Org E,Project 152,Collection 1760,43583,Repo 5773,Jira
Client X,Org E,Project 152,Collection 1782,41175,Repo 129,Subversion
Client X,Org E,Project 152,Collection 1782,43589,Repo 5780,Jira
Client X,Org E,Project 152,Collection 84,41176,Repo 5402,Subversion
Client X,Org E,Project 152,Collection 84,43590,Repo 5781,Jira
Client X,Org E,Project 152,Collection 156,41288,Repo 5409,Subversion
Client X,Org E,Project 152,Collection 156,43702,Repo 5883,Jira
Client X,Org E,Project 152,Collection 395,41570,Repo 624,Subversion
Client X,Org E,Project 152,Collection 395,43984,Repo 6175,Jira
Client X,Org E,Project 152,Collection 591,41887,Repo 992,Subversion
Client X,Org E,Project 152,Collection 591,44301,Repo 6515,Jira
Client X,Org E,Project 152,Collection 749,42059,Repo 1229,Subversion
Client X,Org E,Project 152,Collection 749,44473,Repo 6679,Jira
Client X,Org E,Project 152,Collection 3381,42061,Repo 5487,Subversion
Client X,Org E,Project 152,Collection 3381,44475,Repo 6681,Jira
Client X,Org E,Project 152,Collection 3611,42172,Repo 1393,Subversion
Client X,Org E,Project 152,Collection 3611,44586,Repo 6791,Jira
Client X,Org E,Project 152,Collection 4308,43256,Repo 5367,Subversion
Client X,Org E,Project 152,Collection 4308,45670,Repo 7137,Jira
Client X,Org E,Project 152,Collection 1102,42520,Repo 5652,Subversion
Client X,Org E,Project 152,Collection 1102,44934,Repo 7138,Jira
Client X,Org E,Project 152,Collection 4310,42522,Repo 5653,Subversion
Client X,Org E,Project 152,Collection 4310,44936,Repo 7139,Jira
Client X,Org E,Project 152,Collection 4376,43469,Repo 5656,Subversion
Client X,Org E,Project 152,Collection 4376,45883,Repo 7180,Jira
Client X,Org E,Project 152,Collection 1334,42796,Repo 5560,Subversion
Client X,Org E,Project 152,Collection 1334,45210,Repo 7417,Jira
Client X,Org E,Project 152,Collection 5083,42819,Repo 2243,Subversion
Client X,Org E,Project 152,Collection 5083,45233,Repo 7438,Jira
Client X,Org E,Project 152,Collection 5086,42822,Repo 2247,Subversion
Client X,Org E,Project 152,Collection 5086,45236,Repo 7440,Jira
Client X,Org E,Project 152,Collection 1358,42823,Repo 5562,Subversion
Client X,Org E,Project 152,Collection 1358,45237,Repo 7441,Jira
Client X,Org E,Project 152,Collection 1359,42824,Repo 2248,Subversion
Client X,Org E,Project 152,Collection 1359,45238,Repo 7442,Jira
Client X,Org E,Project 152,Collection 1362,43271,Repo 5381,Subversion
Client X,Org E,Project 152,Collection 1362,45685,Repo 7448,Jira
Client X,Org E,Project 152,Collection 5107,42832,Repo 2258,Subversion
Client X,Org E,Project 152,Collection 5107,45246,Repo 7450,Jira
Client X,Org E,Project 347,Collection 3390,42066,Repo 1235,Subversion
Client X,Org E,Project 347,Collection 3390,44480,Repo 6686,Jira
Client X,Org E,Project 153,Collection 1674,82516,Repo 2727,Subversion
Client X,Org E,Project 153,Collection 1778,63792,Repo 2797,Subversion
Client X,Org E,Project 153,Collection 1943,83670,Repo 2903,Subversion
Client X,Org E,Project 153,Collection 1944,83672,Repo 2904,Subversion
Client X,Org E,Project 153,Collection 1945,83674,Repo 2905,Subversion
Client X,Org E,Project 153,Collection 1946,83676,Repo 2906,Subversion
Client X,Org E,Project 153,Collection 159,43173,Repo 5292,Subversion
Client X,Org E,Project 153,Collection 159,45587,Repo 5885,Jira
Client X,Org E,Project 153,Collection 2319,41450,Repo 474,Subversion
Client X,Org E,Project 153,Collection 2319,43864,Repo 6055,Jira
Client X,Org E,Project 153,Collection 352,52215,Repo 3257,Subversion
Client X,Org E,Project 153,Collection 353,43190,Repo 5309,Subversion
Client X,Org E,Project 153,Collection 353,45604,Repo 6112,Jira
Client X,Org E,Project 153,Collection 2453,52217,Repo 538,Subversion
Client X,Org E,Project 153,Collection 502,41718,Repo 799,Subversion
Client X,Org E,Project 153,Collection 502,44132,Repo 6335,Jira
Client X,Org E,Project 153,Collection 503,43203,Repo 5320,Subversion
Client X,Org E,Project 153,Collection 503,45617,Repo 6336,Jira
Client X,Org E,Project 153,Collection 2819,41719,Repo 800,Subversion
Client X,Org E,Project 153,Collection 2819,44133,Repo 6337,Jira
Client X,Org E,Project 153,Collection 504,41720,Repo 801,Subversion
Client X,Org E,Project 153,Collection 504,44134,Repo 6338,Jira
Client X,Org E,Project 153,Collection 2999,41868,Repo 965,Subversion
Client X,Org E,Project 153,Collection 2999,44282,Repo 6494,Jira
Client X,Org E,Project 153,Collection 776,53774,Repo 3832,Subversion
Client X,Org E,Project 153,Collection 780,43222,Repo 5338,Subversion
Client X,Org E,Project 153,Collection 780,45636,Repo 6717,Jira
Client X,Org E,Project 153,Collection 812,43226,Repo 5342,Subversion
Client X,Org E,Project 153,Collection 812,45640,Repo 6764,Jira
Client X,Org E,Project 153,Collection 3546,63935,Repo 3890,Subversion
Client X,Org E,Project 153,Collection 813,43227,Repo 5343,Subversion
Client X,Org E,Project 153,Collection 813,45641,Repo 6765,Jira
Client X,Org E,Project 153,Collection 821,42150,Repo 1361,Subversion
Client X,Org E,Project 153,Collection 821,44564,Repo 6773,Jira
Client X,Org E,Project 153,Collection 3609,52747,Repo 1391,Subversion
Client X,Org E,Project 153,Collection 1032,42437,Repo 1753,Subversion
Client X,Org E,Project 153,Collection 1032,44851,Repo 7055,Jira
Client X,Org E,Project 153,Collection 4248,53069,Repo 4308,Subversion
Client X,Org E,Project 153,Collection 1118,43258,Repo 5369,Subversion
Client X,Org E,Project 153,Collection 1118,45672,Repo 7173,Jira
Client X,Org E,Project 153,Collection 1120,42556,Repo 1898,Subversion
Client X,Org E,Project 153,Collection 1120,44970,Repo 7174,Jira
Client X,Org E,Project 153,Collection 1149,43379,Repo 5538,Subversion
Client X,Org E,Project 153,Collection 1149,45793,Repo 7217,Jira
Client X,Org E,Project 153,Collection 1156,42603,Repo 1969,Subversion
Client X,Org E,Project 153,Collection 1156,45017,Repo 7226,Jira
Client X,Org E,Project 153,Collection 4552,42659,Repo 2029,Subversion
Client X,Org E,Project 153,Collection 4552,45073,Repo 7274,Jira
Client X,Org E,Project 153,Collection 1231,42681,Repo 2064,Subversion
Client X,Org E,Project 153,Collection 1231,45095,Repo 7297,Jira
Client X,Org E,Project 153,Collection 4835,42702,Repo 2083,Subversion
Client X,Org E,Project 153,Collection 4835,45116,Repo 7319,Jira
Client X,Org E,Project 153,Collection 4911,42737,Repo 2137,Subversion
Client X,Org E,Project 153,Collection 4911,45151,Repo 7358,Jira
Client X,Org E,Project 153,Collection 5303,79535,Repo 5032,Subversion
Client X,Org E,Project 153,Collection 5666,97304,Repo 5273,Subversion
Client X,Org E,Project 154,Collection 1658,51854,Repo 2717,Subversion
Client X,Org E,Project 154,Collection 1697,51872,Repo 83,Subversion
Client X,Org E,Project 154,Collection 1729,51886,Repo 2767,Subversion
Client X,Org E,Project 154,Collection 1730,51887,Repo 100,Subversion
Client X,Org E,Project 154,Collection 91,51914,Repo 2811,Subversion
Client X,Org E,Project 154,Collection 1840,41204,Repo 159,Subversion
Client X,Org E,Project 154,Collection 1840,43618,Repo 5810,Jira
Client X,Org E,Project 154,Collection 1916,41240,Repo 198,Subversion
Client X,Org E,Project 154,Collection 1916,43654,Repo 5838,Jira
Client X,Org E,Project 154,Collection 1996,63811,Repo 2949,Subversion
Client X,Org E,Project 154,Collection 2186,41380,Repo 389,Subversion
Client X,Org E,Project 154,Collection 2186,43794,Repo 5980,Jira
Client X,Org E,Project 154,Collection 2187,79311,Repo 3072,Subversion
Client X,Org E,Project 154,Collection 2224,41398,Repo 411,Subversion
Client X,Org E,Project 154,Collection 2224,43812,Repo 5998,Jira
Client X,Org E,Project 154,Collection 2230,63831,Repo 3095,Subversion
Client X,Org E,Project 154,Collection 265,41414,Repo 427,Subversion
Client X,Org E,Project 154,Collection 265,43828,Repo 6016,Jira
Client X,Org E,Project 154,Collection 357,82555,Repo 3269,Subversion
Client X,Org E,Project 154,Collection 369,41525,Repo 571,Subversion
Client X,Org E,Project 154,Collection 369,43939,Repo 6138,Jira
Client X,Org E,Project 154,Collection 2524,43318,Repo 5441,Subversion
Client X,Org E,Project 154,Collection 2524,45732,Repo 6148,Jira
Client X,Org E,Project 154,Collection 382,41555,Repo 610,Subversion
Client X,Org E,Project 154,Collection 382,43969,Repo 6162,Jira
Client X,Org E,Project 154,Collection 384,41556,Repo 611,Subversion
Client X,Org E,Project 154,Collection 384,43970,Repo 6164,Jira
Client X,Org E,Project 154,Collection 385,41557,Repo 612,Subversion
Client X,Org E,Project 154,Collection 385,43971,Repo 6165,Jira
Client X,Org E,Project 154,Collection 400,64174,Repo 3360,Subversion
Client X,Org E,Project 154,Collection 403,41575,Repo 629,Subversion
Client X,Org E,Project 154,Collection 403,43989,Repo 6181,Jira
Client X,Org E,Project 154,Collection 442,64180,Repo 3412,Subversion
Client X,Org E,Project 154,Collection 2682,52307,Repo 684,Subversion
Client X,Org E,Project 154,Collection 2697,52315,Repo 3430,Subversion
Client X,Org E,Project 154,Collection 2698,52316,Repo 697,Subversion
Client X,Org E,Project 154,Collection 2842,84073,Repo 3479,Subversion
Client X,Org E,Project 154,Collection 520,43332,Repo 5459,Subversion
Client X,Org E,Project 154,Collection 520,45746,Repo 6366,Jira
Client X,Org E,Project 154,Collection 2843,64182,Repo 3481,Subversion
Client X,Org E,Project 154,Collection 545,41828,Repo 918,Subversion
Client X,Org E,Project 154,Collection 545,44242,Repo 6451,Jira
Client X,Org E,Project 154,Collection 2956,79458,Repo 3517,Subversion
Client X,Org E,Project 154,Collection 561,43335,Repo 5464,Subversion
Client X,Org E,Project 154,Collection 561,45749,Repo 6474,Jira
Client X,Org E,Project 154,Collection 572,43442,Repo 5624,Subversion
Client X,Org E,Project 154,Collection 572,45856,Repo 6489,Jira
Client X,Org E,Project 154,Collection 600,41895,Repo 1004,Subversion
Client X,Org E,Project 154,Collection 600,44309,Repo 6524,Jira
Client X,Org E,Project 154,Collection 602,82571,Repo 3572,Subversion
Client X,Org E,Project 154,Collection 627,41940,Repo 1056,Subversion
Client X,Org E,Project 154,Collection 627,44354,Repo 6560,Jira
Client X,Org E,Project 154,Collection 3144,52498,Repo 3632,Subversion
Client X,Org E,Project 154,Collection 3158,79469,Repo 3646,Subversion
Client X,Org E,Project 154,Collection 3219,64205,Repo 3693,Subversion
Client X,Org E,Project 154,Collection 670,41971,Repo 1112,Subversion
Client X,Org E,Project 154,Collection 670,44385,Repo 6595,Jira
Client X,Org E,Project 154,Collection 3223,52530,Repo 1113,Subversion
Client X,Org E,Project 154,Collection 700,52560,Repo 3725,Subversion
Client X,Org E,Project 154,Collection 717,42014,Repo 1169,Subversion
Client X,Org E,Project 154,Collection 717,44428,Repo 6642,Jira
Client X,Org E,Project 154,Collection 727,64212,Repo 3756,Subversion
Client X,Org E,Project 154,Collection 3325,64213,Repo 3761,Subversion
Client X,Org E,Project 154,Collection 3458,42100,Repo 1289,Subversion
Client X,Org E,Project 154,Collection 3458,44514,Repo 6721,Jira
Client X,Org E,Project 154,Collection 3467,42102,Repo 1292,Subversion
Client X,Org E,Project 154,Collection 3467,44516,Repo 6724,Jira
Client X,Org E,Project 154,Collection 3522,63931,Repo 3876,Subversion
Client X,Org E,Project 154,Collection 3538,42138,Repo 1336,Subversion
Client X,Org E,Project 154,Collection 3538,44552,Repo 6760,Jira
Client X,Org E,Project 154,Collection 3544,42142,Repo 1342,Subversion
Client X,Org E,Project 154,Collection 3544,44556,Repo 6763,Jira
Client X,Org E,Project 154,Collection 819,42148,Repo 1358,Subversion
Client X,Org E,Project 154,Collection 819,44562,Repo 6771,Jira
Client X,Org E,Project 154,Collection 826,42163,Repo 1379,Subversion
Client X,Org E,Project 154,Collection 826,44577,Repo 6784,Jira
Client X,Org E,Project 154,Collection 3595,52739,Repo 3914,Subversion
Client X,Org E,Project 154,Collection 842,42181,Repo 1406,Subversion
Client X,Org E,Project 154,Collection 842,44595,Repo 6801,Jira
Client X,Org E,Project 154,Collection 3660,52777,Repo 1433,Subversion
Client X,Org E,Project 154,Collection 862,43456,Repo 5636,Subversion
Client X,Org E,Project 154,Collection 862,45870,Repo 6828,Jira
Client X,Org E,Project 154,Collection 873,42231,Repo 1473,Subversion
Client X,Org E,Project 154,Collection 873,44645,Repo 6843,Jira
Client X,Org E,Project 154,Collection 3713,43356,Repo 5499,Subversion
Client X,Org E,Project 154,Collection 3713,45770,Repo 6845,Jira
Client X,Org E,Project 154,Collection 878,43458,Repo 5638,Subversion
Client X,Org E,Project 154,Collection 878,45872,Repo 6849,Jira
Client X,Org E,Project 154,Collection 884,43358,Repo 5501,Subversion
Client X,Org E,Project 154,Collection 884,45772,Repo 6859,Jira
Client X,Org E,Project 154,Collection 3747,42254,Repo 1505,Subversion
Client X,Org E,Project 154,Collection 3747,44668,Repo 6865,Jira
Client X,Org E,Project 154,Collection 3777,42270,Repo 1527,Subversion
Client X,Org E,Project 154,Collection 3777,44684,Repo 6886,Jira
Client X,Org E,Project 154,Collection 972,42350,Repo 1648,Subversion
Client X,Org E,Project 154,Collection 972,44764,Repo 6974,Jira
Client X,Org E,Project 154,Collection 3958,52941,Repo 1655,Subversion
Client X,Org E,Project 154,Collection 977,43247,Repo 5358,Subversion
Client X,Org E,Project 154,Collection 977,45661,Repo 6981,Jira
Client X,Org E,Project 154,Collection 978,42356,Repo 1656,Subversion
Client X,Org E,Project 154,Collection 978,44770,Repo 6982,Jira
Client X,Org E,Project 154,Collection 3959,42357,Repo 1657,Subversion
Client X,Org E,Project 154,Collection 3959,44771,Repo 6983,Jira
Client X,Org E,Project 154,Collection 3960,42358,Repo 1658,Subversion
Client X,Org E,Project 154,Collection 3960,44772,Repo 6984,Jira
Client X,Org E,Project 154,Collection 989,42371,Repo 1681,Subversion
Client X,Org E,Project 154,Collection 989,44785,Repo 6994,Jira
Client X,Org E,Project 154,Collection 995,42386,Repo 1698,Subversion
Client X,Org E,Project 154,Collection 995,44800,Repo 7006,Jira
Client X,Org E,Project 154,Collection 4027,42387,Repo 1699,Subversion
Client X,Org E,Project 154,Collection 4027,44801,Repo 7007,Jira
Client X,Org E,Project 154,Collection 1028,42433,Repo 1748,Subversion
Client X,Org E,Project 154,Collection 1028,44847,Repo 7051,Jira
Client X,Org E,Project 154,Collection 1038,42441,Repo 1758,Subversion
Client X,Org E,Project 154,Collection 1038,44855,Repo 7060,Jira
Client X,Org E,Project 154,Collection 1041,53024,Repo 4239,Subversion
Client X,Org E,Project 154,Collection 4153,53025,Repo 5521,Subversion
Client X,Org E,Project 154,Collection 4154,53026,Repo 4240,Subversion
Client X,Org E,Project 154,Collection 4155,42447,Repo 1769,Subversion
Client X,Org E,Project 154,Collection 4155,44861,Repo 7067,Jira
Client X,Org E,Project 154,Collection 1042,42448,Repo 1770,Subversion
Client X,Org E,Project 154,Collection 1042,44862,Repo 7068,Jira
Client X,Org E,Project 154,Collection 1043,43370,Repo 5522,Subversion
Client X,Org E,Project 154,Collection 1043,45784,Repo 7069,Jira
Client X,Org E,Project 154,Collection 1047,43249,Repo 5360,Subversion
Client X,Org E,Project 154,Collection 1047,45663,Repo 7071,Jira
Client X,Org E,Project 154,Collection 1080,43253,Repo 5364,Subversion
Client X,Org E,Project 154,Collection 1080,45667,Repo 7105,Jira
Client X,Org E,Project 154,Collection 1082,43254,Repo 5365,Subversion
Client X,Org E,Project 154,Collection 1082,45668,Repo 7108,Jira
Client X,Org E,Project 154,Collection 4426,53144,Repo 1934,Subversion
Client X,Org E,Project 154,Collection 1148,42591,Repo 1958,Subversion
Client X,Org E,Project 154,Collection 1148,45005,Repo 7214,Jira
Client X,Org E,Project 154,Collection 1151,42595,Repo 1961,Subversion
Client X,Org E,Project 154,Collection 1151,45009,Repo 7219,Jira
Client X,Org E,Project 154,Collection 1159,42606,Repo 1972,Subversion
Client X,Org E,Project 154,Collection 1159,45020,Repo 7228,Jira
Client X,Org E,Project 154,Collection 4511,43381,Repo 5544,Subversion
Client X,Org E,Project 154,Collection 4511,45795,Repo 7249,Jira
Client X,Org E,Project 154,Collection 4908,42735,Repo 2134,Subversion
Client X,Org E,Project 154,Collection 4908,45149,Repo 7356,Jira
Client X,Org E,Project 154,Collection 4942,42752,Repo 2158,Subversion
Client X,Org E,Project 154,Collection 4942,45166,Repo 7369,Jira
Client X,Org E,Project 154,Collection 5007,53395,Repo 4871,Subversion
Client X,Org E,Project 154,Collection 5017,53398,Repo 4877,Subversion
Client X,Org E,Project 154,Collection 5088,42825,Repo 2249,Subversion
Client X,Org E,Project 154,Collection 5088,45239,Repo 7443,Jira
Client X,Org E,Project 154,Collection 1368,42873,Repo 2269,Subversion
Client X,Org E,Project 154,Collection 1368,45287,Repo 7456,Jira
Client X,Org E,Project 154,Collection 1386,42891,Repo 2299,Subversion
Client X,Org E,Project 154,Collection 1386,45305,Repo 7475,Jira
Client X,Org E,Project 154,Collection 1387,43403,Repo 5568,Subversion
Client X,Org E,Project 154,Collection 1387,45817,Repo 7476,Jira
Client X,Org E,Project 154,Collection 1396,42903,Repo 2310,Subversion
Client X,Org E,Project 154,Collection 1396,45317,Repo 7485,Jira
Client X,Org E,Project 154,Collection 1397,42904,Repo 2311,Subversion
Client X,Org E,Project 154,Collection 1397,45318,Repo 7486,Jira
Client X,Org E,Project 154,Collection 1402,42911,Repo 2320,Subversion
Client X,Org E,Project 154,Collection 1402,45325,Repo 7492,Jira
Client X,Org E,Project 154,Collection 5207,42934,Repo 2349,Subversion
Client X,Org E,Project 154,Collection 5207,45348,Repo 7519,Jira
Client X,Org E,Project 154,Collection 5208,42935,Repo 2350,Subversion
Client X,Org E,Project 154,Collection 5208,45349,Repo 7520,Jira
Client X,Org E,Project 154,Collection 5209,42936,Repo 2351,Subversion
Client X,Org E,Project 154,Collection 5209,45350,Repo 7521,Jira
Client X,Org E,Project 154,Collection 5210,42937,Repo 2352,Subversion
Client X,Org E,Project 154,Collection 5210,45351,Repo 7522,Jira
Client X,Org E,Project 154,Collection 5211,42938,Repo 2353,Subversion
Client X,Org E,Project 154,Collection 5211,45352,Repo 7523,Jira
Client X,Org E,Project 154,Collection 5212,42939,Repo 2354,Subversion
Client X,Org E,Project 154,Collection 5212,45353,Repo 7524,Jira
Client X,Org E,Project 154,Collection 5213,42940,Repo 2355,Subversion
Client X,Org E,Project 154,Collection 5213,45354,Repo 7525,Jira
Client X,Org E,Project 154,Collection 1415,42941,Repo 2356,Subversion
Client X,Org E,Project 154,Collection 1415,45355,Repo 7526,Jira
Client X,Org E,Project 154,Collection 5214,42942,Repo 2357,Subversion
Client X,Org E,Project 154,Collection 5214,45356,Repo 7527,Jira
Client X,Org E,Project 154,Collection 1416,42943,Repo 2358,Subversion
Client X,Org E,Project 154,Collection 1416,45357,Repo 7528,Jira
Client X,Org E,Project 154,Collection 5215,42944,Repo 2359,Subversion
Client X,Org E,Project 154,Collection 5215,45358,Repo 7529,Jira
Client X,Org E,Project 154,Collection 5218,42946,Repo 2361,Subversion
Client X,Org E,Project 154,Collection 5218,45360,Repo 7530,Jira
Client X,Org E,Project 154,Collection 5243,42960,Repo 2383,Subversion
Client X,Org E,Project 154,Collection 5243,45374,Repo 7544,Jira
Client X,Org E,Project 154,Collection 1437,53559,Repo 5010,Subversion
Client X,Org E,Project 154,Collection 5307,42986,Repo 2419,Subversion
Client X,Org E,Project 154,Collection 5307,45400,Repo 7570,Jira
Client X,Org E,Project 154,Collection 5309,53575,Repo 5576,Subversion
Client X,Org E,Project 154,Collection 1448,53577,Repo 5038,Subversion
Client X,Org E,Project 154,Collection 5470,53653,Repo 2519,Subversion
Client X,Org E,Project 154,Collection 1497,43065,Repo 2520,Subversion
Client X,Org E,Project 154,Collection 1497,45479,Repo 7636,Jira
Client X,Org E,Project 154,Collection 5476,53659,Repo 2525,Subversion
Client X,Org E,Project 154,Collection 5536,43418,Repo 5588,Subversion
Client X,Org E,Project 154,Collection 5536,45832,Repo 7671,Jira
Client X,Org E,Project 154,Collection 1540,43103,Repo 2570,Subversion
Client X,Org E,Project 154,Collection 1540,45517,Repo 7673,Jira
Client X,Org E,Project 154,Collection 5602,43123,Repo 2602,Subversion
Client X,Org E,Project 154,Collection 5602,45537,Repo 7697,Jira
Client X,Org E,Project 154,Collection 5604,43124,Repo 2603,Subversion
Client X,Org E,Project 154,Collection 5604,45538,Repo 7698,Jira
Client X,Org E,Project 154,Collection 1560,43125,Repo 2604,Subversion
Client X,Org E,Project 154,Collection 1560,45539,Repo 7699,Jira
Client X,Org E,Project 154,Collection 5605,43126,Repo 2605,Subversion
Client X,Org E,Project 154,Collection 5605,45540,Repo 7700,Jira
Client X,Org E,Project 154,Collection 5606,43127,Repo 2606,Subversion
Client X,Org E,Project 154,Collection 5606,45541,Repo 7701,Jira
Client X,Org E,Project 154,Collection 5642,79560,Repo 5256,Subversion
Client X,Org E,Project 155,Collection 75,43297,Repo 5401,Subversion
Client X,Org E,Project 155,Collection 75,45711,Repo 5772,Jira
Client X,Org E,Project 155,Collection 1848,41206,Repo 163,Subversion
Client X,Org E,Project 155,Collection 1848,43620,Repo 5812,Jira
Client X,Org E,Project 155,Collection 107,41221,Repo 182,Subversion
Client X,Org E,Project 155,Collection 107,43635,Repo 5824,Jira
Client X,Org E,Project 155,Collection 108,41223,Repo 185,Subversion
Client X,Org E,Project 155,Collection 108,43637,Repo 5826,Jira
Client X,Org E,Project 155,Collection 1947,41248,Repo 212,Subversion
Client X,Org E,Project 155,Collection 1947,43662,Repo 5845,Jira
Client X,Org E,Project 155,Collection 1997,52016,Repo 246,Subversion
Client X,Org E,Project 155,Collection 212,41335,Repo 323,Subversion
Client X,Org E,Project 155,Collection 212,43749,Repo 5935,Jira
Client X,Org E,Project 155,Collection 2108,53763,Repo 3031,Subversion
Client X,Org E,Project 155,Collection 2121,41343,Repo 336,Subversion
Client X,Org E,Project 155,Collection 2121,43757,Repo 5942,Jira
Client X,Org E,Project 155,Collection 2134,52092,Repo 352,Subversion
Client X,Org E,Project 155,Collection 2197,41387,Repo 396,Subversion
Client X,Org E,Project 155,Collection 2197,43801,Repo 5986,Jira
Client X,Org E,Project 155,Collection 277,41429,Repo 443,Subversion
Client X,Org E,Project 155,Collection 277,43843,Repo 6031,Jira
Client X,Org E,Project 155,Collection 2335,63839,Repo 3162,Subversion
Client X,Org E,Project 155,Collection 350,63850,Repo 3256,Subversion
Client X,Org E,Project 155,Collection 422,64176,Repo 3391,Subversion
Client X,Org E,Project 155,Collection 430,43436,Repo 5617,Subversion
Client X,Org E,Project 155,Collection 430,45850,Repo 6197,Jira
Client X,Org E,Project 155,Collection 444,41608,Repo 669,Subversion
Client X,Org E,Project 155,Collection 444,44022,Repo 6218,Jira
Client X,Org E,Project 155,Collection 2767,41689,Repo 762,Subversion
Client X,Org E,Project 155,Collection 2767,44103,Repo 6309,Jira
Client X,Org E,Project 155,Collection 492,41694,Repo 767,Subversion
Client X,Org E,Project 155,Collection 492,44108,Repo 6313,Jira
Client X,Org E,Project 155,Collection 2791,41707,Repo 779,Subversion
Client X,Org E,Project 155,Collection 2791,44121,Repo 6325,Jira
Client X,Org E,Project 155,Collection 523,52371,Repo 3482,Subversion
Client X,Org E,Project 155,Collection 2942,41833,Repo 923,Subversion
Client X,Org E,Project 155,Collection 2942,44247,Repo 6456,Jira
Client X,Org E,Project 155,Collection 579,52427,Repo 969,Subversion
Client X,Org E,Project 155,Collection 580,43443,Repo 5625,Subversion
Client X,Org E,Project 155,Collection 580,45857,Repo 6496,Jira
Client X,Org E,Project 155,Collection 3006,52428,Repo 970,Subversion
Client X,Org E,Project 155,Collection 587,43208,Repo 5325,Subversion
Client X,Org E,Project 155,Collection 587,45622,Repo 6508,Jira
Client X,Org E,Project 155,Collection 589,52435,Repo 3561,Subversion
Client X,Org E,Project 155,Collection 3057,41900,Repo 1009,Subversion
Client X,Org E,Project 155,Collection 3057,44314,Repo 6528,Jira
Client X,Org E,Project 155,Collection 3080,41914,Repo 1024,Subversion
Client X,Org E,Project 155,Collection 3080,44328,Repo 6538,Jira
Client X,Org E,Project 155,Collection 3155,41948,Repo 1072,Subversion
Client X,Org E,Project 155,Collection 3155,44362,Repo 6569,Jira
Client X,Org E,Project 155,Collection 650,64203,Repo 3668,Subversion
Client X,Org E,Project 155,Collection 3186,41958,Repo 1088,Subversion
Client X,Org E,Project 155,Collection 3186,44372,Repo 6578,Jira
Client X,Org E,Project 155,Collection 651,43343,Repo 5475,Subversion
Client X,Org E,Project 155,Collection 651,45757,Repo 6579,Jira
Client X,Org E,Project 155,Collection 652,52518,Repo 3670,Subversion
Client X,Org E,Project 155,Collection 3191,52519,Repo 3671,Subversion
Client X,Org E,Project 155,Collection 3196,41959,Repo 1092,Subversion
Client X,Org E,Project 155,Collection 3196,44373,Repo 6580,Jira
Client X,Org E,Project 155,Collection 656,41962,Repo 1095,Subversion
Client X,Org E,Project 155,Collection 656,44376,Repo 6584,Jira
Client X,Org E,Project 155,Collection 673,41974,Repo 1116,Subversion
Client X,Org E,Project 155,Collection 673,44388,Repo 6598,Jira
Client X,Org E,Project 155,Collection 675,52535,Repo 1119,Subversion
Client X,Org E,Project 155,Collection 3231,52537,Repo 1120,Subversion
Client X,Org E,Project 155,Collection 3241,41984,Repo 1128,Subversion
Client X,Org E,Project 155,Collection 3241,44398,Repo 6607,Jira
Client X,Org E,Project 155,Collection 3247,41987,Repo 1133,Subversion
Client X,Org E,Project 155,Collection 3247,44401,Repo 6610,Jira
Client X,Org E,Project 155,Collection 3252,41990,Repo 5480,Subversion
Client X,Org E,Project 155,Collection 3252,44404,Repo 6614,Jira
Client X,Org E,Project 155,Collection 689,43449,Repo 5631,Subversion
Client X,Org E,Project 155,Collection 689,45863,Repo 6615,Jira
Client X,Org E,Project 155,Collection 691,41991,Repo 1135,Subversion
Client X,Org E,Project 155,Collection 691,44405,Repo 6616,Jira
Client X,Org E,Project 155,Collection 3253,52549,Repo 1136,Subversion
Client X,Org E,Project 155,Collection 3254,64209,Repo 3715,Subversion
Client X,Org E,Project 155,Collection 692,41993,Repo 1138,Subversion
Client X,Org E,Project 155,Collection 692,44407,Repo 6618,Jira
Client X,Org E,Project 155,Collection 693,43450,Repo 5632,Subversion
Client X,Org E,Project 155,Collection 693,45864,Repo 6619,Jira
Client X,Org E,Project 155,Collection 3269,42001,Repo 1149,Subversion
Client X,Org E,Project 155,Collection 3269,44415,Repo 6627,Jira
Client X,Org E,Project 155,Collection 3271,79337,Repo 3722,Subversion
Client X,Org E,Project 155,Collection 3272,42002,Repo 1150,Subversion
Client X,Org E,Project 155,Collection 3272,44416,Repo 6628,Jira
Client X,Org E,Project 155,Collection 702,43215,Repo 5331,Subversion
Client X,Org E,Project 155,Collection 702,45629,Repo 6630,Jira
Client X,Org E,Project 155,Collection 3276,79472,Repo 3726,Subversion
Client X,Org E,Project 155,Collection 703,79338,Repo 3727,Subversion
Client X,Org E,Project 155,Collection 704,82587,Repo 3728,Subversion
Client X,Org E,Project 155,Collection 723,43218,Repo 5334,Subversion
Client X,Org E,Project 155,Collection 723,45632,Repo 6648,Jira
Client X,Org E,Project 155,Collection 724,42021,Repo 1181,Subversion
Client X,Org E,Project 155,Collection 724,44435,Repo 6649,Jira
Client X,Org E,Project 155,Collection 3326,63914,Repo 3762,Subversion
Client X,Org E,Project 155,Collection 3353,79475,Repo 3774,Subversion
Client X,Org E,Project 155,Collection 3492,42119,Repo 1312,Subversion
Client X,Org E,Project 155,Collection 3492,44533,Repo 6742,Jira
Client X,Org E,Project 155,Collection 3508,42129,Repo 1323,Subversion
Client X,Org E,Project 155,Collection 3508,44543,Repo 6752,Jira
Client X,Org E,Project 155,Collection 3588,42161,Repo 1375,Subversion
Client X,Org E,Project 155,Collection 3588,44575,Repo 6782,Jira
Client X,Org E,Project 155,Collection 3594,52738,Repo 1381,Subversion
Client X,Org E,Project 155,Collection 3608,52746,Repo 1390,Subversion
Client X,Org E,Project 155,Collection 3633,52762,Repo 3937,Subversion
Client X,Org E,Project 155,Collection 844,52764,Repo 3939,Subversion
Client X,Org E,Project 155,Collection 3681,42207,Repo 1448,Subversion
Client X,Org E,Project 155,Collection 3681,44621,Repo 6821,Jira
Client X,Org E,Project 155,Collection 3684,42209,Repo 1451,Subversion
Client X,Org E,Project 155,Collection 3684,44623,Repo 6824,Jira
Client X,Org E,Project 155,Collection 859,79348,Repo 3961,Subversion
Client X,Org E,Project 155,Collection 3712,42232,Repo 1474,Subversion
Client X,Org E,Project 155,Collection 3712,44646,Repo 6844,Jira
Client X,Org E,Project 155,Collection 3750,52833,Repo 3993,Subversion
Client X,Org E,Project 155,Collection 889,42255,Repo 1508,Subversion
Client X,Org E,Project 155,Collection 889,44669,Repo 6866,Jira
Client X,Org E,Project 155,Collection 895,43459,Repo 5639,Subversion
Client X,Org E,Project 155,Collection 895,45873,Repo 6875,Jira
Client X,Org E,Project 155,Collection 903,42268,Repo 1525,Subversion
Client X,Org E,Project 155,Collection 903,44682,Repo 6882,Jira
Client X,Org E,Project 155,Collection 912,63959,Repo 4017,Subversion
Client X,Org E,Project 155,Collection 3863,42312,Repo 1595,Subversion
Client X,Org E,Project 155,Collection 3863,44726,Repo 6933,Jira
Client X,Org E,Project 155,Collection 3875,42314,Repo 1601,Subversion
Client X,Org E,Project 155,Collection 3875,44728,Repo 6936,Jira
Client X,Org E,Project 155,Collection 953,42327,Repo 1621,Subversion
Client X,Org E,Project 155,Collection 953,44741,Repo 6951,Jira
Client X,Org E,Project 155,Collection 3903,52918,Repo 1622,Subversion
Client X,Org E,Project 155,Collection 3911,42332,Repo 1627,Subversion
Client X,Org E,Project 155,Collection 3911,44746,Repo 6956,Jira
Client X,Org E,Project 155,Collection 4007,42375,Repo 1685,Subversion
Client X,Org E,Project 155,Collection 4007,44789,Repo 6998,Jira
Client X,Org E,Project 155,Collection 1002,82630,Repo 4172,Subversion
Client X,Org E,Project 155,Collection 4173,53036,Repo 1782,Subversion
Client X,Org E,Project 155,Collection 1058,84532,Repo 4263,Subversion
Client X,Org E,Project 155,Collection 4211,42474,Repo 1809,Subversion
Client X,Org E,Project 155,Collection 4211,44888,Repo 7095,Jira
Client X,Org E,Project 155,Collection 4293,43372,Repo 5525,Subversion
Client X,Org E,Project 155,Collection 4293,45786,Repo 7128,Jira
Client X,Org E,Project 155,Collection 4332,42534,Repo 1879,Subversion
Client X,Org E,Project 155,Collection 4332,44948,Repo 7153,Jira
Client X,Org E,Project 155,Collection 1107,53100,Repo 4354,Subversion
Client X,Org E,Project 155,Collection 4400,43260,Repo 5371,Subversion
Client X,Org E,Project 155,Collection 4400,45674,Repo 7190,Jira
Client X,Org E,Project 155,Collection 1173,42628,Repo 1993,Subversion
Client X,Org E,Project 155,Collection 1173,45042,Repo 7246,Jira
Client X,Org E,Project 155,Collection 1175,53187,Repo 4449,Subversion
Client X,Org E,Project 155,Collection 4510,79615,Repo 4454,Subversion
Client X,Org E,Project 155,Collection 4539,53200,Repo 2014,Subversion
Client X,Org E,Project 155,Collection 1278,43389,Repo 5552,Subversion
Client X,Org E,Project 155,Collection 1278,45803,Repo 7353,Jira
Client X,Org E,Project 155,Collection 4906,42734,Repo 2133,Subversion
Client X,Org E,Project 155,Collection 4906,45148,Repo 7355,Jira
Client X,Org E,Project 155,Collection 4910,42736,Repo 2136,Subversion
Client X,Org E,Project 155,Collection 4910,45150,Repo 7357,Jira
Client X,Org E,Project 155,Collection 1311,42767,Repo 2177,Subversion
Client X,Org E,Project 155,Collection 1311,45181,Repo 7385,Jira
Client X,Org E,Project 155,Collection 1352,42816,Repo 2239,Subversion
Client X,Org E,Project 155,Collection 1352,45230,Repo 7435,Jira
Client X,Org E,Project 155,Collection 1360,53438,Repo 4926,Subversion
Client X,Org E,Project 155,Collection 5094,42828,Repo 2252,Subversion
Client X,Org E,Project 155,Collection 5094,45242,Repo 7445,Jira
Client X,Org E,Project 155,Collection 1379,82668,Repo 4963,Subversion
Client X,Org E,Project 155,Collection 1463,43023,Repo 2459,Subversion
Client X,Org E,Project 155,Collection 1463,45437,Repo 7598,Jira
Client X,Org E,Project 155,Collection 5439,43045,Repo 2492,Subversion
Client X,Org E,Project 155,Collection 5439,45459,Repo 7617,Jira
Client X,Org E,Project 155,Collection 1532,43088,Repo 2554,Subversion
Client X,Org E,Project 155,Collection 1532,45502,Repo 7661,Jira
Client X,Org E,Project 155,Collection 1535,64116,Repo 5178,Subversion
Client X,Org E,Project 155,Collection 5610,43131,Repo 2610,Subversion
Client X,Org E,Project 155,Collection 5610,45545,Repo 7703,Jira
Client X,Org E,Project 155,Collection 5617,53735,Repo 2615,Subversion
Client X,Org E,Project 155,Collection 1584,43289,Repo 5393,Subversion
Client X,Org E,Project 155,Collection 1584,45703,Repo 7729,Jira
Client X,Org E,Project 155,Collection 5669,64124,Repo 5275,Subversion
Client X,Org E,Project 155,Collection 5676,53758,Repo 2652,Subversion
Client X,Org E,Project 155,Collection 1588,79403,Repo 5281,Subversion
Client X,Org E,Project 155,Collection 5677,53759,Repo 5282,Subversion
Client X,Org E,Project 155,Collection 1589,43159,Repo 2653,Subversion
Client X,Org E,Project 155,Collection 1589,45573,Repo 7733,Jira
Client X,Org E,Project 155,Collection 5678,43160,Repo 2654,Subversion
Client X,Org E,Project 155,Collection 5678,45574,Repo 7734,Jira
Client X,Org E,Project 155,Collection 5679,43161,Repo 2655,Subversion
Client X,Org E,Project 155,Collection 5679,45575,Repo 7735,Jira
Client X,Org E,Project 156,Collection 1739,43168,Repo 5287,Subversion
Client X,Org E,Project 156,Collection 1739,45582,Repo 5763,Jira
Client X,Org E,Project 156,Collection 1930,51968,Repo 204,Subversion
Client X,Org E,Project 156,Collection 1955,51990,Repo 218,Subversion
Client X,Org E,Project 156,Collection 2431,41486,Repo 520,Subversion
Client X,Org E,Project 156,Collection 2431,43900,Repo 6093,Jira
Client X,Org E,Project 156,Collection 2984,63877,Repo 3538,Subversion
Client X,Org E,Project 156,Collection 575,41867,Repo 961,Subversion
Client X,Org E,Project 156,Collection 575,44281,Repo 6492,Jira
Client X,Org E,Project 156,Collection 2996,52420,Repo 3545,Subversion
Client X,Org E,Project 156,Collection 3048,52444,Repo 1006,Subversion
Client X,Org E,Project 156,Collection 3082,41916,Repo 1026,Subversion
Client X,Org E,Project 156,Collection 3082,44330,Repo 6540,Jira
Client X,Org E,Project 156,Collection 3719,52816,Repo 1482,Subversion
Client X,Org E,Project 156,Collection 3741,42251,Repo 1503,Subversion
Client X,Org E,Project 156,Collection 3741,44665,Repo 6863,Jira
Client X,Org E,Project 156,Collection 4505,53188,Repo 4450,Subversion
Client X,Org E,Project 156,Collection 4506,42629,Repo 1994,Subversion
Client X,Org E,Project 156,Collection 4506,45043,Repo 7247,Jira
Client X,Org E,Project 156,Collection 4507,42630,Repo 1995,Subversion
Client X,Org E,Project 156,Collection 4507,45044,Repo 7248,Jira
Client X,Org E,Project 156,Collection 1188,42640,Repo 2006,Subversion
Client X,Org E,Project 156,Collection 1188,45054,Repo 7256,Jira
Client X,Org E,Project 156,Collection 4525,42641,Repo 2007,Subversion
Client X,Org E,Project 156,Collection 4525,45055,Repo 7257,Jira
Client X,Org E,Project 156,Collection 4527,64262,Repo 4469,Subversion
Client X,Org E,Project 156,Collection 4528,54718,Repo 4470,Subversion
Client X,Org E,Project 156,Collection 4536,42644,Repo 2011,Subversion
Client X,Org E,Project 156,Collection 4536,45058,Repo 7260,Jira
Client X,Org E,Project 156,Collection 4548,53203,Repo 2027,Subversion
Client X,Org E,Project 156,Collection 4549,42658,Repo 2028,Subversion
Client X,Org E,Project 156,Collection 4549,45072,Repo 7273,Jira
Client X,Org E,Project 156,Collection 4553,42660,Repo 2030,Subversion
Client X,Org E,Project 156,Collection 4553,45074,Repo 7275,Jira
Client X,Org E,Project 156,Collection 4561,53206,Repo 2037,Subversion
Client X,Org E,Project 156,Collection 1221,64264,Repo 4506,Subversion
Client X,Org E,Project 156,Collection 4958,42760,Repo 2169,Subversion
Client X,Org E,Project 156,Collection 4958,45174,Repo 7375,Jira
Client X,Org E,Project 156,Collection 1309,42764,Repo 2173,Subversion
Client X,Org E,Project 156,Collection 1309,45178,Repo 7381,Jira
Client X,Org E,Project 156,Collection 5016,42784,Repo 2195,Subversion
Client X,Org E,Project 156,Collection 5016,45198,Repo 7404,Jira
Client X,Org E,Project 156,Collection 5186,53497,Repo 2321,Subversion
Client X,Org E,Project 156,Collection 5187,42912,Repo 2322,Subversion
Client X,Org E,Project 156,Collection 5187,45326,Repo 7493,Jira
Client X,Org E,Project 156,Collection 5196,42923,Repo 2334,Subversion
Client X,Org E,Project 156,Collection 5196,45337,Repo 7506,Jira
Client X,Org E,Project 157,Collection 1995,41272,Repo 245,Subversion
Client X,Org E,Project 157,Collection 1995,43686,Repo 5867,Jira
Client X,Org E,Project 157,Collection 351,41498,Repo 536,Subversion
Client X,Org E,Project 157,Collection 351,43912,Repo 6111,Jira
Client X,Org E,Project 157,Collection 406,63861,Repo 3363,Subversion
Client X,Org E,Project 157,Collection 2784,52339,Repo 771,Subversion
Client X,Org E,Project 157,Collection 497,43440,Repo 5621,Subversion
Client X,Org E,Project 157,Collection 497,45854,Repo 6319,Jira
Client X,Org E,Project 157,Collection 498,43200,Repo 5318,Subversion
Client X,Org E,Project 157,Collection 498,45614,Repo 6320,Jira
Client X,Org E,Project 157,Collection 2787,52341,Repo 774,Subversion
Client X,Org E,Project 157,Collection 3128,52492,Repo 1062,Subversion
Client X,Org E,Project 157,Collection 4937,53369,Repo 2154,Subversion
Client X,Org E,Project 157,Collection 5323,82677,Repo 5045,Subversion
Client X,Org E,Project 158,Collection 428,64177,Repo 3393,Subversion
Client X,Org E,Project 158,Collection 605,64193,Repo 3581,Subversion
Client X,Org E,Project 158,Collection 3451,52661,Repo 1284,Subversion
Client X,Org E,Project 158,Collection 783,79603,Repo 3835,Subversion
Client X,Org E,Project 158,Collection 3452,84267,Repo 3836,Subversion
Client X,Org E,Project 158,Collection 923,42298,Repo 1572,Subversion
Client X,Org E,Project 158,Collection 923,44712,Repo 6918,Jira
Client X,Org E,Project 158,Collection 1121,42557,Repo 1899,Subversion
Client X,Org E,Project 158,Collection 1121,44971,Repo 7175,Jira
Client X,Org E,Project 158,Collection 4435,53146,Repo 1941,Subversion
Client X,Org E,Project 158,Collection 4437,43470,Repo 5657,Subversion
Client X,Org E,Project 158,Collection 4437,45884,Repo 7204,Jira
Client X,Org E,Project 158,Collection 4498,64259,Repo 4441,Subversion
Client X,Org E,Project 158,Collection 1213,42672,Repo 2047,Subversion
Client X,Org E,Project 158,Collection 1213,45086,Repo 7288,Jira
Client X,Org E,Project 158,Collection 4575,53216,Repo 2048,Subversion
Client X,Org E,Project 158,Collection 1214,53217,Repo 2049,Subversion
Client X,Org E,Project 158,Collection 4577,79371,Repo 4507,Subversion
Client X,Org E,Project 158,Collection 4927,79376,Repo 4804,Subversion
Client X,Org E,Project 158,Collection 1404,42915,Repo 2325,Subversion
Client X,Org E,Project 158,Collection 1404,45329,Repo 7496,Jira
Client X,Org E,Project 158,Collection 1409,42925,Repo 2336,Subversion
Client X,Org E,Project 158,Collection 1409,45339,Repo 7508,Jira
Client X,Org E,Project 159,Collection 3075,97273,Repo 3593,Subversion
Client X,Org E,Project 159,Collection 1198,82648,Repo 4481,Subversion
Client X,Org E,Project 159,Collection 1211,82649,Repo 4495,Subversion
Client X,Org E,Project 159,Collection 4573,82650,Repo 4497,Subversion
Client X,Org E,Project 160,Collection 2200,52126,Repo 398,Subversion
Client X,Org E,Project 160,Collection 782,52662,Repo 3834,Subversion
Client X,Org E,Project 160,Collection 4555,42661,Repo 2032,Subversion
Client X,Org E,Project 160,Collection 4555,45075,Repo 7276,Jira
Client X,Org E,Project 160,Collection 1208,54721,Repo 4492,Subversion
Client X,Org E,Project 160,Collection 4913,42739,Repo 2140,Subversion
Client X,Org E,Project 160,Collection 4913,45153,Repo 7360,Jira
Client X,Org E,Project 160,Collection 1406,42917,Repo 2327,Subversion
Client X,Org E,Project 160,Collection 1406,45331,Repo 7499,Jira
Client X,Org E,Project 160,Collection 1411,42927,Repo 2340,Subversion
Client X,Org E,Project 160,Collection 1411,45341,Repo 7511,Jira
Client X,Org E,Project 161,Collection 1324,42787,Repo 2199,Subversion
Client X,Org E,Project 161,Collection 1324,45201,Repo 7407,Jira
Client X,Org E,Project 161,Collection 1325,54736,Repo 4881,Subversion
Client X,Org E,Project 348,Collection 5199,53501,Repo 2338,Subversion
Client X,Org E,Project 162,Collection 1195,42653,Repo 2022,Subversion
Client X,Org E,Project 162,Collection 1195,45067,Repo 7268,Jira
Client X,Org E,Project 162,Collection 1209,64263,Repo 4493,Subversion
Client X,Org E,Project 162,Collection 1223,53223,Repo 4508,Subversion
Client X,Org E,Project 162,Collection 5201,53502,Repo 2341,Subversion
Client X,Org E,Project 162,Collection 1412,42928,Repo 2342,Subversion
Client X,Org E,Project 162,Collection 1412,45342,Repo 7512,Jira
Client X,Org E,Project 162,Collection 5205,53503,Repo 2347,Subversion
Client X,Org E,Project 163,Collection 6,41080,Repo 3,Subversion
Client X,Org E,Project 163,Collection 6,43494,Repo 5682,Jira
Client X,Org E,Project 163,Collection 68,43167,Repo 5286,Subversion
Client X,Org E,Project 163,Collection 68,45581,Repo 5762,Jira
Client X,Org E,Project 163,Collection 103,41213,Repo 175,Subversion
Client X,Org E,Project 163,Collection 103,43627,Repo 5818,Jira
Client X,Org E,Project 163,Collection 2103,41338,Repo 329,Subversion
Client X,Org E,Project 163,Collection 2103,43752,Repo 5938,Jira
Client X,Org E,Project 163,Collection 258,41403,Repo 416,Subversion
Client X,Org E,Project 163,Collection 258,43817,Repo 6003,Jira
Client X,Org E,Project 163,Collection 290,41446,Repo 464,Subversion
Client X,Org E,Project 163,Collection 290,43860,Repo 6050,Jira
Client X,Org E,Project 163,Collection 291,41447,Repo 465,Subversion
Client X,Org E,Project 163,Collection 291,43861,Repo 6051,Jira
Client X,Org E,Project 163,Collection 2306,41448,Repo 466,Subversion
Client X,Org E,Project 163,Collection 2306,43862,Repo 6052,Jira
Client X,Org E,Project 163,Collection 392,41566,Repo 619,Subversion
Client X,Org E,Project 163,Collection 392,43980,Repo 6172,Jira
Client X,Org E,Project 163,Collection 2718,52318,Repo 3434,Subversion
Client X,Org E,Project 163,Collection 3184,41956,Repo 1085,Subversion
Client X,Org E,Project 163,Collection 3184,44370,Repo 6577,Jira
Client X,Org E,Project 163,Collection 795,42108,Repo 1299,Subversion
Client X,Org E,Project 163,Collection 795,44522,Repo 6731,Jira
Client X,Org E,Project 163,Collection 3573,42151,Repo 1362,Subversion
Client X,Org E,Project 163,Collection 3573,44565,Repo 6774,Jira
Client X,Org E,Project 163,Collection 3898,42324,Repo 1617,Subversion
Client X,Org E,Project 163,Collection 3898,44738,Repo 6948,Jira
Client X,Org E,Project 163,Collection 4462,42600,Repo 1967,Subversion
Client X,Org E,Project 163,Collection 4462,45014,Repo 7224,Jira
Client X,Org E,Project 163,Collection 4534,79617,Repo 4475,Subversion
Client X,Org E,Project 163,Collection 4535,54719,Repo 4476,Subversion
Client X,Org E,Project 163,Collection 4537,42645,Repo 2012,Subversion
Client X,Org E,Project 163,Collection 4537,45059,Repo 7261,Jira
Client X,Org E,Project 163,Collection 1191,79517,Repo 4477,Subversion
Client X,Org E,Project 163,Collection 1192,42646,Repo 2013,Subversion
Client X,Org E,Project 163,Collection 1192,45060,Repo 7262,Jira
Client X,Org E,Project 163,Collection 4538,64026,Repo 4478,Subversion
Client X,Org E,Project 163,Collection 1193,42647,Repo 2015,Subversion
Client X,Org E,Project 163,Collection 1193,45061,Repo 7263,Jira
Client X,Org E,Project 163,Collection 4540,53201,Repo 2016,Subversion
Client X,Org E,Project 163,Collection 1194,42648,Repo 2018,Subversion
Client X,Org E,Project 163,Collection 1194,45062,Repo 7264,Jira
Client X,Org E,Project 163,Collection 1196,42654,Repo 2023,Subversion
Client X,Org E,Project 163,Collection 1196,45068,Repo 7269,Jira
Client X,Org E,Project 163,Collection 1197,42655,Repo 2024,Subversion
Client X,Org E,Project 163,Collection 1197,45069,Repo 7270,Jira
Client X,Org E,Project 163,Collection 4546,64027,Repo 4480,Subversion
Client X,Org E,Project 163,Collection 1199,79369,Repo 4482,Subversion
Client X,Org E,Project 163,Collection 4569,79370,Repo 4489,Subversion
Client X,Org E,Project 163,Collection 1205,42671,Repo 2044,Subversion
Client X,Org E,Project 163,Collection 1205,45085,Repo 7287,Jira
Client X,Org E,Project 163,Collection 1206,53209,Repo 4490,Subversion
Client X,Org E,Project 163,Collection 1207,53212,Repo 4491,Subversion
Client X,Org E,Project 163,Collection 1212,53214,Repo 4498,Subversion
Client X,Org E,Project 163,Collection 4574,53215,Repo 4499,Subversion
Client X,Org E,Project 163,Collection 1215,53218,Repo 4500,Subversion
Client X,Org E,Project 163,Collection 1216,42673,Repo 2050,Subversion
Client X,Org E,Project 163,Collection 1216,45087,Repo 7289,Jira
Client X,Org E,Project 163,Collection 4576,64032,Repo 4501,Subversion
Client X,Org E,Project 163,Collection 1217,54722,Repo 4502,Subversion
Client X,Org E,Project 163,Collection 1218,53219,Repo 4503,Subversion
Client X,Org E,Project 163,Collection 1219,53220,Repo 4504,Subversion
Client X,Org E,Project 163,Collection 1220,54723,Repo 4505,Subversion
Client X,Org E,Project 163,Collection 1222,53222,Repo 2052,Subversion
Client X,Org E,Project 163,Collection 1224,79372,Repo 4509,Subversion
Client X,Org E,Project 163,Collection 4579,42674,Repo 2053,Subversion
Client X,Org E,Project 163,Collection 4579,45088,Repo 7290,Jira
Client X,Org E,Project 163,Collection 4580,54724,Repo 4510,Subversion
Client X,Org E,Project 163,Collection 1264,42712,Repo 2096,Subversion
Client X,Org E,Project 163,Collection 1264,45126,Repo 7329,Jira
Client X,Org E,Project 163,Collection 4915,53359,Repo 2142,Subversion
Client X,Org E,Project 163,Collection 4954,53381,Repo 2166,Subversion
Client X,Org E,Project 163,Collection 1405,43274,Repo 5382,Subversion
Client X,Org E,Project 163,Collection 1405,45688,Repo 7498,Jira
Client X,Org E,Project 163,Collection 1407,42919,Repo 2329,Subversion
Client X,Org E,Project 163,Collection 1407,45333,Repo 7501,Jira
Client X,Org E,Project 163,Collection 1408,42920,Repo 5673,Subversion
Client X,Org E,Project 163,Collection 1408,45334,Repo 7502,Jira
Client X,Org E,Project 163,Collection 5197,42924,Repo 2335,Subversion
Client X,Org E,Project 163,Collection 5197,45338,Repo 7507,Jira
Client X,Org E,Project 163,Collection 5200,43485,Repo 5675,Subversion
Client X,Org E,Project 163,Collection 5200,45899,Repo 7509,Jira
Client X,Org E,Project 163,Collection 1410,42926,Repo 2339,Subversion
Client X,Org E,Project 163,Collection 1410,45340,Repo 7510,Jira
Client X,Org E,Project 163,Collection 5204,42932,Repo 2346,Subversion
Client X,Org E,Project 163,Collection 5204,45346,Repo 7516,Jira
Client X,Org E,Project 163,Collection 5357,53597,Repo 5069,Subversion
Client X,Org E,Project 164,Collection 1734,41157,Repo 104,Subversion
Client X,Org E,Project 164,Collection 1734,43571,Repo 5760,Jira
Client X,Org E,Project 164,Collection 1951,51987,Repo 216,Subversion
Client X,Org E,Project 164,Collection 1952,51988,Repo 217,Subversion
Client X,Org E,Project 164,Collection 2009,41283,Repo 256,Subversion
Client X,Org E,Project 164,Collection 2009,43697,Repo 5878,Jira
Client X,Org E,Project 164,Collection 2192,52122,Repo 393,Subversion
Client X,Org E,Project 164,Collection 2434,52211,Repo 3252,Subversion
Client X,Org E,Project 164,Collection 2591,52265,Repo 618,Subversion
Client X,Org E,Project 164,Collection 2633,41581,Repo 640,Subversion
Client X,Org E,Project 164,Collection 2633,43995,Repo 6188,Jira
Client X,Org E,Project 164,Collection 425,41582,Repo 641,Subversion
Client X,Org E,Project 164,Collection 425,43996,Repo 6189,Jira
Client X,Org E,Project 164,Collection 426,41583,Repo 642,Subversion
Client X,Org E,Project 164,Collection 426,43997,Repo 6190,Jira
Client X,Org E,Project 164,Collection 427,41584,Repo 643,Subversion
Client X,Org E,Project 164,Collection 427,43998,Repo 6191,Jira
Client X,Org E,Project 164,Collection 2634,41585,Repo 644,Subversion
Client X,Org E,Project 164,Collection 2634,43999,Repo 6192,Jira
Client X,Org E,Project 164,Collection 2635,41586,Repo 645,Subversion
Client X,Org E,Project 164,Collection 2635,44000,Repo 6193,Jira
Client X,Org E,Project 164,Collection 2636,41587,Repo 646,Subversion
Client X,Org E,Project 164,Collection 2636,44001,Repo 6194,Jira
Client X,Org E,Project 164,Collection 2638,41588,Repo 647,Subversion
Client X,Org E,Project 164,Collection 2638,44002,Repo 6195,Jira
Client X,Org E,Project 164,Collection 2717,52317,Repo 3433,Subversion
Client X,Org E,Project 164,Collection 2719,52319,Repo 714,Subversion
Client X,Org E,Project 164,Collection 462,41646,Repo 715,Subversion
Client X,Org E,Project 164,Collection 462,44060,Repo 6255,Jira
Client X,Org E,Project 164,Collection 3415,52634,Repo 1243,Subversion
Client X,Org E,Project 164,Collection 3587,52735,Repo 1374,Subversion
Client X,Org E,Project 164,Collection 911,43461,Repo 5642,Subversion
Client X,Org E,Project 164,Collection 911,45875,Repo 6904,Jira
Client X,Org E,Project 164,Collection 915,42292,Repo 1562,Subversion
Client X,Org E,Project 164,Collection 915,44706,Repo 6909,Jira
Client X,Org E,Project 164,Collection 916,52878,Repo 1563,Subversion
Client X,Org E,Project 164,Collection 917,52879,Repo 4023,Subversion
Client X,Org E,Project 164,Collection 3823,42293,Repo 1564,Subversion
Client X,Org E,Project 164,Collection 3823,44707,Repo 6910,Jira
Client X,Org E,Project 164,Collection 3824,52880,Repo 1565,Subversion
Client X,Org E,Project 164,Collection 3825,42294,Repo 1566,Subversion
Client X,Org E,Project 164,Collection 3825,44708,Repo 6911,Jira
Client X,Org E,Project 164,Collection 918,42295,Repo 1567,Subversion
Client X,Org E,Project 164,Collection 918,44709,Repo 6912,Jira
Client X,Org E,Project 164,Collection 919,43363,Repo 5507,Subversion
Client X,Org E,Project 164,Collection 919,45777,Repo 6913,Jira
Client X,Org E,Project 164,Collection 920,43239,Repo 5351,Subversion
Client X,Org E,Project 164,Collection 920,45653,Repo 6914,Jira
Client X,Org E,Project 164,Collection 921,42296,Repo 1569,Subversion
Client X,Org E,Project 164,Collection 921,44710,Repo 6915,Jira
Client X,Org E,Project 164,Collection 3828,52882,Repo 1570,Subversion
Client X,Org E,Project 164,Collection 3829,42297,Repo 1571,Subversion
Client X,Org E,Project 164,Collection 3829,44711,Repo 6916,Jira
Client X,Org E,Project 164,Collection 922,43240,Repo 5352,Subversion
Client X,Org E,Project 164,Collection 922,45654,Repo 6917,Jira
Client X,Org E,Project 164,Collection 3831,52883,Repo 4025,Subversion
Client X,Org E,Project 164,Collection 3832,63961,Repo 4026,Subversion
Client X,Org E,Project 164,Collection 3835,42301,Repo 1576,Subversion
Client X,Org E,Project 164,Collection 3835,44715,Repo 6920,Jira
Client X,Org E,Project 164,Collection 3837,42302,Repo 1578,Subversion
Client X,Org E,Project 164,Collection 3837,44716,Repo 6921,Jira
Client X,Org E,Project 164,Collection 924,43241,Repo 5353,Subversion
Client X,Org E,Project 164,Collection 924,45655,Repo 6922,Jira
Client X,Org E,Project 164,Collection 4294,42512,Repo 1855,Subversion
Client X,Org E,Project 164,Collection 4294,44926,Repo 7130,Jira
Client X,Org E,Project 164,Collection 4556,42662,Repo 2033,Subversion
Client X,Org E,Project 164,Collection 4556,45076,Repo 7277,Jira
Client X,Org E,Project 164,Collection 4557,42663,Repo 2034,Subversion
Client X,Org E,Project 164,Collection 4557,45077,Repo 7278,Jira
Client X,Org E,Project 164,Collection 1201,42664,Repo 2035,Subversion
Client X,Org E,Project 164,Collection 1201,45078,Repo 7279,Jira
Client X,Org E,Project 164,Collection 1202,43473,Repo 5663,Subversion
Client X,Org E,Project 164,Collection 1202,45887,Repo 7280,Jira
Client X,Org E,Project 164,Collection 1203,42665,Repo 2036,Subversion
Client X,Org E,Project 164,Collection 1203,45079,Repo 7281,Jira
Client X,Org E,Project 164,Collection 1204,42667,Repo 2039,Subversion
Client X,Org E,Project 164,Collection 1204,45081,Repo 7283,Jira
Client X,Org E,Project 164,Collection 4563,42668,Repo 2040,Subversion
Client X,Org E,Project 164,Collection 4563,45082,Repo 7284,Jira
Client X,Org E,Project 164,Collection 4564,42669,Repo 2041,Subversion
Client X,Org E,Project 164,Collection 4564,45083,Repo 7285,Jira
Client X,Org E,Project 164,Collection 1210,79618,Repo 4494,Subversion
Client X,Org E,Project 164,Collection 4572,53213,Repo 4496,Subversion
Client X,Org E,Project 164,Collection 4578,53221,Repo 2051,Subversion
Client X,Org E,Project 164,Collection 1230,43474,Repo 5664,Subversion
Client X,Org E,Project 164,Collection 1230,45888,Repo 7296,Jira
Client X,Org E,Project 164,Collection 4851,42709,Repo 2091,Subversion
Client X,Org E,Project 164,Collection 4851,45123,Repo 7325,Jira
Client X,Org E,Project 164,Collection 4852,42710,Repo 2092,Subversion
Client X,Org E,Project 164,Collection 4852,45124,Repo 7326,Jira
Client X,Org E,Project 164,Collection 1263,42711,Repo 2095,Subversion
Client X,Org E,Project 164,Collection 1263,45125,Repo 7328,Jira
Client X,Org E,Project 164,Collection 1265,43265,Repo 5375,Subversion
Client X,Org E,Project 164,Collection 1265,45679,Repo 7330,Jira
Client X,Org E,Project 164,Collection 4946,53375,Repo 2160,Subversion
Client X,Org E,Project 164,Collection 4957,42759,Repo 2168,Subversion
Client X,Org E,Project 164,Collection 4957,45173,Repo 7374,Jira
Client X,Org E,Project 164,Collection 4966,53386,Repo 4828,Subversion
Client X,Org E,Project 164,Collection 4968,79529,Repo 4829,Subversion
Client X,Org E,Project 164,Collection 5155,53476,Repo 2293,Subversion
Client X,Org E,Project 164,Collection 1403,42913,Repo 2323,Subversion
Client X,Org E,Project 164,Collection 1403,45327,Repo 7494,Jira
Client X,Org E,Project 164,Collection 5188,42914,Repo 2324,Subversion
Client X,Org E,Project 164,Collection 5188,45328,Repo 7495,Jira
Client X,Org E,Project 164,Collection 5189,42916,Repo 2326,Subversion
Client X,Org E,Project 164,Collection 5189,45330,Repo 7497,Jira
Client X,Org E,Project 164,Collection 5191,42921,Repo 2330,Subversion
Client X,Org E,Project 164,Collection 5191,45335,Repo 7503,Jira
Client X,Org E,Project 164,Collection 5193,43484,Repo 5674,Subversion
Client X,Org E,Project 164,Collection 5193,45898,Repo 7504,Jira
Client X,Org E,Project 164,Collection 5194,42922,Repo 2332,Subversion
Client X,Org E,Project 164,Collection 5194,45336,Repo 7505,Jira
Client X,Org E,Project 164,Collection 5203,42930,Repo 2344,Subversion
Client X,Org E,Project 164,Collection 5203,45344,Repo 7514,Jira
Client X,Org E,Project 164,Collection 1413,42931,Repo 2345,Subversion
Client X,Org E,Project 164,Collection 1413,45345,Repo 7515,Jira
Client X,Org E,Project 164,Collection 1414,43275,Repo 5383,Subversion
Client X,Org E,Project 164,Collection 1414,45689,Repo 7518,Jira
Client X,Org E,Project 164,Collection 5267,53558,Repo 2403,Subversion
Client X,Org E,Project 164,Collection 5446,43049,Repo 2500,Subversion
Client X,Org E,Project 164,Collection 5446,45463,Repo 7621,Jira
Client X,Org E,Project 164,Collection 5521,53690,Repo 2557,Subversion
Client X,Org E,Project 164,Collection 1582,43152,Repo 2644,Subversion
Client X,Org E,Project 164,Collection 1582,45566,Repo 7726,Jira
Client X,Org E,Project 165,Collection 1601,51832,Repo 5394,Subversion
Client X,Org E,Project 165,Collection 1649,51850,Repo 44,Subversion
Client X,Org E,Project 165,Collection 1755,51899,Repo 2780,Subversion
Client X,Org E,Project 165,Collection 90,41188,Repo 2809,Subversion
Client X,Org E,Project 165,Collection 90,43602,Repo 5793,Jira
Client X,Org E,Project 165,Collection 2267,41428,Repo 441,Subversion
Client X,Org E,Project 165,Collection 2267,43842,Repo 6030,Jira
Client X,Org E,Project 165,Collection 2274,41430,Repo 444,Subversion
Client X,Org E,Project 165,Collection 2274,43844,Repo 6032,Jira
Client X,Org E,Project 165,Collection 2275,41431,Repo 445,Subversion
Client X,Org E,Project 165,Collection 2275,43845,Repo 6033,Jira
Client X,Org E,Project 165,Collection 364,52224,Repo 3276,Subversion
Client X,Org E,Project 165,Collection 2716,41645,Repo 713,Subversion
Client X,Org E,Project 165,Collection 2716,44059,Repo 6254,Jira
Client X,Org E,Project 165,Collection 2755,43330,Repo 5456,Subversion
Client X,Org E,Project 165,Collection 2755,45744,Repo 6291,Jira
Client X,Org E,Project 165,Collection 2796,52347,Repo 783,Subversion
Client X,Org E,Project 165,Collection 2802,41714,Repo 787,Subversion
Client X,Org E,Project 165,Collection 2802,44128,Repo 6330,Jira
Client X,Org E,Project 165,Collection 2804,41715,Repo 788,Subversion
Client X,Org E,Project 165,Collection 2804,44129,Repo 6331,Jira
Client X,Org E,Project 165,Collection 2848,41749,Repo 907,Subversion
Client X,Org E,Project 165,Collection 2848,44163,Repo 6369,Jira
Client X,Org E,Project 165,Collection 524,43333,Repo 5460,Subversion
Client X,Org E,Project 165,Collection 524,45747,Repo 6370,Jira
Client X,Org E,Project 165,Collection 2853,41750,Repo 836,Subversion
Client X,Org E,Project 165,Collection 2853,44164,Repo 6376,Jira
Client X,Org E,Project 165,Collection 2854,41751,Repo 837,Subversion
Client X,Org E,Project 165,Collection 2854,44165,Repo 6377,Jira
Client X,Org E,Project 165,Collection 2855,41752,Repo 838,Subversion
Client X,Org E,Project 165,Collection 2855,44166,Repo 6378,Jira
Client X,Org E,Project 165,Collection 2856,41753,Repo 839,Subversion
Client X,Org E,Project 165,Collection 2856,44167,Repo 6379,Jira
Client X,Org E,Project 165,Collection 2857,41754,Repo 840,Subversion
Client X,Org E,Project 165,Collection 2857,44168,Repo 6380,Jira
Client X,Org E,Project 165,Collection 2858,41755,Repo 841,Subversion
Client X,Org E,Project 165,Collection 2858,44169,Repo 6381,Jira
Client X,Org E,Project 165,Collection 2859,41756,Repo 842,Subversion
Client X,Org E,Project 165,Collection 2859,44170,Repo 6382,Jira
Client X,Org E,Project 165,Collection 2860,41757,Repo 843,Subversion
Client X,Org E,Project 165,Collection 2860,44171,Repo 6383,Jira
Client X,Org E,Project 165,Collection 2861,41758,Repo 844,Subversion
Client X,Org E,Project 165,Collection 2861,44172,Repo 6384,Jira
Client X,Org E,Project 165,Collection 526,41759,Repo 845,Subversion
Client X,Org E,Project 165,Collection 526,44173,Repo 6385,Jira
Client X,Org E,Project 165,Collection 2862,41760,Repo 846,Subversion
Client X,Org E,Project 165,Collection 2862,44174,Repo 6386,Jira
Client X,Org E,Project 165,Collection 2863,41761,Repo 847,Subversion
Client X,Org E,Project 165,Collection 2863,44175,Repo 6387,Jira
Client X,Org E,Project 165,Collection 2864,41762,Repo 848,Subversion
Client X,Org E,Project 165,Collection 2864,44176,Repo 6388,Jira
Client X,Org E,Project 165,Collection 2865,41763,Repo 849,Subversion
Client X,Org E,Project 165,Collection 2865,44177,Repo 6389,Jira
Client X,Org E,Project 165,Collection 2866,41764,Repo 850,Subversion
Client X,Org E,Project 165,Collection 2866,44178,Repo 6390,Jira
Client X,Org E,Project 165,Collection 2867,41765,Repo 851,Subversion
Client X,Org E,Project 165,Collection 2867,44179,Repo 6391,Jira
Client X,Org E,Project 165,Collection 2868,41766,Repo 852,Subversion
Client X,Org E,Project 165,Collection 2868,44180,Repo 6392,Jira
Client X,Org E,Project 165,Collection 2869,41767,Repo 853,Subversion
Client X,Org E,Project 165,Collection 2869,44181,Repo 6393,Jira
Client X,Org E,Project 165,Collection 527,41768,Repo 854,Subversion
Client X,Org E,Project 165,Collection 527,44182,Repo 6394,Jira
Client X,Org E,Project 165,Collection 2870,41769,Repo 855,Subversion
Client X,Org E,Project 165,Collection 2870,44183,Repo 6395,Jira
Client X,Org E,Project 165,Collection 2849,41770,Repo 3483,Subversion
Client X,Org E,Project 165,Collection 2849,44184,Repo 6371,Jira
Client X,Org E,Project 165,Collection 2871,41771,Repo 856,Subversion
Client X,Org E,Project 165,Collection 2871,44185,Repo 6396,Jira
Client X,Org E,Project 165,Collection 528,41772,Repo 857,Subversion
Client X,Org E,Project 165,Collection 528,44186,Repo 6397,Jira
Client X,Org E,Project 165,Collection 2872,41773,Repo 858,Subversion
Client X,Org E,Project 165,Collection 2872,44187,Repo 6398,Jira
Client X,Org E,Project 165,Collection 2873,41774,Repo 859,Subversion
Client X,Org E,Project 165,Collection 2873,44188,Repo 6399,Jira
Client X,Org E,Project 165,Collection 2874,41775,Repo 860,Subversion
Client X,Org E,Project 165,Collection 2874,44189,Repo 6400,Jira
Client X,Org E,Project 165,Collection 2875,41776,Repo 861,Subversion
Client X,Org E,Project 165,Collection 2875,44190,Repo 6401,Jira
Client X,Org E,Project 165,Collection 2876,41777,Repo 862,Subversion
Client X,Org E,Project 165,Collection 2876,44191,Repo 6402,Jira
Client X,Org E,Project 165,Collection 2877,41778,Repo 863,Subversion
Client X,Org E,Project 165,Collection 2877,44192,Repo 6403,Jira
Client X,Org E,Project 165,Collection 2878,41779,Repo 864,Subversion
Client X,Org E,Project 165,Collection 2878,44193,Repo 6404,Jira
Client X,Org E,Project 165,Collection 2879,41780,Repo 865,Subversion
Client X,Org E,Project 165,Collection 2879,44194,Repo 6405,Jira
Client X,Org E,Project 165,Collection 2850,41781,Repo 3484,Subversion
Client X,Org E,Project 165,Collection 2850,44195,Repo 6372,Jira
Client X,Org E,Project 165,Collection 529,41782,Repo 866,Subversion
Client X,Org E,Project 165,Collection 529,44196,Repo 6406,Jira
Client X,Org E,Project 165,Collection 2880,41783,Repo 867,Subversion
Client X,Org E,Project 165,Collection 2880,44197,Repo 6407,Jira
Client X,Org E,Project 165,Collection 2881,41784,Repo 868,Subversion
Client X,Org E,Project 165,Collection 2881,44198,Repo 6408,Jira
Client X,Org E,Project 165,Collection 2882,41785,Repo 869,Subversion
Client X,Org E,Project 165,Collection 2882,44199,Repo 6409,Jira
Client X,Org E,Project 165,Collection 2883,41786,Repo 870,Subversion
Client X,Org E,Project 165,Collection 2883,44200,Repo 6410,Jira
Client X,Org E,Project 165,Collection 2884,41787,Repo 871,Subversion
Client X,Org E,Project 165,Collection 2884,44201,Repo 6411,Jira
Client X,Org E,Project 165,Collection 2885,41788,Repo 872,Subversion
Client X,Org E,Project 165,Collection 2885,44202,Repo 6412,Jira
Client X,Org E,Project 165,Collection 2886,41789,Repo 873,Subversion
Client X,Org E,Project 165,Collection 2886,44203,Repo 6413,Jira
Client X,Org E,Project 165,Collection 2887,41790,Repo 874,Subversion
Client X,Org E,Project 165,Collection 2887,44204,Repo 6414,Jira
Client X,Org E,Project 165,Collection 530,41791,Repo 875,Subversion
Client X,Org E,Project 165,Collection 530,44205,Repo 6415,Jira
Client X,Org E,Project 165,Collection 525,41792,Repo 3485,Subversion
Client X,Org E,Project 165,Collection 525,44206,Repo 6373,Jira
Client X,Org E,Project 165,Collection 2888,41793,Repo 876,Subversion
Client X,Org E,Project 165,Collection 2888,44207,Repo 6416,Jira
Client X,Org E,Project 165,Collection 2889,41794,Repo 877,Subversion
Client X,Org E,Project 165,Collection 2889,44208,Repo 6417,Jira
Client X,Org E,Project 165,Collection 2890,41795,Repo 878,Subversion
Client X,Org E,Project 165,Collection 2890,44209,Repo 6418,Jira
Client X,Org E,Project 165,Collection 2891,41796,Repo 879,Subversion
Client X,Org E,Project 165,Collection 2891,44210,Repo 6419,Jira
Client X,Org E,Project 165,Collection 2892,41797,Repo 880,Subversion
Client X,Org E,Project 165,Collection 2892,44211,Repo 6420,Jira
Client X,Org E,Project 165,Collection 2893,41798,Repo 881,Subversion
Client X,Org E,Project 165,Collection 2893,44212,Repo 6421,Jira
Client X,Org E,Project 165,Collection 531,41799,Repo 882,Subversion
Client X,Org E,Project 165,Collection 531,44213,Repo 6422,Jira
Client X,Org E,Project 165,Collection 2894,41800,Repo 883,Subversion
Client X,Org E,Project 165,Collection 2894,44214,Repo 6423,Jira
Client X,Org E,Project 165,Collection 2895,41801,Repo 884,Subversion
Client X,Org E,Project 165,Collection 2895,44215,Repo 6424,Jira
Client X,Org E,Project 165,Collection 2896,41802,Repo 885,Subversion
Client X,Org E,Project 165,Collection 2896,44216,Repo 6425,Jira
Client X,Org E,Project 165,Collection 2897,41803,Repo 886,Subversion
Client X,Org E,Project 165,Collection 2897,44217,Repo 6426,Jira
Client X,Org E,Project 165,Collection 2898,41804,Repo 887,Subversion
Client X,Org E,Project 165,Collection 2898,44218,Repo 6427,Jira
Client X,Org E,Project 165,Collection 2899,41805,Repo 888,Subversion
Client X,Org E,Project 165,Collection 2899,44219,Repo 6428,Jira
Client X,Org E,Project 165,Collection 532,41806,Repo 889,Subversion
Client X,Org E,Project 165,Collection 532,44220,Repo 6429,Jira
Client X,Org E,Project 165,Collection 2900,41807,Repo 890,Subversion
Client X,Org E,Project 165,Collection 2900,44221,Repo 6430,Jira
Client X,Org E,Project 165,Collection 2901,41808,Repo 891,Subversion
Client X,Org E,Project 165,Collection 2901,44222,Repo 6431,Jira
Client X,Org E,Project 165,Collection 2902,41809,Repo 892,Subversion
Client X,Org E,Project 165,Collection 2902,44223,Repo 6432,Jira
Client X,Org E,Project 165,Collection 2903,41810,Repo 893,Subversion
Client X,Org E,Project 165,Collection 2903,44224,Repo 6433,Jira
Client X,Org E,Project 165,Collection 533,41811,Repo 894,Subversion
Client X,Org E,Project 165,Collection 533,44225,Repo 6434,Jira
Client X,Org E,Project 165,Collection 2851,41812,Repo 3486,Subversion
Client X,Org E,Project 165,Collection 2851,44226,Repo 6374,Jira
Client X,Org E,Project 165,Collection 534,41813,Repo 895,Subversion
Client X,Org E,Project 165,Collection 534,44227,Repo 6435,Jira
Client X,Org E,Project 165,Collection 2904,41814,Repo 896,Subversion
Client X,Org E,Project 165,Collection 2904,44228,Repo 6436,Jira
Client X,Org E,Project 165,Collection 2905,52372,Repo 897,Subversion
Client X,Org E,Project 165,Collection 2906,41815,Repo 898,Subversion
Client X,Org E,Project 165,Collection 2906,44229,Repo 6437,Jira
Client X,Org E,Project 165,Collection 535,41816,Repo 899,Subversion
Client X,Org E,Project 165,Collection 535,44230,Repo 6438,Jira
Client X,Org E,Project 165,Collection 2907,41817,Repo 900,Subversion
Client X,Org E,Project 165,Collection 2907,44231,Repo 6439,Jira
Client X,Org E,Project 165,Collection 2908,41818,Repo 901,Subversion
Client X,Org E,Project 165,Collection 2908,44232,Repo 6440,Jira
Client X,Org E,Project 165,Collection 2909,52373,Repo 902,Subversion
Client X,Org E,Project 165,Collection 2910,52374,Repo 903,Subversion
Client X,Org E,Project 165,Collection 2911,41819,Repo 904,Subversion
Client X,Org E,Project 165,Collection 2911,44233,Repo 6441,Jira
Client X,Org E,Project 165,Collection 2852,41820,Repo 3487,Subversion
Client X,Org E,Project 165,Collection 2852,44234,Repo 6375,Jira
Client X,Org E,Project 165,Collection 536,52375,Repo 3488,Subversion
Client X,Org E,Project 165,Collection 2912,52376,Repo 3489,Subversion
Client X,Org E,Project 165,Collection 2913,52377,Repo 3490,Subversion
Client X,Org E,Project 165,Collection 537,52378,Repo 3491,Subversion
Client X,Org E,Project 165,Collection 2914,41821,Repo 905,Subversion
Client X,Org E,Project 165,Collection 2914,44235,Repo 6442,Jira
Client X,Org E,Project 165,Collection 2915,41822,Repo 906,Subversion
Client X,Org E,Project 165,Collection 2915,44236,Repo 6443,Jira
Client X,Org E,Project 165,Collection 539,52379,Repo 3493,Subversion
Client X,Org E,Project 165,Collection 2916,79455,Repo 3494,Subversion
Client X,Org E,Project 165,Collection 2917,97269,Repo 3495,Subversion
Client X,Org E,Project 165,Collection 2918,97480,Repo 3496,Subversion
Client X,Org E,Project 165,Collection 2919,41823,Repo 908,Subversion
Client X,Org E,Project 165,Collection 2919,44237,Repo 6444,Jira
Client X,Org E,Project 165,Collection 2920,41824,Repo 909,Subversion
Client X,Org E,Project 165,Collection 2920,44238,Repo 6445,Jira
Client X,Org E,Project 165,Collection 2935,84075,Repo 3506,Subversion
Client X,Org E,Project 165,Collection 2949,52390,Repo 931,Subversion
Client X,Org E,Project 165,Collection 2958,41848,Repo 938,Subversion
Client X,Org E,Project 165,Collection 2958,44262,Repo 6472,Jira
Client X,Org E,Project 165,Collection 2978,52409,Repo 955,Subversion
Client X,Org E,Project 165,Collection 581,41870,Repo 971,Subversion
Client X,Org E,Project 165,Collection 581,44284,Repo 6497,Jira
Client X,Org E,Project 165,Collection 3099,41926,Repo 1036,Subversion
Client X,Org E,Project 165,Collection 3099,44340,Repo 6546,Jira
Client X,Org E,Project 165,Collection 625,41937,Repo 1052,Subversion
Client X,Org E,Project 165,Collection 625,44351,Repo 6557,Jira
Client X,Org E,Project 165,Collection 3120,41938,Repo 1054,Subversion
Client X,Org E,Project 165,Collection 3120,44352,Repo 6558,Jira
Client X,Org E,Project 165,Collection 628,41941,Repo 1058,Subversion
Client X,Org E,Project 165,Collection 628,44355,Repo 6561,Jira
Client X,Org E,Project 165,Collection 629,41942,Repo 1060,Subversion
Client X,Org E,Project 165,Collection 629,44356,Repo 6562,Jira
Client X,Org E,Project 165,Collection 680,43213,Repo 5329,Subversion
Client X,Org E,Project 165,Collection 680,45627,Repo 6603,Jira
Client X,Org E,Project 165,Collection 3238,41982,Repo 1125,Subversion
Client X,Org E,Project 165,Collection 3238,44396,Repo 6605,Jira
Client X,Org E,Project 165,Collection 792,42105,Repo 1295,Subversion
Client X,Org E,Project 165,Collection 792,44519,Repo 6728,Jira
Client X,Org E,Project 165,Collection 885,42250,Repo 1502,Subversion
Client X,Org E,Project 165,Collection 885,44664,Repo 6862,Jira
Client X,Org E,Project 165,Collection 3753,42256,Repo 1509,Subversion
Client X,Org E,Project 165,Collection 3753,44670,Repo 6867,Jira
Client X,Org E,Project 165,Collection 3776,42269,Repo 5640,Subversion
Client X,Org E,Project 165,Collection 3776,44683,Repo 6883,Jira
Client X,Org E,Project 165,Collection 3787,52858,Repo 1533,Subversion
Client X,Org E,Project 165,Collection 3794,43362,Repo 5506,Subversion
Client X,Org E,Project 165,Collection 3794,45776,Repo 6896,Jira
Client X,Org E,Project 165,Collection 3795,42279,Repo 1538,Subversion
Client X,Org E,Project 165,Collection 3795,44693,Repo 6897,Jira
Client X,Org E,Project 165,Collection 3796,52860,Repo 1539,Subversion
Client X,Org E,Project 165,Collection 940,42315,Repo 1602,Subversion
Client X,Org E,Project 165,Collection 940,44729,Repo 6937,Jira
Client X,Org E,Project 165,Collection 4004,42372,Repo 1682,Subversion
Client X,Org E,Project 165,Collection 4004,44786,Repo 6995,Jira
Client X,Org E,Project 165,Collection 4005,42373,Repo 1683,Subversion
Client X,Org E,Project 165,Collection 4005,44787,Repo 6996,Jira
Client X,Org E,Project 165,Collection 1031,42435,Repo 5647,Subversion
Client X,Org E,Project 165,Collection 1031,44849,Repo 7053,Jira
Client X,Org E,Project 165,Collection 1081,53081,Repo 1835,Subversion
Client X,Org E,Project 165,Collection 4335,53101,Repo 1882,Subversion
Client X,Org E,Project 165,Collection 4364,42545,Repo 5654,Subversion
Client X,Org E,Project 165,Collection 4364,44959,Repo 7162,Jira
Client X,Org E,Project 165,Collection 1183,42634,Repo 1999,Subversion
Client X,Org E,Project 165,Collection 1183,45048,Repo 7251,Jira
Client X,Org E,Project 165,Collection 4521,79515,Repo 4465,Subversion
Client X,Org E,Project 165,Collection 4541,53202,Repo 2017,Subversion
Client X,Org E,Project 165,Collection 1260,82654,Repo 4767,Subversion
Client X,Org E,Project 165,Collection 4842,84783,Repo 4768,Subversion
Client X,Org E,Project 165,Collection 4903,97503,Repo 4796,Subversion
Client X,Org E,Project 165,Collection 4916,43390,Repo 5553,Subversion
Client X,Org E,Project 165,Collection 4916,45804,Repo 7361,Jira
Client X,Org E,Project 165,Collection 4967,43391,Repo 5554,Subversion
Client X,Org E,Project 165,Collection 4967,45805,Repo 7377,Jira
Client X,Org E,Project 165,Collection 1291,42761,Repo 2170,Subversion
Client X,Org E,Project 165,Collection 1291,45175,Repo 7378,Jira
Client X,Org E,Project 165,Collection 5143,53469,Repo 2284,Subversion
Client X,Org E,Project 165,Collection 5175,43406,Repo 5571,Subversion
Client X,Org E,Project 165,Collection 5175,45820,Repo 7483,Jira
Client X,Org E,Project 165,Collection 5244,53519,Repo 2384,Subversion
Client X,Org E,Project 165,Collection 5302,42985,Repo 2417,Subversion
Client X,Org E,Project 165,Collection 5302,45399,Repo 7569,Jira
Client X,Org E,Project 165,Collection 5458,43057,Repo 2513,Subversion
Client X,Org E,Project 165,Collection 5458,45471,Repo 7630,Jira
Client X,Org E,Project 165,Collection 5459,43058,Repo 2514,Subversion
Client X,Org E,Project 165,Collection 5459,45472,Repo 7631,Jira
Client X,Org E,Project 165,Collection 1545,43107,Repo 2574,Subversion
Client X,Org E,Project 165,Collection 1545,45521,Repo 7678,Jira
Client X,Org E,Project 165,Collection 5553,53704,Repo 2576,Subversion
Client X,Org E,Project 165,Collection 5560,53707,Repo 5208,Subversion
Client X,Org E,Project 165,Collection 5571,43115,Repo 2586,Subversion
Client X,Org E,Project 165,Collection 5571,45529,Repo 7686,Jira
Client X,Org E,Project 166,Collection 1677,41139,Repo 71,Subversion
Client X,Org E,Project 166,Collection 1677,43553,Repo 5745,Jira
Client X,Org E,Project 166,Collection 256,41402,Repo 415,Subversion
Client X,Org E,Project 166,Collection 256,43816,Repo 6002,Jira
Client X,Org E,Project 166,Collection 3249,43346,Repo 5479,Subversion
Client X,Org E,Project 166,Collection 3249,45760,Repo 6612,Jira
Client X,Org E,Project 166,Collection 4269,42491,Repo 1837,Subversion
Client X,Org E,Project 166,Collection 4269,44905,Repo 7110,Jira
Client X,Org E,Project 166,Collection 5273,43410,Repo 5573,Subversion
Client X,Org E,Project 166,Collection 5273,45824,Repo 7558,Jira
Client X,Org E,Project 349,Collection 3251,52547,Repo 1134,Subversion
Client X,Org E,Project 350,Collection 3459,63924,Repo 3843,Subversion
Client X,Org E,Project 351,Collection 3216,82584,Repo 3691,Subversion
Client X,Org E,Project 351,Collection 5481,53662,Repo 5141,Subversion
Client X,Org E,Project 352,Collection 2720,52320,Repo 716,Subversion
Client X,Org E,Project 167,Collection 771,79341,Repo 3828,Subversion
Client X,Org E,Project 167,Collection 1045,79501,Repo 4242,Subversion
Client X,Org E,Project 353,Collection 3112,52482,Repo 1047,Subversion
Client X,Org E,Project 354,Collection 3377,52623,Repo 1227,Subversion
Client X,Org E,Project 354,Collection 4375,53114,Repo 1904,Subversion
Client X,Org E,Project 355,Collection 4833,53329,Repo 4764,Subversion
Client X,Org E,Project 356,Collection 2006,63812,Repo 2955,Subversion
Client X,Org E,Project 356,Collection 2265,64164,Repo 3120,Subversion
Client X,Org E,Project 356,Collection 2276,52143,Repo 5429,Subversion
Client X,Org E,Project 168,Collection 1364,42850,Repo 2262,Subversion
Client X,Org E,Project 168,Collection 1364,45264,Repo 7451,Jira
Client X,Org E,Project 357,Collection 1669,79302,Repo 2723,Subversion
Client X,Org E,Project 357,Collection 5657,97302,Repo 5267,Subversion
Client X,Org E,Project 358,Collection 1635,51845,Repo 34,Subversion
Client X,Org E,Project 358,Collection 1638,51848,Repo 38,Subversion
Client X,Org E,Project 358,Collection 4487,64020,Repo 4430,Subversion
Client X,Org E,Project 358,Collection 5306,53570,Repo 2418,Subversion
Client X,Org E,Project 358,Collection 5640,53742,Repo 2629,Subversion
Client X,Org E,Project 169,Collection 169,41301,Repo 278,Subversion
Client X,Org E,Project 169,Collection 169,43715,Repo 5900,Jira
Client X,Org E,Project 170,Collection 4151,42445,Repo 1767,Subversion
Client X,Org E,Project 170,Collection 4151,44859,Repo 7065,Jira
Client X,Org E,Project 170,Collection 1103,43373,Repo 5526,Subversion
Client X,Org E,Project 170,Collection 1103,45787,Repo 7147,Jira
Client X,Org E,Project 170,Collection 4464,42602,Repo 1968,Subversion
Client X,Org E,Project 170,Collection 4464,45016,Repo 7225,Jira
Client X,Org E,Project 171,Collection 2789,41704,Repo 777,Subversion
Client X,Org E,Project 171,Collection 2789,44118,Repo 6323,Jira
Client X,Org E,Project 171,Collection 501,43202,Repo 5319,Subversion
Client X,Org E,Project 171,Collection 501,45616,Repo 6334,Jira
Client X,Org E,Project 359,Collection 5006,42779,Repo 2188,Subversion
Client X,Org E,Project 359,Collection 5006,45193,Repo 7397,Jira
Client X,Org E,Project 360,Collection 2794,52345,Repo 782,Subversion
Client X,Org E,Project 361,Collection 1642,53760,Repo 2711,Subversion
Client X,Org E,Project 362,Collection 4441,53150,Repo 1945,Subversion
